id,member_id,loan_id,recorded_by,type,amount,date,notes
78fed352-37cd-5c11-8f73-92b4fb7fc5c9,7ce9968c-0a19-5d74-9c35-820ff9e1e6e8,,8469f799-0d87-44b4-84e9-b18f6a443ba3,savings_deposit,96,2025-09-14,Imported from meskerem 2018 (Ethiopian) collection sheet
d0c926d7-2313-5f48-a2f1-49d6e80d3263,e4827c78-8368-58d0-bf8c-92365bc84c75,,8469f799-0d87-44b4-84e9-b18f6a443ba3,savings_deposit,1000,2025-09-14,Imported from meskerem 2018 (Ethiopian) collection sheet
9c4048e1-f352-5c88-b238-323448547f9e,01d7976b-a494-5020-aac0-73df2dd9e31b,,8469f799-0d87-44b4-84e9-b18f6a443ba3,savings_deposit,550,2025-09-14,Imported from meskerem 2018 (Ethiopian) collection sheet
4a903242-e2c5-5008-833e-1272b8d7ccfb,76dd954f-2718-5744-aa59-ccb1748016b4,,8469f799-0d87-44b4-84e9-b18f6a443ba3,savings_deposit,500,2025-09-14,Imported from meskerem 2018 (Ethiopian) collection sheet
09b3e05b-280b-5bec-806f-e852ba4b3147,b4d56e1e-236f-5e82-8da0-abe9e0b93b56,,8469f799-0d87-44b4-84e9-b18f6a443ba3,savings_deposit,700,2025-09-14,Imported from meskerem 2018 (Ethiopian) collection sheet
06ec3627-acc0-5893-9d40-5bf4c64e1e36,ec993c4b-d61a-5880-9ca2-8474b057f3f6,,8469f799-0d87-44b4-84e9-b18f6a443ba3,savings_deposit,500,2025-09-14,Imported from meskerem 2018 (Ethiopian) collection sheet
e57c945d-953f-56ed-9bc2-3eeed0a4b16f,73beb1f6-b7bf-54aa-ab3e-eb494fdb1568,,8469f799-0d87-44b4-84e9-b18f6a443ba3,savings_deposit,8666,2025-09-14,Imported from meskerem 2018 (Ethiopian) collection sheet
a6ef5e69-a076-58bc-b38b-ff4c280209f6,bbe40192-271f-518c-bea6-c1478fc552c2,,8469f799-0d87-44b4-84e9-b18f6a443ba3,savings_deposit,400,2025-09-14,Imported from meskerem 2018 (Ethiopian) collection sheet
d6a85aa4-42d0-5997-b5c9-cc66c948be0c,bc3ac27a-453a-57a2-bd51-2bfb86496f27,,8469f799-0d87-44b4-84e9-b18f6a443ba3,savings_deposit,1000,2025-09-14,Imported from meskerem 2018 (Ethiopian) collection sheet
8660676c-acf3-5af8-b703-48efb970f02e,bac4fd55-4666-50ee-adee-4d2170814631,,8469f799-0d87-44b4-84e9-b18f6a443ba3,savings_deposit,1000,2025-09-14,Imported from meskerem 2018 (Ethiopian) collection sheet
538e0257-171f-5675-835b-7947f91f5bd4,bac4fd55-4666-50ee-adee-4d2170814631,,8469f799-0d87-44b4-84e9-b18f6a443ba3,share_purchase,500,2025-09-14,Imported from meskerem 2018 (Ethiopian) collection sheet
6cce4d6e-f2d3-55cb-9a41-36a000a6a8b2,3cb63966-4581-5528-b803-034ed796a796,,8469f799-0d87-44b4-84e9-b18f6a443ba3,savings_deposit,400,2025-09-14,Imported from meskerem 2018 (Ethiopian) collection sheet
650e07e3-f4c8-5d99-97b2-c981d9cf343c,3cb63966-4581-5528-b803-034ed796a796,,8469f799-0d87-44b4-84e9-b18f6a443ba3,penalty_payment,100,2025-09-14,Imported from meskerem 2018 (Ethiopian) collection sheet
3144467d-88b2-5a8b-ae80-4812eaf1b14b,a69a3a62-171b-5523-8fbe-54e569dd29d4,,8469f799-0d87-44b4-84e9-b18f6a443ba3,savings_deposit,500,2025-09-14,Imported from meskerem 2018 (Ethiopian) collection sheet
a7ccab8b-2459-5857-a8e9-5f3cb4fc3946,a7f75ced-fef8-5b0f-a28e-cd7f09043280,,8469f799-0d87-44b4-84e9-b18f6a443ba3,savings_deposit,299,2025-09-14,Imported from meskerem 2018 (Ethiopian) collection sheet
23f921d7-77ff-5dff-ae31-abc56d7af4bf,b89552e4-4718-56a1-a4f8-7c84e72e0506,,8469f799-0d87-44b4-84e9-b18f6a443ba3,savings_deposit,600,2025-09-14,Imported from meskerem 2018 (Ethiopian) collection sheet
b4a501f3-cd7c-502c-9f63-de8325317272,6d8f0a03-bc10-579e-a58f-2ffa42fcab6f,,8469f799-0d87-44b4-84e9-b18f6a443ba3,savings_deposit,440,2025-09-14,Imported from meskerem 2018 (Ethiopian) collection sheet
f6ad97af-83e1-57c1-8094-333ff3958be4,0c26b4c4-ac4c-5349-b995-958b76f2805e,,8469f799-0d87-44b4-84e9-b18f6a443ba3,savings_deposit,500,2025-09-14,Imported from meskerem 2018 (Ethiopian) collection sheet
a944a851-b365-5e9f-abfd-a18c9d5c677c,501a3774-7945-502f-8519-cff3445f53cf,,8469f799-0d87-44b4-84e9-b18f6a443ba3,savings_deposit,700,2025-09-14,Imported from meskerem 2018 (Ethiopian) collection sheet
be86fe2f-fe65-5e1c-a0f1-b77794d66ccf,247c6df0-a05e-541c-a00a-fb077be873f7,,8469f799-0d87-44b4-84e9-b18f6a443ba3,savings_deposit,299,2025-09-14,Imported from meskerem 2018 (Ethiopian) collection sheet
19fa9074-3b2c-55bd-839b-f35c824eb305,247c6df0-a05e-541c-a00a-fb077be873f7,,8469f799-0d87-44b4-84e9-b18f6a443ba3,share_purchase,2000,2025-09-14,Imported from meskerem 2018 (Ethiopian) collection sheet
8b8cf3b5-5bee-5a25-91ff-b8058c3e8a58,d56fc296-2f16-5e5a-9004-d4ad49c5658f,,8469f799-0d87-44b4-84e9-b18f6a443ba3,savings_deposit,1000,2025-09-14,Imported from meskerem 2018 (Ethiopian) collection sheet
5432a315-b18b-5241-a298-d8b481275349,5d001133-4abc-5416-8360-8277eeaead7d,,8469f799-0d87-44b4-84e9-b18f6a443ba3,savings_deposit,500,2025-09-14,Imported from meskerem 2018 (Ethiopian) collection sheet
6e29b6f0-b5ca-5ff0-88ca-fbb52b8712af,abe8c6ff-419f-5b7b-9b1e-b2622924be09,,8469f799-0d87-44b4-84e9-b18f6a443ba3,savings_deposit,1000,2025-09-14,Imported from meskerem 2018 (Ethiopian) collection sheet
2cdc15b7-4979-5ac9-85be-759b50818af3,e99acf91-e7a6-5999-8aed-0b4c34b2ee85,,8469f799-0d87-44b4-84e9-b18f6a443ba3,savings_deposit,400,2025-09-14,Imported from meskerem 2018 (Ethiopian) collection sheet
1017390f-3c03-533e-acb7-3ae0b49cc244,e75e482c-243f-5e13-aaac-15f1302dd157,,8469f799-0d87-44b4-84e9-b18f6a443ba3,savings_deposit,2000,2025-09-14,Imported from meskerem 2018 (Ethiopian) collection sheet
511c6303-8682-55b3-9c33-3af8f7734283,7b26a460-4f89-52ff-8930-60889b3fd875,,8469f799-0d87-44b4-84e9-b18f6a443ba3,savings_deposit,300,2025-09-14,Imported from meskerem 2018 (Ethiopian) collection sheet
dfd7a2da-0cfc-59fb-a5e2-9f5cd5253465,3c5a6fea-e69b-5312-9684-694c1ee6ebdf,,8469f799-0d87-44b4-84e9-b18f6a443ba3,savings_deposit,304,2025-09-14,Imported from meskerem 2018 (Ethiopian) collection sheet
d0aff438-d080-59d9-afef-1f56ba7318be,b828959c-5bea-560a-929d-1a5594da53d8,,8469f799-0d87-44b4-84e9-b18f6a443ba3,savings_deposit,304,2025-09-14,Imported from meskerem 2018 (Ethiopian) collection sheet
ad4253f6-d58a-5525-a1ff-0dc1f14d37ef,9a84e629-b9ce-5ae9-8a74-bb63c9db97b5,,8469f799-0d87-44b4-84e9-b18f6a443ba3,savings_deposit,307,2025-09-14,Imported from meskerem 2018 (Ethiopian) collection sheet
7a46a267-993b-5d42-b9ac-664bbfe202ac,a102851d-91d9-5d77-ab52-d018bd9be779,,8469f799-0d87-44b4-84e9-b18f6a443ba3,savings_deposit,1000,2025-09-14,Imported from meskerem 2018 (Ethiopian) collection sheet
88c1ee62-b2d4-51c3-bdc3-22db98b34e18,4b9a8348-f9f3-52df-8d17-50b8abdeaea6,,8469f799-0d87-44b4-84e9-b18f6a443ba3,savings_deposit,1000,2025-09-14,Imported from meskerem 2018 (Ethiopian) collection sheet
79e2b927-536a-57bd-8f14-eb23c1244dd2,edf171cb-7bb8-5f91-a0e7-0f5f8fecbead,,8469f799-0d87-44b4-84e9-b18f6a443ba3,savings_deposit,300,2025-09-14,Imported from meskerem 2018 (Ethiopian) collection sheet
52f85597-3024-5e1b-92b8-96d0967ac4af,6e18d32a-3bc0-52b7-8bfe-a677c478fa77,,8469f799-0d87-44b4-84e9-b18f6a443ba3,savings_deposit,1000,2025-09-14,Imported from meskerem 2018 (Ethiopian) collection sheet
2c5d1f48-f621-505e-8c91-56da8319effe,438c5624-fdbc-5263-965a-9e9da4524827,,8469f799-0d87-44b4-84e9-b18f6a443ba3,savings_deposit,500,2025-09-14,Imported from meskerem 2018 (Ethiopian) collection sheet
b84a5a1c-5c2f-564b-ae58-bdee0d6e0ed7,3f7f10e4-ecdb-55ad-891c-4a5c430edc1f,,8469f799-0d87-44b4-84e9-b18f6a443ba3,savings_deposit,899,2025-09-14,Imported from meskerem 2018 (Ethiopian) collection sheet
f95db84b-cb48-5f24-a13c-0c774aa950a7,f33516c1-ea10-5e53-b29f-9f0005ba22ee,,8469f799-0d87-44b4-84e9-b18f6a443ba3,savings_deposit,300,2025-09-14,Imported from meskerem 2018 (Ethiopian) collection sheet
e5359578-3ed8-563b-ad50-ad858c8e7c06,8e67885d-ff02-5d58-a570-e235a003f3ee,,8469f799-0d87-44b4-84e9-b18f6a443ba3,savings_deposit,833,2025-09-14,Imported from meskerem 2018 (Ethiopian) collection sheet
ce7fbf7c-8ee9-5552-8907-38d1894a1443,8e67885d-ff02-5d58-a570-e235a003f3ee,,8469f799-0d87-44b4-84e9-b18f6a443ba3,share_purchase,3000,2025-09-14,Imported from meskerem 2018 (Ethiopian) collection sheet
76842b9e-1d40-5331-9c1d-6d6a4d9d5b7d,1d3e31ef-6836-593b-86c9-a7ed487b2815,,8469f799-0d87-44b4-84e9-b18f6a443ba3,savings_deposit,500,2025-09-14,Imported from meskerem 2018 (Ethiopian) collection sheet
eb988e99-4e56-571e-bb29-ace5b1f08d05,1d3e31ef-6836-593b-86c9-a7ed487b2815,,8469f799-0d87-44b4-84e9-b18f6a443ba3,share_purchase,700,2025-09-14,Imported from meskerem 2018 (Ethiopian) collection sheet
98aaf985-88d6-5962-a642-8e9503c95e12,2903a34a-7dd7-5a18-bdc2-00f49fb2ea18,,8469f799-0d87-44b4-84e9-b18f6a443ba3,savings_deposit,500,2025-09-14,Imported from meskerem 2018 (Ethiopian) collection sheet
9227c38b-751f-5886-9dac-4026373b7dfb,57f27bbf-52f5-59d6-a6cd-46b8e16cf6cc,,8469f799-0d87-44b4-84e9-b18f6a443ba3,savings_deposit,1999,2025-09-14,Imported from meskerem 2018 (Ethiopian) collection sheet
2fface6c-bd19-5712-a657-7c1bad267a0f,57f27bbf-52f5-59d6-a6cd-46b8e16cf6cc,,8469f799-0d87-44b4-84e9-b18f6a443ba3,share_purchase,5000,2025-09-14,Imported from meskerem 2018 (Ethiopian) collection sheet
2e7f73fb-50a6-561c-9a1a-8eef28fd17e7,85b4d884-295f-5b4a-9797-d98a609456d1,,8469f799-0d87-44b4-84e9-b18f6a443ba3,savings_deposit,2000,2025-09-14,Imported from meskerem 2018 (Ethiopian) collection sheet
97d9f8c2-1e4d-5a61-9e2e-4784f4a45a8c,7bce6fd2-030a-5f79-8ff5-8fd865b85427,,8469f799-0d87-44b4-84e9-b18f6a443ba3,savings_deposit,500,2025-09-14,Imported from meskerem 2018 (Ethiopian) collection sheet
6c910dcc-2e7b-5415-9c5a-7bdcea5d6e15,f104d8fc-08c1-5425-af09-a40135783bf7,,8469f799-0d87-44b4-84e9-b18f6a443ba3,savings_deposit,1900,2025-09-14,Imported from meskerem 2018 (Ethiopian) collection sheet
1162cc79-dead-5cd0-a67c-956c733a88eb,f104d8fc-08c1-5425-af09-a40135783bf7,,8469f799-0d87-44b4-84e9-b18f6a443ba3,penalty_payment,100,2025-09-14,Imported from meskerem 2018 (Ethiopian) collection sheet
104397e3-f256-5934-8e37-6b0644cdadb4,f314716f-ef2a-5bee-8da5-c08e35551753,,8469f799-0d87-44b4-84e9-b18f6a443ba3,savings_deposit,299,2025-09-14,Imported from meskerem 2018 (Ethiopian) collection sheet
63f42299-f356-5c54-9ac8-bbd6480fb111,48f8809b-e76b-5fe0-8476-816fd1bf7a3d,,8469f799-0d87-44b4-84e9-b18f6a443ba3,savings_deposit,300,2025-09-14,Imported from meskerem 2018 (Ethiopian) collection sheet
5abbdf38-b34b-57ff-8c1d-ce6c992ed370,48f8809b-e76b-5fe0-8476-816fd1bf7a3d,,8469f799-0d87-44b4-84e9-b18f6a443ba3,share_purchase,500,2025-09-14,Imported from meskerem 2018 (Ethiopian) collection sheet
ad501528-929b-53eb-ae64-18e2010995f7,153d50f3-26e2-5d61-bf34-38615c211570,,8469f799-0d87-44b4-84e9-b18f6a443ba3,savings_deposit,300,2025-09-14,Imported from meskerem 2018 (Ethiopian) collection sheet
5088aa14-1baa-5e43-bd0c-22f58720ceae,153d50f3-26e2-5d61-bf34-38615c211570,,8469f799-0d87-44b4-84e9-b18f6a443ba3,share_purchase,696,2025-09-14,Imported from meskerem 2018 (Ethiopian) collection sheet
4fcea1ad-cdd4-5b65-93a7-02d4a9b50abc,e5b336ba-b0f3-55b3-8c80-2558ac0e5303,,8469f799-0d87-44b4-84e9-b18f6a443ba3,savings_deposit,2000,2025-09-14,Imported from meskerem 2018 (Ethiopian) collection sheet
414a85b7-d0ab-5147-a4e6-1d67a87ddb06,74de8801-16da-5088-ac85-37183499a068,,8469f799-0d87-44b4-84e9-b18f6a443ba3,savings_deposit,183,2025-09-14,Imported from meskerem 2018 (Ethiopian) collection sheet
e9c76f82-d95f-56f8-8c49-d5cda0444f65,74de8801-16da-5088-ac85-37183499a068,,8469f799-0d87-44b4-84e9-b18f6a443ba3,penalty_payment,100,2025-09-14,Imported from meskerem 2018 (Ethiopian) collection sheet
7b999e50-5066-5c71-836b-5c9a8c5b8645,931b0746-94f4-5576-8f61-cae6f5f4e9fb,,8469f799-0d87-44b4-84e9-b18f6a443ba3,savings_deposit,500,2025-09-14,Imported from meskerem 2018 (Ethiopian) collection sheet
1fb2189d-7403-5eb9-93a6-4212733d471b,a3d64128-76ea-59ec-b4bc-75f491ee497a,,8469f799-0d87-44b4-84e9-b18f6a443ba3,savings_deposit,300,2025-09-14,Imported from meskerem 2018 (Ethiopian) collection sheet
dc6548af-04ee-5785-a503-413b24e51203,853361d8-303e-5f8d-a5b8-e3f4eefa0cc0,,8469f799-0d87-44b4-84e9-b18f6a443ba3,savings_deposit,450,2025-09-14,Imported from meskerem 2018 (Ethiopian) collection sheet
f40a1db5-3cca-5cae-8ac3-fcf5bce19f61,853361d8-303e-5f8d-a5b8-e3f4eefa0cc0,,8469f799-0d87-44b4-84e9-b18f6a443ba3,penalty_payment,50,2025-09-14,Imported from meskerem 2018 (Ethiopian) collection sheet
ec98da54-fcfe-5789-a3dc-fa6d27180999,53ff7ea7-b493-5696-ac33-638e20ed23d6,,8469f799-0d87-44b4-84e9-b18f6a443ba3,savings_deposit,300,2025-09-14,Imported from meskerem 2018 (Ethiopian) collection sheet
3877859f-f847-5acf-b241-220d57e95598,ddb4d203-8783-5e23-9a3d-e72378bfa8c5,,8469f799-0d87-44b4-84e9-b18f6a443ba3,savings_deposit,699,2025-09-14,Imported from meskerem 2018 (Ethiopian) collection sheet
83b64a6d-2cc2-5430-a2d7-5ad01769b909,40f55d53-b6d1-5f39-87c3-7a1f51dba41f,,8469f799-0d87-44b4-84e9-b18f6a443ba3,savings_deposit,1000,2025-09-14,Imported from meskerem 2018 (Ethiopian) collection sheet
a76f96fd-227f-51b2-b75f-78f1900a1e86,190f76d1-882b-54af-a156-bf8336cf47bc,,8469f799-0d87-44b4-84e9-b18f6a443ba3,savings_deposit,500,2025-09-14,Imported from meskerem 2018 (Ethiopian) collection sheet
acf2f4f4-1eb3-5129-bec0-accd1f7b2396,2a9148cc-142c-550b-b7ba-dc80a11f4914,,8469f799-0d87-44b4-84e9-b18f6a443ba3,savings_deposit,1000,2025-09-14,Imported from meskerem 2018 (Ethiopian) collection sheet
ea0d30a7-99b9-53ce-ad61-d8b214cca9fe,063b4232-a6e8-5c72-8949-eac343337d09,,8469f799-0d87-44b4-84e9-b18f6a443ba3,savings_deposit,504,2025-09-14,Imported from meskerem 2018 (Ethiopian) collection sheet
d420cfa1-a080-5fdd-b501-6c6ab60855e2,e2583ea5-bea6-58c0-88f9-1dd731746ec6,,8469f799-0d87-44b4-84e9-b18f6a443ba3,savings_deposit,500,2025-09-14,Imported from meskerem 2018 (Ethiopian) collection sheet
ac5cfb66-dc1a-55f4-a182-fdee9702b638,e2583ea5-bea6-58c0-88f9-1dd731746ec6,,8469f799-0d87-44b4-84e9-b18f6a443ba3,share_purchase,800,2025-09-14,Imported from meskerem 2018 (Ethiopian) collection sheet
c4e8db3e-002f-59a8-ab59-572b49c7ca6e,291b70c1-e4ab-514f-a557-232a75feb979,,8469f799-0d87-44b4-84e9-b18f6a443ba3,savings_deposit,1000,2025-09-14,Imported from meskerem 2018 (Ethiopian) collection sheet
e89502cd-a1c3-5193-953a-ab231a788b8e,234ef2cd-10db-5e9f-b1a9-c0696ebce40d,,8469f799-0d87-44b4-84e9-b18f6a443ba3,savings_deposit,1000,2025-09-14,Imported from meskerem 2018 (Ethiopian) collection sheet
7a980f03-61c2-5ac5-9b2f-d4dd9b445d13,c0ec6910-d9a3-55c0-a9e2-a88a91225030,,8469f799-0d87-44b4-84e9-b18f6a443ba3,savings_deposit,490,2025-09-14,Imported from meskerem 2018 (Ethiopian) collection sheet
7796e2ba-facd-53d7-ad92-10f452b4c748,3061b4b5-43d6-5a2f-bc12-e65c7d0b2a07,,8469f799-0d87-44b4-84e9-b18f6a443ba3,savings_deposit,580,2025-09-14,Imported from meskerem 2018 (Ethiopian) collection sheet
5f21e6c1-4d7d-51d5-b5e1-ed023853bb94,46482174-29d4-5343-8060-527c13d865f2,,8469f799-0d87-44b4-84e9-b18f6a443ba3,savings_deposit,500,2025-09-14,Imported from meskerem 2018 (Ethiopian) collection sheet
9fa1dc20-4e03-571f-95a7-a693d4aa5fff,46482174-29d4-5343-8060-527c13d865f2,,8469f799-0d87-44b4-84e9-b18f6a443ba3,share_purchase,3500,2025-09-14,Imported from meskerem 2018 (Ethiopian) collection sheet
6bfd1a9d-5d4f-5fe8-aaa0-38b579d4eefe,5ddc26e5-de48-59a0-83d7-94f66b9e4603,,8469f799-0d87-44b4-84e9-b18f6a443ba3,savings_deposit,1000,2025-09-14,Imported from meskerem 2018 (Ethiopian) collection sheet
6f74727e-c43a-5c9b-8572-cf0d41fe908a,5ddc26e5-de48-59a0-83d7-94f66b9e4603,,8469f799-0d87-44b4-84e9-b18f6a443ba3,share_purchase,1000,2025-09-14,Imported from meskerem 2018 (Ethiopian) collection sheet
d290cd71-7e4c-5b26-b93f-1faf3f60350a,f34fe5ba-00a1-513e-ba67-47de67cfb5e0,,8469f799-0d87-44b4-84e9-b18f6a443ba3,savings_deposit,500,2025-09-14,Imported from meskerem 2018 (Ethiopian) collection sheet
0815ef89-5f32-5ae7-a606-893d1bee31aa,e56738c4-4c2f-5a94-9f05-992ceed2b0d3,,8469f799-0d87-44b4-84e9-b18f6a443ba3,savings_deposit,500,2025-09-14,Imported from meskerem 2018 (Ethiopian) collection sheet
ea6a4257-9a26-53ad-9193-c20a45b56e21,e56738c4-4c2f-5a94-9f05-992ceed2b0d3,,8469f799-0d87-44b4-84e9-b18f6a443ba3,share_purchase,500,2025-09-14,Imported from meskerem 2018 (Ethiopian) collection sheet
3fbd5851-8cad-5bcd-81b3-c64b31a9fd9a,525ba4e9-91e9-5ad0-9f9c-8861cfbb699d,,8469f799-0d87-44b4-84e9-b18f6a443ba3,savings_deposit,400,2025-09-14,Imported from meskerem 2018 (Ethiopian) collection sheet
dccf1416-4089-5696-8edc-e4f54d951bba,5cce1f82-3f5e-5e69-920e-b32eba9c0204,,8469f799-0d87-44b4-84e9-b18f6a443ba3,savings_deposit,500,2025-09-14,Imported from meskerem 2018 (Ethiopian) collection sheet
27b33313-e1dc-505b-a018-a79c7cbefbae,45af6e13-a8f4-56f2-8ef9-b73c7dd5cdd1,,8469f799-0d87-44b4-84e9-b18f6a443ba3,savings_deposit,799,2025-09-14,Imported from meskerem 2018 (Ethiopian) collection sheet
1c50a99c-7fcb-5a4f-bd78-678266b80d7c,6c1cccc7-063d-5548-96bf-c8b76b4609bc,,8469f799-0d87-44b4-84e9-b18f6a443ba3,savings_deposit,403,2025-09-14,Imported from meskerem 2018 (Ethiopian) collection sheet
12bb740c-ca2a-57ab-b3ed-fc446218f020,6c1cccc7-063d-5548-96bf-c8b76b4609bc,,8469f799-0d87-44b4-84e9-b18f6a443ba3,penalty_payment,100,2025-09-14,Imported from meskerem 2018 (Ethiopian) collection sheet
1fbd20cf-36d9-5d17-9b64-f4f1951cc41e,b26cc191-dfba-5022-9572-99257f2fd021,,8469f799-0d87-44b4-84e9-b18f6a443ba3,penalty_payment,100,2025-09-14,Imported from meskerem 2018 (Ethiopian) collection sheet
3b3c60d2-57e7-57df-bf6d-e7c16413993b,f1f985d6-f79a-5a7e-9417-a15eac7249c0,,8469f799-0d87-44b4-84e9-b18f6a443ba3,savings_deposit,899,2025-09-14,Imported from meskerem 2018 (Ethiopian) collection sheet
83fbbd43-e8ca-50e0-a17f-9a4b2173fcd0,f1f985d6-f79a-5a7e-9417-a15eac7249c0,,8469f799-0d87-44b4-84e9-b18f6a443ba3,penalty_payment,100,2025-09-14,Imported from meskerem 2018 (Ethiopian) collection sheet
174de4b5-3477-52b0-b05a-97d8add85dfb,fa2151db-7eef-5c30-9e07-8de3985ca350,,8469f799-0d87-44b4-84e9-b18f6a443ba3,savings_deposit,799,2025-09-14,Imported from meskerem 2018 (Ethiopian) collection sheet
16205cd3-e661-5c7f-8914-56ad4cb1c87f,57956ee2-c849-545e-b15b-4724a8b68210,,8469f799-0d87-44b4-84e9-b18f6a443ba3,savings_deposit,300,2025-09-14,Imported from meskerem 2018 (Ethiopian) collection sheet
5796077c-810a-586b-8ac7-ac697e96e22f,57956ee2-c849-545e-b15b-4724a8b68210,,8469f799-0d87-44b4-84e9-b18f6a443ba3,share_purchase,1000,2025-09-14,Imported from meskerem 2018 (Ethiopian) collection sheet
8720fa6a-7e37-50a5-acb8-70aba1007beb,3d0bbb7f-ffd0-58b8-a762-659e62ff49c6,,8469f799-0d87-44b4-84e9-b18f6a443ba3,savings_deposit,300,2025-09-14,Imported from meskerem 2018 (Ethiopian) collection sheet
b224a161-39c4-5160-b515-27e16db1ac33,3d0bbb7f-ffd0-58b8-a762-659e62ff49c6,,8469f799-0d87-44b4-84e9-b18f6a443ba3,share_purchase,500,2025-09-14,Imported from meskerem 2018 (Ethiopian) collection sheet
134aaaff-5235-5961-b261-9627c0755081,851c52ee-df4c-5558-bf08-b4d8183abfa5,,8469f799-0d87-44b4-84e9-b18f6a443ba3,savings_deposit,916,2025-09-14,Imported from meskerem 2018 (Ethiopian) collection sheet
9b8c076d-b50d-5b19-9f70-a7b5b5463947,7c5ca725-9ded-56ac-b940-fac936b46282,,8469f799-0d87-44b4-84e9-b18f6a443ba3,savings_deposit,300,2025-09-14,Imported from meskerem 2018 (Ethiopian) collection sheet
960365ef-e0d5-59bd-b9be-bd1e1261a3f3,aad6fb2e-75fe-52ed-b422-b6f3666b5d3e,,8469f799-0d87-44b4-84e9-b18f6a443ba3,savings_deposit,300,2025-09-14,Imported from meskerem 2018 (Ethiopian) collection sheet
4aaed786-6963-5c52-a46a-205d550a2c50,aad6fb2e-75fe-52ed-b422-b6f3666b5d3e,,8469f799-0d87-44b4-84e9-b18f6a443ba3,share_purchase,2000,2025-09-14,Imported from meskerem 2018 (Ethiopian) collection sheet
481915e0-3904-54ac-924c-aadb51c7b10f,36fd29c5-a786-5484-b733-86fbfe2c1184,,8469f799-0d87-44b4-84e9-b18f6a443ba3,savings_deposit,400,2025-09-14,Imported from meskerem 2018 (Ethiopian) collection sheet
e8cca939-3001-5846-acbd-19b381b0d844,36fd29c5-a786-5484-b733-86fbfe2c1184,,8469f799-0d87-44b4-84e9-b18f6a443ba3,penalty_payment,100,2025-09-14,Imported from meskerem 2018 (Ethiopian) collection sheet
d0319380-3238-5572-952b-092f50586a8e,455b7b7c-a0ec-5e51-9939-03896ecd0f48,,8469f799-0d87-44b4-84e9-b18f6a443ba3,savings_deposit,300,2025-09-14,Imported from meskerem 2018 (Ethiopian) collection sheet
7775b554-d09b-56de-9f69-fda1bfc0d6c4,92ece406-1c58-5c89-ab67-c39497211f35,,8469f799-0d87-44b4-84e9-b18f6a443ba3,savings_deposit,900,2025-09-14,Imported from meskerem 2018 (Ethiopian) collection sheet
89088773-65bb-53fc-afcc-7434c8175c2b,92ece406-1c58-5c89-ab67-c39497211f35,,8469f799-0d87-44b4-84e9-b18f6a443ba3,penalty_payment,100,2025-09-14,Imported from meskerem 2018 (Ethiopian) collection sheet
3d1c65d2-4a43-5308-a0fe-04c0ce2c509a,ad62a251-c5c5-57dd-8560-f3108d7e018d,,8469f799-0d87-44b4-84e9-b18f6a443ba3,savings_deposit,900,2025-09-14,Imported from meskerem 2018 (Ethiopian) collection sheet
d47fcf91-9a9b-5c19-9beb-a20b1df52302,ad62a251-c5c5-57dd-8560-f3108d7e018d,,8469f799-0d87-44b4-84e9-b18f6a443ba3,penalty_payment,100,2025-09-14,Imported from meskerem 2018 (Ethiopian) collection sheet
c5938e19-afec-5440-bd54-85893417a621,702a64d1-c195-57b1-a80b-b826bdb158e3,,8469f799-0d87-44b4-84e9-b18f6a443ba3,savings_deposit,1635,2025-09-14,Imported from meskerem 2018 (Ethiopian) collection sheet
08b57081-d722-561b-9052-ade70bc2a2a7,702a64d1-c195-57b1-a80b-b826bdb158e3,,8469f799-0d87-44b4-84e9-b18f6a443ba3,penalty_payment,100,2025-09-14,Imported from meskerem 2018 (Ethiopian) collection sheet
f8216ca2-e491-5d03-96e6-4d524601d0de,a53169c6-8855-52ab-958f-9f12cb9a5575,,8469f799-0d87-44b4-84e9-b18f6a443ba3,savings_deposit,200,2025-09-14,Imported from meskerem 2018 (Ethiopian) collection sheet
aa32106d-a11b-5629-9a2d-c8b02329dd36,a53169c6-8855-52ab-958f-9f12cb9a5575,,8469f799-0d87-44b4-84e9-b18f6a443ba3,penalty_payment,100,2025-09-14,Imported from meskerem 2018 (Ethiopian) collection sheet
1f9348ca-9533-50dc-ab1d-5e4bfaa0083b,b3753ad4-8917-51cb-bcf2-00be4a652cf5,,8469f799-0d87-44b4-84e9-b18f6a443ba3,savings_deposit,397,2025-09-14,Imported from meskerem 2018 (Ethiopian) collection sheet
ced07f27-4307-5630-9f3f-013588f537f7,4eddb914-b607-5910-8203-d43303149149,,8469f799-0d87-44b4-84e9-b18f6a443ba3,savings_deposit,769,2025-09-14,Imported from meskerem 2018 (Ethiopian) collection sheet
826f07f8-60b2-54e2-b847-bca6f250b6e2,e80494f0-91cb-543b-a13a-cf7a4d60e8b2,,8469f799-0d87-44b4-84e9-b18f6a443ba3,savings_deposit,2000,2025-09-14,Imported from meskerem 2018 (Ethiopian) collection sheet
c50b7dc3-943c-5889-b65f-ae551c258180,0fbc5235-dbf9-5b35-a480-3b8a77a7f965,,8469f799-0d87-44b4-84e9-b18f6a443ba3,savings_deposit,1400,2025-09-14,Imported from meskerem 2018 (Ethiopian) collection sheet
f7ad836b-fe6d-5fe6-8d0b-79d9a8a07e18,0fbc5235-dbf9-5b35-a480-3b8a77a7f965,,8469f799-0d87-44b4-84e9-b18f6a443ba3,penalty_payment,200,2025-09-14,Imported from meskerem 2018 (Ethiopian) collection sheet
3232e64f-44d2-56b6-895d-a63605ab3af4,0a763b72-8599-5994-a69c-29167da29bf0,,8469f799-0d87-44b4-84e9-b18f6a443ba3,savings_deposit,800,2025-09-14,Imported from meskerem 2018 (Ethiopian) collection sheet
3d0437c4-bcdc-5a42-847e-c90de40698e8,0a763b72-8599-5994-a69c-29167da29bf0,,8469f799-0d87-44b4-84e9-b18f6a443ba3,penalty_payment,200,2025-09-14,Imported from meskerem 2018 (Ethiopian) collection sheet
46707701-de0d-5748-8c73-280b33b8452e,39b48c41-03c3-5fbf-a867-a7f46fa34122,,8469f799-0d87-44b4-84e9-b18f6a443ba3,savings_deposit,300,2025-09-14,Imported from meskerem 2018 (Ethiopian) collection sheet
b6f2a3f5-7276-5df0-ae8b-b96bf11cf422,ca334b3d-3acd-52a7-983e-ec5b0e203b72,,8469f799-0d87-44b4-84e9-b18f6a443ba3,savings_deposit,1044,2025-09-14,Imported from meskerem 2018 (Ethiopian) collection sheet
0a5b506a-0f67-5bf3-9e03-69c162bcff2b,3c2609c2-54e1-5a48-9a86-1bc3e84f3051,,8469f799-0d87-44b4-84e9-b18f6a443ba3,savings_deposit,2000,2025-09-14,Imported from meskerem 2018 (Ethiopian) collection sheet
1f2db1f2-608c-55d7-ad64-af57c8d41f87,125f3d29-ba17-5171-83d2-afeea46bbc03,,8469f799-0d87-44b4-84e9-b18f6a443ba3,savings_deposit,300,2025-09-14,Imported from meskerem 2018 (Ethiopian) collection sheet
e4538554-276f-5b22-a72f-c141309756bd,1a488e67-9018-5d60-b55e-10337a44cc31,,8469f799-0d87-44b4-84e9-b18f6a443ba3,savings_deposit,400,2025-09-14,Imported from meskerem 2018 (Ethiopian) collection sheet
6c6318f2-5d0f-5b73-a7ca-42e76a0ee357,1a488e67-9018-5d60-b55e-10337a44cc31,,8469f799-0d87-44b4-84e9-b18f6a443ba3,share_purchase,1000,2025-09-14,Imported from meskerem 2018 (Ethiopian) collection sheet
4ceebefe-93c8-5715-ab6f-2c2d39f1fcd1,1a488e67-9018-5d60-b55e-10337a44cc31,,8469f799-0d87-44b4-84e9-b18f6a443ba3,penalty_payment,100,2025-09-14,Imported from meskerem 2018 (Ethiopian) collection sheet
d022cafa-c618-589e-892f-f0b0c994c0f9,11f52fd5-83dc-5f81-adbc-b62c4720f4fb,,8469f799-0d87-44b4-84e9-b18f6a443ba3,savings_deposit,1200,2025-09-14,Imported from meskerem 2018 (Ethiopian) collection sheet
5a0900fc-26c6-5805-a803-ac524ceeccae,11f52fd5-83dc-5f81-adbc-b62c4720f4fb,,8469f799-0d87-44b4-84e9-b18f6a443ba3,penalty_payment,50,2025-09-14,Imported from meskerem 2018 (Ethiopian) collection sheet
43f94170-87f3-562b-80ca-df49b1932e0d,8032a0c2-dae9-57ba-86fc-1a9d80962ddf,,8469f799-0d87-44b4-84e9-b18f6a443ba3,savings_deposit,600,2025-09-14,Imported from meskerem 2018 (Ethiopian) collection sheet
9161258c-365a-5f3d-a7e1-df05adb425ad,8032a0c2-dae9-57ba-86fc-1a9d80962ddf,,8469f799-0d87-44b4-84e9-b18f6a443ba3,share_purchase,400,2025-09-14,Imported from meskerem 2018 (Ethiopian) collection sheet
812180b3-251d-5f6f-8ac8-20188ab464c6,71f4c2a5-fe70-5477-a35d-3ffbef658197,,8469f799-0d87-44b4-84e9-b18f6a443ba3,savings_deposit,1000,2025-09-14,Imported from meskerem 2018 (Ethiopian) collection sheet
2ad2316e-c5a0-5654-aa96-b0bd220f4060,71f4c2a5-fe70-5477-a35d-3ffbef658197,,8469f799-0d87-44b4-84e9-b18f6a443ba3,share_purchase,534,2025-09-14,Imported from meskerem 2018 (Ethiopian) collection sheet
d49f5bce-a435-5508-ad61-7cf0b13fd06a,f2f1058c-5d30-5571-8877-d28487edbe16,,8469f799-0d87-44b4-84e9-b18f6a443ba3,savings_deposit,554,2025-09-14,Imported from meskerem 2018 (Ethiopian) collection sheet
2f610c66-efe8-5e25-b798-de04c7d094b3,34dd36a5-118a-5e12-a67f-3b49d921bb51,,8469f799-0d87-44b4-84e9-b18f6a443ba3,savings_deposit,1000,2025-09-14,Imported from meskerem 2018 (Ethiopian) collection sheet
518ee353-f68a-5e0d-ad97-eeddfada2e07,6f5c0e57-34ab-5a5f-9d91-ae406320fc26,,8469f799-0d87-44b4-84e9-b18f6a443ba3,savings_deposit,900,2025-09-14,Imported from meskerem 2018 (Ethiopian) collection sheet
b292bc0b-b4db-5341-8036-1b8d29201415,6f5c0e57-34ab-5a5f-9d91-ae406320fc26,,8469f799-0d87-44b4-84e9-b18f6a443ba3,penalty_payment,100,2025-09-14,Imported from meskerem 2018 (Ethiopian) collection sheet
68a75d17-7a50-5cac-afa7-3c5d54e98038,8cd9b157-768a-527a-90b5-2d0d4628c94a,,8469f799-0d87-44b4-84e9-b18f6a443ba3,savings_deposit,850,2025-09-14,Imported from meskerem 2018 (Ethiopian) collection sheet
581a0ae8-f220-581b-8702-3c1d05762435,8cd9b157-768a-527a-90b5-2d0d4628c94a,,8469f799-0d87-44b4-84e9-b18f6a443ba3,penalty_payment,100,2025-09-14,Imported from meskerem 2018 (Ethiopian) collection sheet
513e17f8-8348-5ba9-bcff-5fef64d3d681,354b4c37-2e0b-5f50-923f-75e9c0064233,,8469f799-0d87-44b4-84e9-b18f6a443ba3,savings_deposit,500,2025-09-14,Imported from meskerem 2018 (Ethiopian) collection sheet
5ecefffc-6c9f-5610-8da3-b3003090208a,c74a373f-3f8b-59a4-b68d-a6569e7e8345,,8469f799-0d87-44b4-84e9-b18f6a443ba3,penalty_payment,706,2025-09-14,Imported from meskerem 2018 (Ethiopian) collection sheet
3fc34528-1d9b-578f-94d7-8b4325381e4a,977128b0-a9c7-513f-8db5-812416bc280f,,8469f799-0d87-44b4-84e9-b18f6a443ba3,savings_deposit,300,2025-09-14,Imported from meskerem 2018 (Ethiopian) collection sheet
12857762-5aca-51de-9e57-c00b7e784c48,a1f289ae-ae47-540a-9fe1-8887c6c02727,,8469f799-0d87-44b4-84e9-b18f6a443ba3,savings_deposit,299,2025-09-14,Imported from meskerem 2018 (Ethiopian) collection sheet
e59f7713-bb1b-58de-bfa8-da93c847ef80,f4d3c897-4e25-51d1-bd31-b5266a7f6180,,8469f799-0d87-44b4-84e9-b18f6a443ba3,savings_deposit,500,2025-09-14,Imported from meskerem 2018 (Ethiopian) collection sheet
27ec28f6-0d58-59e1-9bc2-2d1f60656077,cd0872ad-8f7d-5a15-b293-edc89f474de3,,8469f799-0d87-44b4-84e9-b18f6a443ba3,savings_deposit,532,2025-09-14,Imported from meskerem 2018 (Ethiopian) collection sheet
0c034966-ea6a-5ab1-8b86-6905b72253df,2e5e1ac8-b2fe-5bd4-a1e3-f4032579bda0,,8469f799-0d87-44b4-84e9-b18f6a443ba3,savings_deposit,500,2025-09-14,Imported from meskerem 2018 (Ethiopian) collection sheet
6eabf1af-2c48-5582-86f5-30871d2921a5,10f1f992-35ba-5068-a0f7-9f831a267ccb,,8469f799-0d87-44b4-84e9-b18f6a443ba3,savings_deposit,1001,2025-09-14,Imported from meskerem 2018 (Ethiopian) collection sheet
627fc12f-378b-5964-8348-e574442042fb,051eb74f-3bea-595a-a4dc-f08b2b9bf711,,8469f799-0d87-44b4-84e9-b18f6a443ba3,savings_deposit,500,2025-09-14,Imported from meskerem 2018 (Ethiopian) collection sheet
1acac2f1-7236-5877-9610-b21edab05eac,4eed4f71-e460-5a5b-9916-34719987c2aa,,8469f799-0d87-44b4-84e9-b18f6a443ba3,savings_deposit,1000,2025-09-14,Imported from meskerem 2018 (Ethiopian) collection sheet
4a7e0cf5-6551-51fa-bdc8-8da5ee580897,3d152d6f-ed5b-5cce-82c4-f386a9ee0ce4,,8469f799-0d87-44b4-84e9-b18f6a443ba3,savings_deposit,330,2025-09-14,Imported from meskerem 2018 (Ethiopian) collection sheet
3f916519-a81e-5a06-ade5-77a1dad51494,54dcf52c-ffc8-508a-83e0-26063fb2621a,,8469f799-0d87-44b4-84e9-b18f6a443ba3,savings_deposit,509,2025-09-14,Imported from meskerem 2018 (Ethiopian) collection sheet
9c443991-942c-57b1-b83c-1deed9c54185,c8989434-079a-5278-9c33-cac561d3427a,,8469f799-0d87-44b4-84e9-b18f6a443ba3,savings_deposit,500,2025-09-14,Imported from meskerem 2018 (Ethiopian) collection sheet
5eb2a4d7-29d1-5839-b821-2c82c78efbfb,c8989434-079a-5278-9c33-cac561d3427a,,8469f799-0d87-44b4-84e9-b18f6a443ba3,share_purchase,855,2025-09-14,Imported from meskerem 2018 (Ethiopian) collection sheet
70eac3bc-2d22-50b2-a2af-3cbb6b644f61,0a09f5ef-5adc-5dbb-b71c-6ea36ec43987,,8469f799-0d87-44b4-84e9-b18f6a443ba3,savings_deposit,1000,2025-09-14,Imported from meskerem 2018 (Ethiopian) collection sheet
d17115af-0cd6-5ce7-8eb2-ea0190981791,2f80699b-30f8-50d9-b2c6-484d7f9dc1ec,,8469f799-0d87-44b4-84e9-b18f6a443ba3,savings_deposit,300,2025-09-14,Imported from meskerem 2018 (Ethiopian) collection sheet
c9318256-303b-5ea4-bf50-b7c91eb64eaa,d4a87532-6f1f-5375-ab91-a2951df1615b,,8469f799-0d87-44b4-84e9-b18f6a443ba3,savings_deposit,401,2025-09-14,Imported from meskerem 2018 (Ethiopian) collection sheet
373b0872-44b7-5fa6-98b9-d342e77b443d,170f7791-7bf0-577c-a043-64fb779a31d9,,8469f799-0d87-44b4-84e9-b18f6a443ba3,savings_deposit,600,2025-09-14,Imported from meskerem 2018 (Ethiopian) collection sheet
3e05283e-7d18-5ec5-83ae-a72f04d2c44e,170f7791-7bf0-577c-a043-64fb779a31d9,,8469f799-0d87-44b4-84e9-b18f6a443ba3,share_purchase,2300,2025-09-14,Imported from meskerem 2018 (Ethiopian) collection sheet
270e6c31-7367-573a-bfed-155de707f82d,170f7791-7bf0-577c-a043-64fb779a31d9,,8469f799-0d87-44b4-84e9-b18f6a443ba3,penalty_payment,150,2025-09-14,Imported from meskerem 2018 (Ethiopian) collection sheet
a080950e-067e-5ae0-bedf-cdc34427f95e,00996b02-5241-589e-aeb7-425449f40eb8,,8469f799-0d87-44b4-84e9-b18f6a443ba3,savings_deposit,1000,2025-09-14,Imported from meskerem 2018 (Ethiopian) collection sheet
1af15841-ac90-5666-8a22-fb5b896e530b,00996b02-5241-589e-aeb7-425449f40eb8,,8469f799-0d87-44b4-84e9-b18f6a443ba3,share_purchase,1000,2025-09-14,Imported from meskerem 2018 (Ethiopian) collection sheet
9bccdbdb-a4bd-5a97-b8a4-e80f0aadc605,beb33a9f-37f1-5872-8cb9-1e26996f8407,,8469f799-0d87-44b4-84e9-b18f6a443ba3,savings_deposit,500,2025-09-14,Imported from meskerem 2018 (Ethiopian) collection sheet
afc2588b-15d3-523d-b0a9-48df7c5aa5f5,bdb182bc-d9f0-5a24-932e-123d5da6612b,,8469f799-0d87-44b4-84e9-b18f6a443ba3,savings_deposit,200,2025-09-14,Imported from meskerem 2018 (Ethiopian) collection sheet
2e612af7-2266-5885-a287-a093a6400345,bdb182bc-d9f0-5a24-932e-123d5da6612b,,8469f799-0d87-44b4-84e9-b18f6a443ba3,penalty_payment,100,2025-09-14,Imported from meskerem 2018 (Ethiopian) collection sheet
076cb04c-2dbe-5fb5-8578-62da631e83dd,991e35bc-30fb-5dc8-ac2b-8018c60eddb2,,8469f799-0d87-44b4-84e9-b18f6a443ba3,savings_deposit,500,2025-09-14,Imported from meskerem 2018 (Ethiopian) collection sheet
aadc5fc1-7451-5695-a74b-a78a61618431,62734299-08da-5759-bcec-2ee0c758799c,,8469f799-0d87-44b4-84e9-b18f6a443ba3,savings_deposit,299,2025-09-14,Imported from meskerem 2018 (Ethiopian) collection sheet
d2e304d5-a023-5f25-8a02-7b5391c8c45e,657f1680-7a2b-5bac-8c63-4b8e6d343813,,8469f799-0d87-44b4-84e9-b18f6a443ba3,savings_deposit,510,2025-09-14,Imported from meskerem 2018 (Ethiopian) collection sheet
b4569d7a-9ea8-5d57-9859-12ad93c21a78,869176ce-c515-5353-b0dd-d5925b52340d,,8469f799-0d87-44b4-84e9-b18f6a443ba3,savings_deposit,300,2025-09-14,Imported from meskerem 2018 (Ethiopian) collection sheet
5231102e-3ef4-5bda-8282-0bd247e39f6c,1de9385b-94da-5913-8519-c4d9da1f84a0,,8469f799-0d87-44b4-84e9-b18f6a443ba3,savings_deposit,1350,2025-09-14,Imported from meskerem 2018 (Ethiopian) collection sheet
bfbd50a9-0e95-5ef5-943e-47efd9904e93,1de9385b-94da-5913-8519-c4d9da1f84a0,,8469f799-0d87-44b4-84e9-b18f6a443ba3,penalty_payment,450,2025-09-14,Imported from meskerem 2018 (Ethiopian) collection sheet
93f43133-06e9-5e24-987c-ae31e912d035,aee4b7df-f455-5168-970e-5b37cd8740d3,,8469f799-0d87-44b4-84e9-b18f6a443ba3,savings_deposit,400,2025-09-14,Imported from meskerem 2018 (Ethiopian) collection sheet
e9df75ff-c0dd-5673-af2d-fa2a5e01a542,d7d27b5f-57d6-5506-9ce7-7ab56fd82b56,,8469f799-0d87-44b4-84e9-b18f6a443ba3,savings_deposit,900,2025-09-14,Imported from meskerem 2018 (Ethiopian) collection sheet
da12917b-602f-50fa-aa66-2a90f2f56bc6,d7d27b5f-57d6-5506-9ce7-7ab56fd82b56,,8469f799-0d87-44b4-84e9-b18f6a443ba3,penalty_payment,150,2025-09-14,Imported from meskerem 2018 (Ethiopian) collection sheet
e71c21c2-7afb-55eb-a433-78a658021588,3bbb05b3-76ad-58f1-891b-6777e08fe734,,8469f799-0d87-44b4-84e9-b18f6a443ba3,savings_deposit,400,2025-09-14,Imported from meskerem 2018 (Ethiopian) collection sheet
b89a9258-4870-5be6-80be-f9a8161ce4a3,3bbb05b3-76ad-58f1-891b-6777e08fe734,,8469f799-0d87-44b4-84e9-b18f6a443ba3,penalty_payment,100,2025-09-14,Imported from meskerem 2018 (Ethiopian) collection sheet
045e6b55-4db2-5a8c-97f6-78adb177f35d,f4772095-a982-5f67-9483-de5bd0269aa2,,8469f799-0d87-44b4-84e9-b18f6a443ba3,savings_deposit,700,2025-09-14,Imported from meskerem 2018 (Ethiopian) collection sheet
70082edb-5433-519e-96fe-f18ffa4c7837,b1242fc4-085a-59d9-bd25-3d53db393a95,,8469f799-0d87-44b4-84e9-b18f6a443ba3,savings_deposit,300,2025-09-14,Imported from meskerem 2018 (Ethiopian) collection sheet
c96c05cd-fc4d-5266-97a0-ad8773b99977,73e6cb68-bbf3-5dd1-84d3-1cba1163b07f,,8469f799-0d87-44b4-84e9-b18f6a443ba3,savings_deposit,300,2025-09-14,Imported from meskerem 2018 (Ethiopian) collection sheet
2e9063a1-543f-5318-b662-d66e327306ab,a4356662-e458-54c8-9ee5-b90949d068cd,,8469f799-0d87-44b4-84e9-b18f6a443ba3,savings_deposit,500,2025-09-14,Imported from meskerem 2018 (Ethiopian) collection sheet
d46095ef-ff91-5f3d-96ab-e7699f379c56,72a8896e-535f-58b2-9a53-39bcdd203fce,,8469f799-0d87-44b4-84e9-b18f6a443ba3,savings_deposit,300,2025-09-14,Imported from meskerem 2018 (Ethiopian) collection sheet
4c38f2d7-1782-5d94-be81-04cfe6db99b2,a6ebd1b9-8689-5540-b5c3-376f9dc47bdb,,8469f799-0d87-44b4-84e9-b18f6a443ba3,savings_deposit,900,2025-09-14,Imported from meskerem 2018 (Ethiopian) collection sheet
488f0ac7-3f06-5ef7-90ca-d964de6ddbf4,a6ebd1b9-8689-5540-b5c3-376f9dc47bdb,,8469f799-0d87-44b4-84e9-b18f6a443ba3,penalty_payment,100,2025-09-14,Imported from meskerem 2018 (Ethiopian) collection sheet
6c5f141c-dcf7-56ec-bd6f-823e65606571,60c2f8aa-0358-56b0-9984-d4186f05f767,,8469f799-0d87-44b4-84e9-b18f6a443ba3,savings_deposit,400,2025-09-14,Imported from meskerem 2018 (Ethiopian) collection sheet
c14f0d69-aa08-51a1-9ba5-e288fda7a634,60c2f8aa-0358-56b0-9984-d4186f05f767,,8469f799-0d87-44b4-84e9-b18f6a443ba3,penalty_payment,100,2025-09-14,Imported from meskerem 2018 (Ethiopian) collection sheet
db038d39-bd66-5580-8e32-6b579410acd6,cb6fbfe0-6561-5ae8-abb0-22e11f38b62b,,8469f799-0d87-44b4-84e9-b18f6a443ba3,savings_deposit,500,2025-09-14,Imported from meskerem 2018 (Ethiopian) collection sheet
ad2c202a-5d36-5268-ad30-61ed139b3a8a,c25c27a2-8d3d-5fa4-99d5-1712bde7ef39,,8469f799-0d87-44b4-84e9-b18f6a443ba3,savings_deposit,2300,2025-09-14,Imported from meskerem 2018 (Ethiopian) collection sheet
44e6472d-19b9-520e-929c-6e5dcfc6376d,c25c27a2-8d3d-5fa4-99d5-1712bde7ef39,,8469f799-0d87-44b4-84e9-b18f6a443ba3,share_purchase,960,2025-09-14,Imported from meskerem 2018 (Ethiopian) collection sheet
d2aa0ab6-4e58-564d-bde3-e4cc8759e045,1ad8f71e-4f15-52fb-8ad6-158e2ccac339,,8469f799-0d87-44b4-84e9-b18f6a443ba3,savings_deposit,500,2025-09-14,Imported from meskerem 2018 (Ethiopian) collection sheet
06c1f17b-7cf6-51b1-b19c-83ae436c48e5,1ad8f71e-4f15-52fb-8ad6-158e2ccac339,,8469f799-0d87-44b4-84e9-b18f6a443ba3,share_purchase,500,2025-09-14,Imported from meskerem 2018 (Ethiopian) collection sheet
d854cc3c-a2ae-5824-b3ea-70ba541d0325,f76d7cab-6a2e-5d14-89da-26ccafbd3be0,,8469f799-0d87-44b4-84e9-b18f6a443ba3,savings_deposit,500,2025-09-14,Imported from meskerem 2018 (Ethiopian) collection sheet
d990f553-5db0-5c47-a0de-1e8de29e0649,f76d7cab-6a2e-5d14-89da-26ccafbd3be0,,8469f799-0d87-44b4-84e9-b18f6a443ba3,share_purchase,500,2025-09-14,Imported from meskerem 2018 (Ethiopian) collection sheet
9731ef25-6626-5b83-b15c-58fc3a78a78a,fc4352be-369e-5598-8274-98a6cae1f207,,8469f799-0d87-44b4-84e9-b18f6a443ba3,savings_deposit,500,2025-09-14,Imported from meskerem 2018 (Ethiopian) collection sheet
015a3c5c-ec02-5aec-9fb7-04a411365910,c3a66182-f9eb-55b0-a3f4-fe924a4dec95,,8469f799-0d87-44b4-84e9-b18f6a443ba3,savings_deposit,500,2025-09-14,Imported from meskerem 2018 (Ethiopian) collection sheet
bbfdf782-554e-5721-9e06-1c08ab44c3d5,75f95f5d-bdcc-5624-9532-315ba2d8cf68,,8469f799-0d87-44b4-84e9-b18f6a443ba3,savings_deposit,300,2025-09-14,Imported from meskerem 2018 (Ethiopian) collection sheet
4c36066e-cb62-5047-8546-6b975c6b03a4,d3faf4eb-9546-5aa9-9995-1d985500ac16,,8469f799-0d87-44b4-84e9-b18f6a443ba3,savings_deposit,500,2025-09-14,Imported from meskerem 2018 (Ethiopian) collection sheet
e76ff657-9f50-5b92-88a5-8a8de122bae1,d3faf4eb-9546-5aa9-9995-1d985500ac16,,8469f799-0d87-44b4-84e9-b18f6a443ba3,share_purchase,500,2025-09-14,Imported from meskerem 2018 (Ethiopian) collection sheet
121420c0-f0f8-5fc1-89a3-b2c7af4cef80,6c8bee9a-74b1-5e90-afac-e0a6e165fcef,,8469f799-0d87-44b4-84e9-b18f6a443ba3,savings_deposit,300,2025-09-14,Imported from meskerem 2018 (Ethiopian) collection sheet
068cb9e6-03a7-548a-b7b1-1938d2168206,6c8bee9a-74b1-5e90-afac-e0a6e165fcef,,8469f799-0d87-44b4-84e9-b18f6a443ba3,share_purchase,1200,2025-09-14,Imported from meskerem 2018 (Ethiopian) collection sheet
489db53e-74c6-5b83-969a-cc3894ab9634,53198375-0834-5854-95d3-f14812d02e9f,,8469f799-0d87-44b4-84e9-b18f6a443ba3,savings_deposit,400,2025-09-14,Imported from meskerem 2018 (Ethiopian) collection sheet
7b410118-4d0d-515d-a547-6716f52eb56c,53198375-0834-5854-95d3-f14812d02e9f,,8469f799-0d87-44b4-84e9-b18f6a443ba3,share_purchase,500,2025-09-14,Imported from meskerem 2018 (Ethiopian) collection sheet
9c710430-45d1-544a-bc34-679c68c5a6e2,53198375-0834-5854-95d3-f14812d02e9f,,8469f799-0d87-44b4-84e9-b18f6a443ba3,penalty_payment,100,2025-09-14,Imported from meskerem 2018 (Ethiopian) collection sheet
c4d71488-fdc5-54b4-a9d6-bfc8fe7147b9,653a7e72-171e-5a5b-a8bc-a744f16e7542,,8469f799-0d87-44b4-84e9-b18f6a443ba3,savings_deposit,1000,2025-09-14,Imported from meskerem 2018 (Ethiopian) collection sheet
ec213886-a646-5770-ae80-94833d124ef5,653a7e72-171e-5a5b-a8bc-a744f16e7542,,8469f799-0d87-44b4-84e9-b18f6a443ba3,share_purchase,1000,2025-09-14,Imported from meskerem 2018 (Ethiopian) collection sheet
4271fd9a-04a6-5c64-85b1-2d01a60976fc,439dca62-e8ee-5687-96ba-ed76048724b5,,8469f799-0d87-44b4-84e9-b18f6a443ba3,savings_deposit,400,2025-09-14,Imported from meskerem 2018 (Ethiopian) collection sheet
2a0ecab4-7daf-5eec-869f-7e506919472c,439dca62-e8ee-5687-96ba-ed76048724b5,,8469f799-0d87-44b4-84e9-b18f6a443ba3,penalty_payment,100,2025-09-14,Imported from meskerem 2018 (Ethiopian) collection sheet
a969eabc-e98e-5379-bfe4-e432738ee690,9bcb279d-1071-5ff0-aae5-53ea184ce725,,8469f799-0d87-44b4-84e9-b18f6a443ba3,savings_deposit,300,2025-09-14,Imported from meskerem 2018 (Ethiopian) collection sheet
a4b7228f-eef7-5ca0-bb4b-58e194733ab9,fdf165ea-a6ad-5b9a-a7ed-146969ee7817,,8469f799-0d87-44b4-84e9-b18f6a443ba3,savings_deposit,500,2025-09-14,Imported from meskerem 2018 (Ethiopian) collection sheet
9a4c9d37-e709-5982-b60a-dca2264be66e,319312c6-6801-528d-b138-81bcf7aba92e,,8469f799-0d87-44b4-84e9-b18f6a443ba3,savings_deposit,649,2025-09-14,Imported from meskerem 2018 (Ethiopian) collection sheet
ff6600a3-9b6a-50f7-8619-da809b69653e,319312c6-6801-528d-b138-81bcf7aba92e,,8469f799-0d87-44b4-84e9-b18f6a443ba3,share_purchase,1000,2025-09-14,Imported from meskerem 2018 (Ethiopian) collection sheet
3c75e2fc-cbd5-522f-8720-957118ad5240,319312c6-6801-528d-b138-81bcf7aba92e,,8469f799-0d87-44b4-84e9-b18f6a443ba3,penalty_payment,100,2025-09-14,Imported from meskerem 2018 (Ethiopian) collection sheet
d27f8648-4524-5180-98c2-c714c4ab988e,c5281824-d45c-5e75-baa4-aa7ba6b9b4eb,,8469f799-0d87-44b4-84e9-b18f6a443ba3,savings_deposit,300,2025-09-14,Imported from meskerem 2018 (Ethiopian) collection sheet
dfb79c6b-7c9b-503e-96b5-54f5fad5923e,0bc38e75-0d03-50eb-9d02-a102d730494c,,8469f799-0d87-44b4-84e9-b18f6a443ba3,savings_deposit,157,2025-09-14,Imported from meskerem 2018 (Ethiopian) collection sheet
5bc4ae52-6671-579e-8740-b64330be1f74,0bc38e75-0d03-50eb-9d02-a102d730494c,,8469f799-0d87-44b4-84e9-b18f6a443ba3,share_purchase,2000,2025-09-14,Imported from meskerem 2018 (Ethiopian) collection sheet
748d55ff-a8e4-5b64-97d0-d3a0e0ce6b4d,dc05a34e-7603-5430-8644-1006b5eb9ce8,,8469f799-0d87-44b4-84e9-b18f6a443ba3,savings_deposit,300,2025-09-14,Imported from meskerem 2018 (Ethiopian) collection sheet
11deb4cd-89e5-5299-8df9-9fa78f97b1f9,dc05a34e-7603-5430-8644-1006b5eb9ce8,,8469f799-0d87-44b4-84e9-b18f6a443ba3,share_purchase,1000,2025-09-14,Imported from meskerem 2018 (Ethiopian) collection sheet
dd0e8e65-d4ee-5f70-acab-a094cf107ce0,1312a235-bded-5cc9-9115-fbe26eb8d4ff,,8469f799-0d87-44b4-84e9-b18f6a443ba3,penalty_payment,100,2025-09-14,Imported from meskerem 2018 (Ethiopian) collection sheet
08d311db-3449-5a06-9e6d-b50abcac466a,00504940-bbb4-52dd-9bed-81b31d16e60c,,8469f799-0d87-44b4-84e9-b18f6a443ba3,savings_deposit,300,2025-09-14,Imported from meskerem 2018 (Ethiopian) collection sheet
bf7ad066-97cb-52a3-bd74-3e7a57694f3a,4c1c461a-ae9f-5b76-980a-956c802b4225,,8469f799-0d87-44b4-84e9-b18f6a443ba3,savings_deposit,300,2025-09-14,Imported from meskerem 2018 (Ethiopian) collection sheet
998bb06b-e2cb-53e3-bb41-dd6c587c21fd,4c1c461a-ae9f-5b76-980a-956c802b4225,,8469f799-0d87-44b4-84e9-b18f6a443ba3,share_purchase,1000,2025-09-14,Imported from meskerem 2018 (Ethiopian) collection sheet
b2c45ba4-574b-5123-9f28-3f7c38e058be,5b09d4aa-c1b0-512a-a1dc-de6bb23c0fa2,,8469f799-0d87-44b4-84e9-b18f6a443ba3,savings_deposit,798.72,2025-09-14,Imported from meskerem 2018 (Ethiopian) collection sheet
a37f9074-759e-5289-be54-e1a2c420b15f,5b09d4aa-c1b0-512a-a1dc-de6bb23c0fa2,,8469f799-0d87-44b4-84e9-b18f6a443ba3,penalty_payment,155.28,2025-09-14,Imported from meskerem 2018 (Ethiopian) collection sheet
172c3fca-5736-5ed2-b37d-e67029e4e7da,c329ec45-0d67-5af4-907e-eab82908bd82,,8469f799-0d87-44b4-84e9-b18f6a443ba3,penalty_payment,100,2025-09-14,Imported from meskerem 2018 (Ethiopian) collection sheet
e4a90742-88c9-51b4-ad60-c73314d191b1,7de65b59-a390-528f-9574-24528382dc93,,8469f799-0d87-44b4-84e9-b18f6a443ba3,savings_deposit,500,2025-09-14,Imported from meskerem 2018 (Ethiopian) collection sheet
61789786-5cb1-58d8-8229-1ae4d2c6e9eb,094105d3-95fc-5ef8-9498-a9da1f7bd987,,8469f799-0d87-44b4-84e9-b18f6a443ba3,savings_deposit,1000,2025-09-14,Imported from meskerem 2018 (Ethiopian) collection sheet
7b844611-910d-5996-ada2-55ea39f2ba00,6c7e695e-1c69-5ba8-8e86-11220259cea5,,8469f799-0d87-44b4-84e9-b18f6a443ba3,savings_deposit,1000,2025-09-14,Imported from meskerem 2018 (Ethiopian) collection sheet
94ce2c9c-9de9-5474-a49f-880528466b8c,6c7e695e-1c69-5ba8-8e86-11220259cea5,,8469f799-0d87-44b4-84e9-b18f6a443ba3,share_purchase,4024,2025-09-14,Imported from meskerem 2018 (Ethiopian) collection sheet
c7350f50-e773-5293-a6af-2224ff0b6bfa,6c7e695e-1c69-5ba8-8e86-11220259cea5,,8469f799-0d87-44b4-84e9-b18f6a443ba3,penalty_payment,100,2025-09-14,Imported from meskerem 2018 (Ethiopian) collection sheet
b4eb0793-39da-5bcc-b2e4-df58cc4a411f,640b242e-d25d-5d03-ac35-6d4ada4340a4,,8469f799-0d87-44b4-84e9-b18f6a443ba3,savings_deposit,400,2025-09-14,Imported from meskerem 2018 (Ethiopian) collection sheet
37d9b023-1fe4-5020-ad6f-635ef4a0c44d,640b242e-d25d-5d03-ac35-6d4ada4340a4,,8469f799-0d87-44b4-84e9-b18f6a443ba3,share_purchase,500,2025-09-14,Imported from meskerem 2018 (Ethiopian) collection sheet
ea1426d3-ecf5-55e6-ae9c-b202ff8138a1,640b242e-d25d-5d03-ac35-6d4ada4340a4,,8469f799-0d87-44b4-84e9-b18f6a443ba3,penalty_payment,100,2025-09-14,Imported from meskerem 2018 (Ethiopian) collection sheet
0b469b53-e7b8-5627-9bf2-03ed0ec765f7,b6399dcf-1caa-5da3-bb09-d4f79922e2ed,,8469f799-0d87-44b4-84e9-b18f6a443ba3,savings_deposit,400,2025-09-14,Imported from meskerem 2018 (Ethiopian) collection sheet
41e4efdf-0eb1-55b8-a251-7d89ddb4a542,b6399dcf-1caa-5da3-bb09-d4f79922e2ed,,8469f799-0d87-44b4-84e9-b18f6a443ba3,penalty_payment,100,2025-09-14,Imported from meskerem 2018 (Ethiopian) collection sheet
16beee57-5280-51fb-9803-0eb345861a53,fcee7f90-a4ed-5bb4-bc0a-7f04623c694a,,8469f799-0d87-44b4-84e9-b18f6a443ba3,savings_deposit,500,2025-09-14,Imported from meskerem 2018 (Ethiopian) collection sheet
e7887102-3a99-5a56-aa6b-ce76f8452616,fcee7f90-a4ed-5bb4-bc0a-7f04623c694a,,8469f799-0d87-44b4-84e9-b18f6a443ba3,share_purchase,17000,2025-09-14,Imported from meskerem 2018 (Ethiopian) collection sheet
fac5dcd8-81b7-5093-8db9-4042ae6a702f,980a1405-2a66-53ba-b246-90cc1bcd9824,,8469f799-0d87-44b4-84e9-b18f6a443ba3,savings_deposit,500,2025-09-14,Imported from meskerem 2018 (Ethiopian) collection sheet
d725c871-e24b-5537-83e9-7b48a13b9f20,ae5e0f27-63ff-5cfe-b320-5839eccb0f39,,8469f799-0d87-44b4-84e9-b18f6a443ba3,savings_deposit,211,2025-09-14,Imported from meskerem 2018 (Ethiopian) collection sheet
977382cd-e2a4-53da-a65f-7f728bb77e8c,ae5e0f27-63ff-5cfe-b320-5839eccb0f39,,8469f799-0d87-44b4-84e9-b18f6a443ba3,penalty_payment,100,2025-09-14,Imported from meskerem 2018 (Ethiopian) collection sheet
a58aa6ed-6448-534f-aa47-999c1cde4362,f21a7119-21e1-5886-a094-aeef9ea90120,,8469f799-0d87-44b4-84e9-b18f6a443ba3,savings_deposit,499,2025-09-14,Imported from meskerem 2018 (Ethiopian) collection sheet
01d9650b-b1a7-50a5-ab46-68806016fac3,286ecb3c-8211-53a0-97be-24e354b06a1d,,8469f799-0d87-44b4-84e9-b18f6a443ba3,savings_deposit,300,2025-09-14,Imported from meskerem 2018 (Ethiopian) collection sheet
fcb64f93-ccad-5192-bbea-573785d01bfc,737a8d1b-4900-52ab-a075-9e94a6135e5a,,8469f799-0d87-44b4-84e9-b18f6a443ba3,savings_deposit,600,2025-09-14,Imported from meskerem 2018 (Ethiopian) collection sheet
fc1a5712-a16d-507a-8d84-a51765c56661,22d76f64-4d03-57bd-9591-22362b1ef93d,,8469f799-0d87-44b4-84e9-b18f6a443ba3,savings_deposit,600,2025-09-14,Imported from meskerem 2018 (Ethiopian) collection sheet
9e969351-09e6-5d4d-a0f9-c32a5c0decfc,f20f195e-d014-50ac-891d-111561cc1b23,,8469f799-0d87-44b4-84e9-b18f6a443ba3,savings_deposit,700,2025-09-14,Imported from meskerem 2018 (Ethiopian) collection sheet
7153b8d6-3b30-50cf-af62-ab9c2b3a963b,d82e3094-7b6c-5331-b605-63ab2e240d21,,8469f799-0d87-44b4-84e9-b18f6a443ba3,savings_deposit,850,2025-09-14,Imported from meskerem 2018 (Ethiopian) collection sheet
d65cfd9f-06b0-5a26-90dd-1291cdf9c296,d82e3094-7b6c-5331-b605-63ab2e240d21,,8469f799-0d87-44b4-84e9-b18f6a443ba3,penalty_payment,150,2025-09-14,Imported from meskerem 2018 (Ethiopian) collection sheet
359e1dc4-5a71-57c0-b4cc-6c82865a0a99,47ec08e9-732a-5965-8cd9-d5cd3b4e9c48,,8469f799-0d87-44b4-84e9-b18f6a443ba3,savings_deposit,500,2025-09-14,Imported from meskerem 2018 (Ethiopian) collection sheet
cc426fd5-5a3a-52ff-9549-f1220b9c4f66,760554fa-d88d-565f-8205-3c6ef1abd75c,,8469f799-0d87-44b4-84e9-b18f6a443ba3,savings_deposit,1600,2025-09-14,Imported from meskerem 2018 (Ethiopian) collection sheet
3e530f5e-6a41-5d3e-8f04-208e607dba7f,760554fa-d88d-565f-8205-3c6ef1abd75c,,8469f799-0d87-44b4-84e9-b18f6a443ba3,penalty_payment,100,2025-09-14,Imported from meskerem 2018 (Ethiopian) collection sheet
ede0e3da-1990-5b05-8c9e-169cce1adf42,760554fa-d88d-565f-8205-3c6ef1abd75c,,8469f799-0d87-44b4-84e9-b18f6a443ba3,card_fee,300,2025-09-14,Imported from meskerem 2018 (Ethiopian) collection sheet
d96100ac-b956-50e1-b423-d7e40ae66b9d,a2e78812-b8db-5915-ac41-4c459014f26f,,8469f799-0d87-44b4-84e9-b18f6a443ba3,savings_deposit,400,2025-09-14,Imported from meskerem 2018 (Ethiopian) collection sheet
5003b12e-2689-56c4-9643-863bdedd33e8,a2e78812-b8db-5915-ac41-4c459014f26f,,8469f799-0d87-44b4-84e9-b18f6a443ba3,share_purchase,1000,2025-09-14,Imported from meskerem 2018 (Ethiopian) collection sheet
f327264e-8c79-5c4c-a621-8dee18acc51c,48348d28-35b4-5a0c-b871-86b6516eadc9,,8469f799-0d87-44b4-84e9-b18f6a443ba3,savings_deposit,500,2025-09-14,Imported from meskerem 2018 (Ethiopian) collection sheet
92abcecf-3e8d-50fa-a3b8-b4eed61f37ee,48348d28-35b4-5a0c-b871-86b6516eadc9,,8469f799-0d87-44b4-84e9-b18f6a443ba3,share_purchase,1000,2025-09-14,Imported from meskerem 2018 (Ethiopian) collection sheet
5442d4e9-143d-5bfe-931a-0209546f6b15,2cb9dc21-141f-5c94-a3a2-53c9146b95d9,,8469f799-0d87-44b4-84e9-b18f6a443ba3,savings_deposit,1899,2025-09-14,Imported from meskerem 2018 (Ethiopian) collection sheet
c0d01bfa-179d-5307-baea-e7688d4b7d06,2cb9dc21-141f-5c94-a3a2-53c9146b95d9,,8469f799-0d87-44b4-84e9-b18f6a443ba3,penalty_payment,100,2025-09-14,Imported from meskerem 2018 (Ethiopian) collection sheet
c6241f08-444f-5efd-942b-4a3b8b4d652a,ebf56bbe-a156-5da8-aade-3c9acae9af3f,,8469f799-0d87-44b4-84e9-b18f6a443ba3,penalty_payment,100,2025-09-14,Imported from meskerem 2018 (Ethiopian) collection sheet
d459379d-c300-5ff1-be93-f505acf3957b,d2aa5e5c-dcdc-5a92-a779-db8c38bcc089,,8469f799-0d87-44b4-84e9-b18f6a443ba3,savings_deposit,81.36,2025-09-14,Imported from meskerem 2018 (Ethiopian) collection sheet
7dbf5376-1d65-5230-9d78-b762daff0d88,d2aa5e5c-dcdc-5a92-a779-db8c38bcc089,,8469f799-0d87-44b4-84e9-b18f6a443ba3,penalty_payment,1016.64,2025-09-14,Imported from meskerem 2018 (Ethiopian) collection sheet
87125ada-7bb2-5343-a2a6-c2649d82eb98,b32fac1a-aa87-568b-b93b-e5763112b61d,,8469f799-0d87-44b4-84e9-b18f6a443ba3,savings_deposit,500,2025-09-14,Imported from meskerem 2018 (Ethiopian) collection sheet
539a2227-8eb8-53c7-864d-c5443343e430,414b6ffc-f127-5a64-9f70-c41106f36639,,8469f799-0d87-44b4-84e9-b18f6a443ba3,savings_deposit,500,2025-09-14,Imported from meskerem 2018 (Ethiopian) collection sheet
8d0aa2fd-2724-597e-9b3c-e86bf5027171,049218fa-9e5a-5b66-b2bd-8b33630b5130,,8469f799-0d87-44b4-84e9-b18f6a443ba3,savings_deposit,519,2025-09-14,Imported from meskerem 2018 (Ethiopian) collection sheet
03243b0f-f1a8-562a-8bf9-139faf136ec5,35fdeddd-15b6-5e4f-ae4d-0470a098c6bb,,8469f799-0d87-44b4-84e9-b18f6a443ba3,savings_deposit,850,2025-09-14,Imported from meskerem 2018 (Ethiopian) collection sheet
ed0912db-0406-5731-8d95-7e153fa9a10d,35fdeddd-15b6-5e4f-ae4d-0470a098c6bb,,8469f799-0d87-44b4-84e9-b18f6a443ba3,penalty_payment,150,2025-09-14,Imported from meskerem 2018 (Ethiopian) collection sheet
5fa68c43-3b50-5722-a95b-0e6f19307f94,643e30d9-af60-5c78-a1d6-74388a9af0f9,,8469f799-0d87-44b4-84e9-b18f6a443ba3,savings_deposit,1000,2025-09-14,Imported from meskerem 2018 (Ethiopian) collection sheet
f8accaf2-6c5c-54cf-a8da-1181eacb7f24,643e30d9-af60-5c78-a1d6-74388a9af0f9,,8469f799-0d87-44b4-84e9-b18f6a443ba3,share_purchase,1000,2025-09-14,Imported from meskerem 2018 (Ethiopian) collection sheet
c4c45d76-6625-59df-9760-028c8c488239,0c0a5dc8-0a60-5d67-9aba-378c65dfad91,,8469f799-0d87-44b4-84e9-b18f6a443ba3,savings_deposit,500,2025-09-14,Imported from meskerem 2018 (Ethiopian) collection sheet
89b1dcaf-94cf-5d05-8992-f32ca6f8e997,18ec1064-0d14-5d84-9814-8e1007ab8ec7,,8469f799-0d87-44b4-84e9-b18f6a443ba3,savings_deposit,1900,2025-09-14,Imported from meskerem 2018 (Ethiopian) collection sheet
92fcd4ec-0fee-59c2-8efa-6536ad3c1431,18ec1064-0d14-5d84-9814-8e1007ab8ec7,,8469f799-0d87-44b4-84e9-b18f6a443ba3,share_purchase,3000,2025-09-14,Imported from meskerem 2018 (Ethiopian) collection sheet
c8a12d91-bf3b-5e6d-a035-5fe7e8f5994c,18ec1064-0d14-5d84-9814-8e1007ab8ec7,,8469f799-0d87-44b4-84e9-b18f6a443ba3,penalty_payment,150,2025-09-14,Imported from meskerem 2018 (Ethiopian) collection sheet
098542ea-22a1-5669-a43d-edbd44abd857,f88d8e5f-0ed1-5e58-bdfc-8df9e93c0195,,8469f799-0d87-44b4-84e9-b18f6a443ba3,savings_deposit,400,2025-09-14,Imported from meskerem 2018 (Ethiopian) collection sheet
70a073d4-36f6-5d34-b01b-009e9a1f4d80,f88d8e5f-0ed1-5e58-bdfc-8df9e93c0195,,8469f799-0d87-44b4-84e9-b18f6a443ba3,penalty_payment,100,2025-09-14,Imported from meskerem 2018 (Ethiopian) collection sheet
500436ef-cd0a-5276-a94f-c7c4e70a73f9,7e79d9ef-cc12-51b8-8044-3ca5e1e3d377,,8469f799-0d87-44b4-84e9-b18f6a443ba3,savings_deposit,400,2025-09-14,Imported from meskerem 2018 (Ethiopian) collection sheet
576ddc23-75e3-5038-937c-27728664327e,7e79d9ef-cc12-51b8-8044-3ca5e1e3d377,,8469f799-0d87-44b4-84e9-b18f6a443ba3,share_purchase,500,2025-09-14,Imported from meskerem 2018 (Ethiopian) collection sheet
166aad17-c103-5acb-a1d4-c79697678bc6,7e79d9ef-cc12-51b8-8044-3ca5e1e3d377,,8469f799-0d87-44b4-84e9-b18f6a443ba3,penalty_payment,100,2025-09-14,Imported from meskerem 2018 (Ethiopian) collection sheet
f4b05374-303b-585a-8234-216a9e796b42,40cd2138-10ea-53af-a42e-8bb58521e9ae,,8469f799-0d87-44b4-84e9-b18f6a443ba3,savings_deposit,400,2025-09-14,Imported from meskerem 2018 (Ethiopian) collection sheet
37c5da7b-a43a-539d-8260-95ebc7c8c930,40cd2138-10ea-53af-a42e-8bb58521e9ae,,8469f799-0d87-44b4-84e9-b18f6a443ba3,share_purchase,500,2025-09-14,Imported from meskerem 2018 (Ethiopian) collection sheet
0cd2f0f9-9666-59f4-9f71-4e4298580d30,40cd2138-10ea-53af-a42e-8bb58521e9ae,,8469f799-0d87-44b4-84e9-b18f6a443ba3,penalty_payment,100,2025-09-14,Imported from meskerem 2018 (Ethiopian) collection sheet
a65a90ff-2fdd-5429-a855-5a46a5ba9ae5,fd4fc03e-beed-599e-a862-bf1ebb489d28,,8469f799-0d87-44b4-84e9-b18f6a443ba3,savings_deposit,400,2025-09-14,Imported from meskerem 2018 (Ethiopian) collection sheet
e0c3a6c7-c3fb-5cf1-b6fd-06da6bcab12c,fd4fc03e-beed-599e-a862-bf1ebb489d28,,8469f799-0d87-44b4-84e9-b18f6a443ba3,penalty_payment,100,2025-09-14,Imported from meskerem 2018 (Ethiopian) collection sheet
02c81eef-51c1-5240-bcdf-022bdd76c615,a31db2ec-9d4a-5d1a-b551-cc423673ea8a,,8469f799-0d87-44b4-84e9-b18f6a443ba3,savings_deposit,300,2025-09-14,Imported from meskerem 2018 (Ethiopian) collection sheet
09e1a80a-038f-520a-8161-7bd37a293edc,a31db2ec-9d4a-5d1a-b551-cc423673ea8a,,8469f799-0d87-44b4-84e9-b18f6a443ba3,share_purchase,1000,2025-09-14,Imported from meskerem 2018 (Ethiopian) collection sheet
ac22a535-4c9f-5069-9963-81f447f6a13e,7b0770a8-2173-5070-80f4-3cc171ab8378,,8469f799-0d87-44b4-84e9-b18f6a443ba3,savings_deposit,2000,2025-09-14,Imported from meskerem 2018 (Ethiopian) collection sheet
4efe8430-5e94-58de-a12a-26deb1e52f41,7b0770a8-2173-5070-80f4-3cc171ab8378,,8469f799-0d87-44b4-84e9-b18f6a443ba3,share_purchase,4000,2025-09-14,Imported from meskerem 2018 (Ethiopian) collection sheet
20a83900-684d-5238-b6f2-4140e884f08a,a4abc03d-99d2-5421-9712-1e1eb35acc37,,8469f799-0d87-44b4-84e9-b18f6a443ba3,savings_deposit,400,2025-09-14,Imported from meskerem 2018 (Ethiopian) collection sheet
4e1579c3-ffb6-50f8-b9a3-52b90d32897c,f7a5e560-da9b-5bf0-96c3-9a087507a3a5,,8469f799-0d87-44b4-84e9-b18f6a443ba3,savings_deposit,500,2025-09-14,Imported from meskerem 2018 (Ethiopian) collection sheet
43f96fa5-2c95-5e4e-b088-0c8229e4abff,a9e1deed-561a-5838-8766-2fb2c036ea29,,8469f799-0d87-44b4-84e9-b18f6a443ba3,savings_deposit,900,2025-09-14,Imported from meskerem 2018 (Ethiopian) collection sheet
2b03dc38-d60c-5942-8bc8-3993aa25be42,a9e1deed-561a-5838-8766-2fb2c036ea29,,8469f799-0d87-44b4-84e9-b18f6a443ba3,penalty_payment,100,2025-09-14,Imported from meskerem 2018 (Ethiopian) collection sheet
5c6dde5d-d208-5e79-bc65-445409eee888,2e2b55a7-2c48-5b27-ab85-e84cfe6ba873,,8469f799-0d87-44b4-84e9-b18f6a443ba3,savings_deposit,1000,2025-09-14,Imported from meskerem 2018 (Ethiopian) collection sheet
c6b96873-bbf8-515a-9309-14438be3921b,2e2b55a7-2c48-5b27-ab85-e84cfe6ba873,,8469f799-0d87-44b4-84e9-b18f6a443ba3,share_purchase,1050,2025-09-14,Imported from meskerem 2018 (Ethiopian) collection sheet
be207e67-71d9-5ddc-8d72-7951e1ddc11d,2e2b55a7-2c48-5b27-ab85-e84cfe6ba873,,8469f799-0d87-44b4-84e9-b18f6a443ba3,penalty_payment,50,2025-09-14,Imported from meskerem 2018 (Ethiopian) collection sheet
82566a30-966b-5b85-8f92-d6eec31489dd,26cf5d2f-1d72-5d7f-ada9-7379077b11ae,,8469f799-0d87-44b4-84e9-b18f6a443ba3,savings_deposit,500,2025-09-14,Imported from meskerem 2018 (Ethiopian) collection sheet
bb444cd1-d512-55c4-bab1-12c15c9bc9f3,d413f918-479b-57e9-87d9-23d6708d8d81,,8469f799-0d87-44b4-84e9-b18f6a443ba3,savings_deposit,500,2025-09-14,Imported from meskerem 2018 (Ethiopian) collection sheet
fdecebb7-aecb-53fc-b856-7da5e8fabcdf,f2915524-e894-5bde-aecd-da2bed49a70c,,8469f799-0d87-44b4-84e9-b18f6a443ba3,savings_deposit,500,2025-09-14,Imported from meskerem 2018 (Ethiopian) collection sheet
abde2473-ed74-5189-a9c2-39f1df9cc291,8cbc921c-b09b-5afb-8361-fa63c61ffd8a,,8469f799-0d87-44b4-84e9-b18f6a443ba3,savings_deposit,500,2025-09-14,Imported from meskerem 2018 (Ethiopian) collection sheet
b1956868-7027-545a-9c7c-fcdde18442c9,8cbc921c-b09b-5afb-8361-fa63c61ffd8a,,8469f799-0d87-44b4-84e9-b18f6a443ba3,share_purchase,1000,2025-09-14,Imported from meskerem 2018 (Ethiopian) collection sheet
2d0329e6-7552-51c1-a52b-377ff486e19f,1f0dbffc-ffca-5b20-b4fb-3b17fbe5a239,,8469f799-0d87-44b4-84e9-b18f6a443ba3,savings_deposit,900,2025-09-14,Imported from meskerem 2018 (Ethiopian) collection sheet
dcf141ad-f356-53b8-ad3c-a348df593f93,1f0dbffc-ffca-5b20-b4fb-3b17fbe5a239,,8469f799-0d87-44b4-84e9-b18f6a443ba3,share_purchase,1000,2025-09-14,Imported from meskerem 2018 (Ethiopian) collection sheet
b0ca8fef-6b1a-579c-9fc2-a9d03fec26b1,1f0dbffc-ffca-5b20-b4fb-3b17fbe5a239,,8469f799-0d87-44b4-84e9-b18f6a443ba3,penalty_payment,100,2025-09-14,Imported from meskerem 2018 (Ethiopian) collection sheet
1eb8ebf7-ab01-52f6-8d5b-03043c77c0d7,b5824845-954a-56c9-92b3-946cdcce91f7,,8469f799-0d87-44b4-84e9-b18f6a443ba3,savings_deposit,500,2025-09-14,Imported from meskerem 2018 (Ethiopian) collection sheet
94149619-177b-5f06-a5be-ef48b78baaa5,b5824845-954a-56c9-92b3-946cdcce91f7,,8469f799-0d87-44b4-84e9-b18f6a443ba3,share_purchase,1500,2025-09-14,Imported from meskerem 2018 (Ethiopian) collection sheet
ba2eadac-3745-5468-8c2b-a842896b4cb9,a69c8787-2423-5b77-bc34-87f8260086ef,,8469f799-0d87-44b4-84e9-b18f6a443ba3,savings_deposit,900,2025-09-14,Imported from meskerem 2018 (Ethiopian) collection sheet
9157ecf7-e703-5382-b69f-86beeb6f777e,a69c8787-2423-5b77-bc34-87f8260086ef,,8469f799-0d87-44b4-84e9-b18f6a443ba3,share_purchase,1000,2025-09-14,Imported from meskerem 2018 (Ethiopian) collection sheet
7c2da3db-a5a7-5a71-8f86-78f109626e77,a69c8787-2423-5b77-bc34-87f8260086ef,,8469f799-0d87-44b4-84e9-b18f6a443ba3,penalty_payment,100,2025-09-14,Imported from meskerem 2018 (Ethiopian) collection sheet
91c165f7-9e3c-5cde-8b29-aa0c8e808ec9,0799c4e9-58bc-5b55-b3bb-822f9120af53,,8469f799-0d87-44b4-84e9-b18f6a443ba3,savings_deposit,1000,2025-09-14,Imported from meskerem 2018 (Ethiopian) collection sheet
d028b85a-bfb0-593d-bd77-931fb7a68b84,404705d2-d41d-5bd5-8836-1b5feb5214f8,,8469f799-0d87-44b4-84e9-b18f6a443ba3,savings_deposit,1000,2025-09-14,Imported from meskerem 2018 (Ethiopian) collection sheet
8d8064d6-1204-5fe4-9741-f1f2a3ad1f63,404705d2-d41d-5bd5-8836-1b5feb5214f8,,8469f799-0d87-44b4-84e9-b18f6a443ba3,share_purchase,1000,2025-09-14,Imported from meskerem 2018 (Ethiopian) collection sheet
46a1cf3b-998d-5cd0-8635-de037f01b3c4,6137a13d-bb02-50d8-a60c-81b54bebaab0,,8469f799-0d87-44b4-84e9-b18f6a443ba3,savings_deposit,2000,2025-09-14,Imported from meskerem 2018 (Ethiopian) collection sheet
f217edff-f045-50fb-8335-90e34c8950f3,6137a13d-bb02-50d8-a60c-81b54bebaab0,,8469f799-0d87-44b4-84e9-b18f6a443ba3,share_purchase,2000,2025-09-14,Imported from meskerem 2018 (Ethiopian) collection sheet
cc423817-3772-5cf1-b21e-ad69c676e1cf,e0a1cd41-f09b-584c-a323-5e24952b99ee,,8469f799-0d87-44b4-84e9-b18f6a443ba3,savings_deposit,1000,2025-09-14,Imported from meskerem 2018 (Ethiopian) collection sheet
00cd2a16-fda0-5583-a5b4-d2f2b32f1309,e0a1cd41-f09b-584c-a323-5e24952b99ee,,8469f799-0d87-44b4-84e9-b18f6a443ba3,share_purchase,2000,2025-09-14,Imported from meskerem 2018 (Ethiopian) collection sheet
92b9c01c-1f43-5f7f-a806-9f5908d65b06,b3d4ad0c-ee3c-53a5-a951-a9759c819236,,8469f799-0d87-44b4-84e9-b18f6a443ba3,savings_deposit,500,2025-09-14,Imported from meskerem 2018 (Ethiopian) collection sheet
0904c767-0c3c-5458-a694-650868562321,b3d4ad0c-ee3c-53a5-a951-a9759c819236,,8469f799-0d87-44b4-84e9-b18f6a443ba3,share_purchase,1000,2025-09-14,Imported from meskerem 2018 (Ethiopian) collection sheet
50a1646f-3289-5b93-bef2-88b5e953add2,8fc8de0b-78bc-545e-8408-2189a31760ec,,8469f799-0d87-44b4-84e9-b18f6a443ba3,savings_deposit,400,2025-09-14,Imported from meskerem 2018 (Ethiopian) collection sheet
7f5b52cd-ad3b-55bb-b954-a61bf5766888,8fc8de0b-78bc-545e-8408-2189a31760ec,,8469f799-0d87-44b4-84e9-b18f6a443ba3,share_purchase,1000,2025-09-14,Imported from meskerem 2018 (Ethiopian) collection sheet
519bde9b-ddc5-5f6c-a125-4a54d607e399,8fc8de0b-78bc-545e-8408-2189a31760ec,,8469f799-0d87-44b4-84e9-b18f6a443ba3,penalty_payment,100,2025-09-14,Imported from meskerem 2018 (Ethiopian) collection sheet
f3795176-8ea3-56f7-abd7-9bb2c05fe69d,59b2b2dc-7289-54a6-9435-57bf25be75c7,,8469f799-0d87-44b4-84e9-b18f6a443ba3,savings_deposit,1900,2025-09-14,Imported from meskerem 2018 (Ethiopian) collection sheet
923fc45a-761f-5015-92f2-43a71495ea09,59b2b2dc-7289-54a6-9435-57bf25be75c7,,8469f799-0d87-44b4-84e9-b18f6a443ba3,penalty_payment,100,2025-09-14,Imported from meskerem 2018 (Ethiopian) collection sheet
83d955ac-6e25-56d1-a9a8-66927f898216,95154953-c3dd-55eb-9284-60060b3e99a8,,8469f799-0d87-44b4-84e9-b18f6a443ba3,savings_deposit,1000,2025-09-14,Imported from meskerem 2018 (Ethiopian) collection sheet
7bf41610-80d8-5f39-80d9-004f54a1ca16,95154953-c3dd-55eb-9284-60060b3e99a8,,8469f799-0d87-44b4-84e9-b18f6a443ba3,share_purchase,1000,2025-09-14,Imported from meskerem 2018 (Ethiopian) collection sheet
1a664fa9-df49-58c1-9c60-8de2166aec2e,06fa8212-7f04-5497-a2b6-310f1c798b46,,8469f799-0d87-44b4-84e9-b18f6a443ba3,savings_deposit,1000,2025-09-14,Imported from meskerem 2018 (Ethiopian) collection sheet
321579af-8e46-54e7-89c2-f7486dd7a3c8,06fa8212-7f04-5497-a2b6-310f1c798b46,,8469f799-0d87-44b4-84e9-b18f6a443ba3,share_purchase,1000,2025-09-14,Imported from meskerem 2018 (Ethiopian) collection sheet
c59cb056-77ef-5710-8567-540e7883e6f6,e2de7857-57f4-52de-9b30-0d0c74d7933f,,8469f799-0d87-44b4-84e9-b18f6a443ba3,savings_deposit,500,2025-09-14,Imported from meskerem 2018 (Ethiopian) collection sheet
d09c04e5-bb33-57d9-8cd1-32d0b6c117b4,e2de7857-57f4-52de-9b30-0d0c74d7933f,,8469f799-0d87-44b4-84e9-b18f6a443ba3,share_purchase,2000,2025-09-14,Imported from meskerem 2018 (Ethiopian) collection sheet
38b0dc44-bb8f-5b53-90ae-3a0e830c9ea7,14097ace-d5d4-58a0-b4e8-d735db008348,,8469f799-0d87-44b4-84e9-b18f6a443ba3,savings_deposit,2000,2025-09-14,Imported from meskerem 2018 (Ethiopian) collection sheet
fc8de0c6-5aa8-5f9c-af5b-c958e410684f,35075fef-07f6-5252-8183-cc3a2f16eb41,,8469f799-0d87-44b4-84e9-b18f6a443ba3,savings_deposit,500,2025-09-14,Imported from meskerem 2018 (Ethiopian) collection sheet
b95747b1-d682-522c-8fde-2a4c0ea6a550,35075fef-07f6-5252-8183-cc3a2f16eb41,,8469f799-0d87-44b4-84e9-b18f6a443ba3,share_purchase,3000,2025-09-14,Imported from meskerem 2018 (Ethiopian) collection sheet
533c114e-f256-5288-b6d9-98461240cfd4,cf50d566-4405-5b00-b14c-0d5020d22c31,,8469f799-0d87-44b4-84e9-b18f6a443ba3,savings_deposit,400,2025-09-14,Imported from meskerem 2018 (Ethiopian) collection sheet
cd68628c-659c-55ab-b549-1d1972a9f0da,cf50d566-4405-5b00-b14c-0d5020d22c31,,8469f799-0d87-44b4-84e9-b18f6a443ba3,penalty_payment,100,2025-09-14,Imported from meskerem 2018 (Ethiopian) collection sheet
edefac28-a257-58f9-a834-08686275245b,5aaf0160-4ec6-5a7c-b189-1ba82739d136,,8469f799-0d87-44b4-84e9-b18f6a443ba3,savings_deposit,1000,2025-09-14,Imported from meskerem 2018 (Ethiopian) collection sheet
d65e7421-bd95-56b9-8bbb-6913a4cd3594,5aaf0160-4ec6-5a7c-b189-1ba82739d136,,8469f799-0d87-44b4-84e9-b18f6a443ba3,share_purchase,1000,2025-09-14,Imported from meskerem 2018 (Ethiopian) collection sheet
7559bdde-d1ff-5c6a-a41c-6d1dbfe53945,5aaf0160-4ec6-5a7c-b189-1ba82739d136,,8469f799-0d87-44b4-84e9-b18f6a443ba3,penalty_payment,50,2025-09-14,Imported from meskerem 2018 (Ethiopian) collection sheet
3a89316d-d32f-59eb-ac92-0e199608cfb4,fc282955-0b0a-54ad-8057-22d4d660b8f3,,8469f799-0d87-44b4-84e9-b18f6a443ba3,savings_deposit,1000,2025-09-14,Imported from meskerem 2018 (Ethiopian) collection sheet
e21b84a0-ab15-58a3-bc4d-b0df89a78c7d,7ff58eac-03b8-5c06-83a7-d23117961668,,8469f799-0d87-44b4-84e9-b18f6a443ba3,savings_deposit,500,2025-09-14,Imported from meskerem 2018 (Ethiopian) collection sheet
a1c7853c-df65-5070-9a81-4f94f5d2fe2b,9fcf7196-5811-531b-9d09-c74999451007,,8469f799-0d87-44b4-84e9-b18f6a443ba3,savings_deposit,1300,2025-09-14,Imported from meskerem 2018 (Ethiopian) collection sheet
351f85b8-2eb3-5699-8aad-70a7d13a6a7b,9fcf7196-5811-531b-9d09-c74999451007,,8469f799-0d87-44b4-84e9-b18f6a443ba3,share_purchase,3500,2025-09-14,Imported from meskerem 2018 (Ethiopian) collection sheet
983cd999-5087-54e9-829b-5536ce415a23,b2efb9cd-1182-562a-9d94-094f7d382bee,,8469f799-0d87-44b4-84e9-b18f6a443ba3,savings_deposit,300,2025-09-14,Imported from meskerem 2018 (Ethiopian) collection sheet
e0025411-22d1-5d5d-883e-1163b0bd1e2a,3912ff00-0f6f-5b2c-9347-85cf4836d771,,8469f799-0d87-44b4-84e9-b18f6a443ba3,savings_deposit,300,2025-09-14,Imported from meskerem 2018 (Ethiopian) collection sheet
6299a089-1af1-5332-b403-3712d3791489,4c6be39b-4741-5654-aa09-b6dafa25137a,,8469f799-0d87-44b4-84e9-b18f6a443ba3,savings_deposit,1000,2025-09-14,Imported from meskerem 2018 (Ethiopian) collection sheet
62702f24-a313-502d-81e9-333df4cb69ee,50b83ed9-e5bb-5b8d-8732-2ec2c6a7205b,,8469f799-0d87-44b4-84e9-b18f6a443ba3,savings_deposit,500,2025-09-14,Imported from meskerem 2018 (Ethiopian) collection sheet
fe90e908-c2cd-56ec-81b7-352edb516608,50b83ed9-e5bb-5b8d-8732-2ec2c6a7205b,,8469f799-0d87-44b4-84e9-b18f6a443ba3,share_purchase,2000,2025-09-14,Imported from meskerem 2018 (Ethiopian) collection sheet
dd7d4813-2b5a-5cc2-a848-cdb0dd0f625e,18556b09-0ab4-5885-9547-840bf5c1f616,,8469f799-0d87-44b4-84e9-b18f6a443ba3,savings_deposit,2000,2025-09-14,Imported from meskerem 2018 (Ethiopian) collection sheet
34b1f5d4-0f91-5f6c-aedb-3217ae8230d4,18556b09-0ab4-5885-9547-840bf5c1f616,,8469f799-0d87-44b4-84e9-b18f6a443ba3,share_purchase,3000,2025-09-14,Imported from meskerem 2018 (Ethiopian) collection sheet
30535057-dc25-5566-b29d-341fa0da15a3,0d708cf3-ad24-508c-9c92-a1ec38825d05,,8469f799-0d87-44b4-84e9-b18f6a443ba3,savings_deposit,500,2025-09-14,Imported from meskerem 2018 (Ethiopian) collection sheet
d01bb22a-7bf1-5df0-a2fe-f0f065d6b662,0d708cf3-ad24-508c-9c92-a1ec38825d05,,8469f799-0d87-44b4-84e9-b18f6a443ba3,share_purchase,1000,2025-09-14,Imported from meskerem 2018 (Ethiopian) collection sheet
4ab1f22b-3768-5f83-812e-21d27e87d81f,d4f2023e-279b-5701-8eef-b0a0e9d3688a,,8469f799-0d87-44b4-84e9-b18f6a443ba3,savings_deposit,300,2025-09-14,Imported from meskerem 2018 (Ethiopian) collection sheet
83448892-0cc1-538a-86a3-5ffd15e6b673,d4f2023e-279b-5701-8eef-b0a0e9d3688a,,8469f799-0d87-44b4-84e9-b18f6a443ba3,share_purchase,1000,2025-09-14,Imported from meskerem 2018 (Ethiopian) collection sheet
ecabce47-ca66-5a94-ad15-7af783661c1a,a98c7ead-82e7-5f45-864a-3bf83a0a2643,,8469f799-0d87-44b4-84e9-b18f6a443ba3,savings_deposit,500,2025-09-14,Imported from meskerem 2018 (Ethiopian) collection sheet
fc74ffac-9527-5a1c-9504-0e707449a9b6,06b63cbb-2bdb-5025-9578-7e7dea866a46,,8469f799-0d87-44b4-84e9-b18f6a443ba3,savings_deposit,500,2025-09-14,Imported from meskerem 2018 (Ethiopian) collection sheet
7aa9758e-0190-50b0-a16d-439eeef2a1d8,06b63cbb-2bdb-5025-9578-7e7dea866a46,,8469f799-0d87-44b4-84e9-b18f6a443ba3,share_purchase,4500,2025-09-14,Imported from meskerem 2018 (Ethiopian) collection sheet
88ad9976-3442-54ab-b51b-68b5e13b0ae0,a05a8645-6102-52e9-8c87-199ab572e309,,8469f799-0d87-44b4-84e9-b18f6a443ba3,savings_deposit,1000,2025-09-14,Imported from meskerem 2018 (Ethiopian) collection sheet
99d0d763-c382-5e80-bb10-fee577fc3ada,284e696c-3949-5c06-ba88-16fccaa4ade9,,8469f799-0d87-44b4-84e9-b18f6a443ba3,savings_deposit,1000,2025-09-14,Imported from meskerem 2018 (Ethiopian) collection sheet
253fabb7-cb81-50cd-b010-099d31ce52f1,284e696c-3949-5c06-ba88-16fccaa4ade9,,8469f799-0d87-44b4-84e9-b18f6a443ba3,share_purchase,2000,2025-09-14,Imported from meskerem 2018 (Ethiopian) collection sheet
f2b4f1bf-e9f2-525d-bdbe-f4f5a817f908,284e696c-3949-5c06-ba88-16fccaa4ade9,,8469f799-0d87-44b4-84e9-b18f6a443ba3,registration_fee,400,2025-09-14,Imported from meskerem 2018 (Ethiopian) collection sheet
f7b983a4-4a1a-5b03-9ed0-efc14d321bae,284e696c-3949-5c06-ba88-16fccaa4ade9,,8469f799-0d87-44b4-84e9-b18f6a443ba3,card_fee,150,2025-09-14,Imported from meskerem 2018 (Ethiopian) collection sheet
2ffa10ce-d5da-5056-aa2d-7c9add0f85a4,f5ed49cd-2af4-523f-9a48-b4c14551e8eb,,8469f799-0d87-44b4-84e9-b18f6a443ba3,savings_deposit,410,2025-09-14,Imported from meskerem 2018 (Ethiopian) collection sheet
7b204cbd-c980-5c68-8753-7bad80ffce31,f5ed49cd-2af4-523f-9a48-b4c14551e8eb,,8469f799-0d87-44b4-84e9-b18f6a443ba3,share_purchase,2000,2025-09-14,Imported from meskerem 2018 (Ethiopian) collection sheet
5ec0f2df-e620-525a-a071-495fb1d2d498,f5ed49cd-2af4-523f-9a48-b4c14551e8eb,,8469f799-0d87-44b4-84e9-b18f6a443ba3,registration_fee,400,2025-09-14,Imported from meskerem 2018 (Ethiopian) collection sheet
fa6f9a8d-00d5-58b3-bbd1-1d39a2e2b191,f5ed49cd-2af4-523f-9a48-b4c14551e8eb,,8469f799-0d87-44b4-84e9-b18f6a443ba3,card_fee,150,2025-09-14,Imported from meskerem 2018 (Ethiopian) collection sheet
b4e07230-69c6-5b72-9b52-3c50599287a2,efb40953-7213-50c9-9529-b8fc3cdb7d92,,8469f799-0d87-44b4-84e9-b18f6a443ba3,savings_deposit,300,2025-09-14,Imported from meskerem 2018 (Ethiopian) collection sheet
85ba1908-17d5-53df-a462-b23dbfdfa19b,efb40953-7213-50c9-9529-b8fc3cdb7d92,,8469f799-0d87-44b4-84e9-b18f6a443ba3,share_purchase,2000,2025-09-14,Imported from meskerem 2018 (Ethiopian) collection sheet
f39b2e31-4550-5af0-ba75-6895ed67125c,efb40953-7213-50c9-9529-b8fc3cdb7d92,,8469f799-0d87-44b4-84e9-b18f6a443ba3,registration_fee,400,2025-09-14,Imported from meskerem 2018 (Ethiopian) collection sheet
ab8607df-8913-5275-a2b2-9ff4c5ff61f1,efb40953-7213-50c9-9529-b8fc3cdb7d92,,8469f799-0d87-44b4-84e9-b18f6a443ba3,card_fee,150,2025-09-14,Imported from meskerem 2018 (Ethiopian) collection sheet
4f681df5-319a-56b4-9e16-2bc076b31cac,ae168754-dc53-53bb-8759-fdf401fd7c06,,8469f799-0d87-44b4-84e9-b18f6a443ba3,savings_deposit,300,2025-09-14,Imported from meskerem 2018 (Ethiopian) collection sheet
8cf871e8-4dc0-5073-b0d3-cef4a72dc8a5,ae168754-dc53-53bb-8759-fdf401fd7c06,,8469f799-0d87-44b4-84e9-b18f6a443ba3,share_purchase,2000,2025-09-14,Imported from meskerem 2018 (Ethiopian) collection sheet
37369944-f191-590b-a715-d008a5afef11,ae168754-dc53-53bb-8759-fdf401fd7c06,,8469f799-0d87-44b4-84e9-b18f6a443ba3,registration_fee,400,2025-09-14,Imported from meskerem 2018 (Ethiopian) collection sheet
6a4d1c01-7696-5ff9-9b51-3a7a92b43963,ae168754-dc53-53bb-8759-fdf401fd7c06,,8469f799-0d87-44b4-84e9-b18f6a443ba3,card_fee,150,2025-09-14,Imported from meskerem 2018 (Ethiopian) collection sheet
7d8af623-7887-548e-9206-7e9c062199e1,bef556d7-3b69-5f7b-9805-f9f2d36e7ad4,,8469f799-0d87-44b4-84e9-b18f6a443ba3,savings_deposit,400,2025-09-14,Imported from meskerem 2018 (Ethiopian) collection sheet
15e881db-bf57-52d1-a496-f7df9546f48b,bef556d7-3b69-5f7b-9805-f9f2d36e7ad4,,8469f799-0d87-44b4-84e9-b18f6a443ba3,share_purchase,1000,2025-09-14,Imported from meskerem 2018 (Ethiopian) collection sheet
62782dbf-db51-5767-89fd-4aece67e6c5f,bef556d7-3b69-5f7b-9805-f9f2d36e7ad4,,8469f799-0d87-44b4-84e9-b18f6a443ba3,registration_fee,400,2025-09-14,Imported from meskerem 2018 (Ethiopian) collection sheet
2ffe7e1f-f96a-55a6-bf60-59ee0466c463,bef556d7-3b69-5f7b-9805-f9f2d36e7ad4,,8469f799-0d87-44b4-84e9-b18f6a443ba3,card_fee,150,2025-09-14,Imported from meskerem 2018 (Ethiopian) collection sheet
30f8f65e-5832-5903-be7b-96d3696689f0,570068f9-c44a-5f37-b264-42d09d4fc9d0,,8469f799-0d87-44b4-84e9-b18f6a443ba3,savings_deposit,1000,2025-09-14,Imported from meskerem 2018 (Ethiopian) collection sheet
a138250e-9ee3-580d-ae41-b410bca25c29,570068f9-c44a-5f37-b264-42d09d4fc9d0,,8469f799-0d87-44b4-84e9-b18f6a443ba3,share_purchase,5000,2025-09-14,Imported from meskerem 2018 (Ethiopian) collection sheet
ca222fca-e874-5e85-bb9c-825881fc3b01,570068f9-c44a-5f37-b264-42d09d4fc9d0,,8469f799-0d87-44b4-84e9-b18f6a443ba3,registration_fee,400,2025-09-14,Imported from meskerem 2018 (Ethiopian) collection sheet
b45532a2-f5f3-561c-993b-4e86931801b9,570068f9-c44a-5f37-b264-42d09d4fc9d0,,8469f799-0d87-44b4-84e9-b18f6a443ba3,card_fee,150,2025-09-14,Imported from meskerem 2018 (Ethiopian) collection sheet
03b1d4a8-f369-5cec-b101-520095b3ec82,96d80a6e-8b0c-5f54-a94f-6a423e77e285,,8469f799-0d87-44b4-84e9-b18f6a443ba3,savings_deposit,450,2025-09-14,Imported from meskerem 2018 (Ethiopian) collection sheet
88ca33a7-1535-5ba0-887a-e1630ecddad8,96d80a6e-8b0c-5f54-a94f-6a423e77e285,,8469f799-0d87-44b4-84e9-b18f6a443ba3,share_purchase,4000,2025-09-14,Imported from meskerem 2018 (Ethiopian) collection sheet
2c5cce7f-cfd7-5013-bcd2-53d59caa3774,96d80a6e-8b0c-5f54-a94f-6a423e77e285,,8469f799-0d87-44b4-84e9-b18f6a443ba3,registration_fee,400,2025-09-14,Imported from meskerem 2018 (Ethiopian) collection sheet
a866e0b5-a2da-5cc3-bdff-7fb1e204b855,96d80a6e-8b0c-5f54-a94f-6a423e77e285,,8469f799-0d87-44b4-84e9-b18f6a443ba3,card_fee,150,2025-09-14,Imported from meskerem 2018 (Ethiopian) collection sheet
3abd1e98-da4f-5b76-b214-8ea491f83003,607b812d-459f-5cab-9340-d4ac3326e983,,8469f799-0d87-44b4-84e9-b18f6a443ba3,savings_deposit,495,2025-09-14,Imported from meskerem 2018 (Ethiopian) collection sheet
9c030b0c-b003-5c99-a688-a926dc9a939e,607b812d-459f-5cab-9340-d4ac3326e983,,8469f799-0d87-44b4-84e9-b18f6a443ba3,share_purchase,5000,2025-09-14,Imported from meskerem 2018 (Ethiopian) collection sheet
04532e08-ab47-505c-bd06-069ac8a5eacc,607b812d-459f-5cab-9340-d4ac3326e983,,8469f799-0d87-44b4-84e9-b18f6a443ba3,registration_fee,400,2025-09-14,Imported from meskerem 2018 (Ethiopian) collection sheet
081c6544-e92b-5ef9-b6cb-3fe90927cdf1,607b812d-459f-5cab-9340-d4ac3326e983,,8469f799-0d87-44b4-84e9-b18f6a443ba3,card_fee,150,2025-09-14,Imported from meskerem 2018 (Ethiopian) collection sheet
0bac4d98-b523-57e9-b4ec-5430c6b5bd1c,5906d4be-3a6d-51fc-8fe6-4e5654c5c962,,8469f799-0d87-44b4-84e9-b18f6a443ba3,savings_deposit,1000,2025-09-14,Imported from meskerem 2018 (Ethiopian) collection sheet
abc68b37-bf4d-5cb6-b532-44ccb4fa0cb0,5906d4be-3a6d-51fc-8fe6-4e5654c5c962,,8469f799-0d87-44b4-84e9-b18f6a443ba3,share_purchase,4000,2025-09-14,Imported from meskerem 2018 (Ethiopian) collection sheet
cf228e43-83ed-57f4-8980-a7390ebc32ab,5906d4be-3a6d-51fc-8fe6-4e5654c5c962,,8469f799-0d87-44b4-84e9-b18f6a443ba3,registration_fee,400,2025-09-14,Imported from meskerem 2018 (Ethiopian) collection sheet
726e7a07-0839-5464-8d98-40789ff68047,5906d4be-3a6d-51fc-8fe6-4e5654c5c962,,8469f799-0d87-44b4-84e9-b18f6a443ba3,card_fee,150,2025-09-14,Imported from meskerem 2018 (Ethiopian) collection sheet
485b5866-57dc-5d79-bf5f-3e3937bb4b60,7ce9968c-0a19-5d74-9c35-820ff9e1e6e8,,8469f799-0d87-44b4-84e9-b18f6a443ba3,savings_deposit,1050,2025-10-12,Imported from tikimt 2018 (Ethiopian) collection sheet
b2f84405-df51-5e11-b362-cf65fa9cf9fa,e4827c78-8368-58d0-bf8c-92365bc84c75,,8469f799-0d87-44b4-84e9-b18f6a443ba3,savings_deposit,1000,2025-10-12,Imported from tikimt 2018 (Ethiopian) collection sheet
4f4cfc5d-7c66-5e8b-975e-9e5cee657dc3,01d7976b-a494-5020-aac0-73df2dd9e31b,,8469f799-0d87-44b4-84e9-b18f6a443ba3,savings_deposit,550,2025-10-12,Imported from tikimt 2018 (Ethiopian) collection sheet
5b6c9714-ac6c-5939-8154-60f8dddfc7ec,76dd954f-2718-5744-aa59-ccb1748016b4,,8469f799-0d87-44b4-84e9-b18f6a443ba3,savings_deposit,500,2025-10-12,Imported from tikimt 2018 (Ethiopian) collection sheet
e4fb5891-939c-56db-ba64-17d1d1dc773c,b4d56e1e-236f-5e82-8da0-abe9e0b93b56,,8469f799-0d87-44b4-84e9-b18f6a443ba3,savings_deposit,700,2025-10-12,Imported from tikimt 2018 (Ethiopian) collection sheet
d862a030-6e3e-5df9-bd41-142a36026c84,ec993c4b-d61a-5880-9ca2-8474b057f3f6,,8469f799-0d87-44b4-84e9-b18f6a443ba3,savings_deposit,500,2025-10-12,Imported from tikimt 2018 (Ethiopian) collection sheet
86737bd0-8915-545f-87f7-2464041a1367,73beb1f6-b7bf-54aa-ab3e-eb494fdb1568,,8469f799-0d87-44b4-84e9-b18f6a443ba3,savings_deposit,2000,2025-10-12,Imported from tikimt 2018 (Ethiopian) collection sheet
4ff2f521-1523-52b9-9020-ef014c287dd4,73beb1f6-b7bf-54aa-ab3e-eb494fdb1568,,8469f799-0d87-44b4-84e9-b18f6a443ba3,share_purchase,2032,2025-10-12,Imported from tikimt 2018 (Ethiopian) collection sheet
15fa1361-6f17-559c-92f1-6a3fa6641ba6,bbe40192-271f-518c-bea6-c1478fc552c2,,8469f799-0d87-44b4-84e9-b18f6a443ba3,savings_deposit,400,2025-10-12,Imported from tikimt 2018 (Ethiopian) collection sheet
18c3071d-4a0b-5ea2-807a-1adecde9bf76,bac4fd55-4666-50ee-adee-4d2170814631,,8469f799-0d87-44b4-84e9-b18f6a443ba3,savings_deposit,1000,2025-10-12,Imported from tikimt 2018 (Ethiopian) collection sheet
f7950b9d-e7d7-5ee7-8797-148253d32ac4,bac4fd55-4666-50ee-adee-4d2170814631,,8469f799-0d87-44b4-84e9-b18f6a443ba3,share_purchase,2000,2025-10-12,Imported from tikimt 2018 (Ethiopian) collection sheet
249c7e7a-87aa-5306-b986-55b039919a5f,3cb63966-4581-5528-b803-034ed796a796,,8469f799-0d87-44b4-84e9-b18f6a443ba3,savings_deposit,500,2025-10-12,Imported from tikimt 2018 (Ethiopian) collection sheet
656a4955-1e4e-5083-9e65-91e0cca6d38b,a69a3a62-171b-5523-8fbe-54e569dd29d4,,8469f799-0d87-44b4-84e9-b18f6a443ba3,savings_deposit,500,2025-10-12,Imported from tikimt 2018 (Ethiopian) collection sheet
4e9966a3-a280-514b-abec-889d2636851e,a7f75ced-fef8-5b0f-a28e-cd7f09043280,,8469f799-0d87-44b4-84e9-b18f6a443ba3,savings_deposit,299,2025-10-12,Imported from tikimt 2018 (Ethiopian) collection sheet
e1cb8bfc-3b00-5256-9780-a3915e6e4b28,b89552e4-4718-56a1-a4f8-7c84e72e0506,,8469f799-0d87-44b4-84e9-b18f6a443ba3,savings_deposit,600,2025-10-12,Imported from tikimt 2018 (Ethiopian) collection sheet
2a0a42df-73d8-5f61-8aca-a5cbef7459cf,6d8f0a03-bc10-579e-a58f-2ffa42fcab6f,,8469f799-0d87-44b4-84e9-b18f6a443ba3,savings_deposit,490,2025-10-12,Imported from tikimt 2018 (Ethiopian) collection sheet
7bfb9b37-19b3-5fe2-bd23-b49da54f21b7,0c26b4c4-ac4c-5349-b995-958b76f2805e,,8469f799-0d87-44b4-84e9-b18f6a443ba3,savings_deposit,500,2025-10-12,Imported from tikimt 2018 (Ethiopian) collection sheet
c0f89d08-4810-5dc9-9605-34b833dc627a,501a3774-7945-502f-8519-cff3445f53cf,,8469f799-0d87-44b4-84e9-b18f6a443ba3,savings_deposit,700,2025-10-12,Imported from tikimt 2018 (Ethiopian) collection sheet
926e5884-f0f6-5e11-b7de-e626a4b968b3,247c6df0-a05e-541c-a00a-fb077be873f7,,8469f799-0d87-44b4-84e9-b18f6a443ba3,savings_deposit,339,2025-10-12,Imported from tikimt 2018 (Ethiopian) collection sheet
cb9c9777-bb39-5935-a715-b940503007b3,d56fc296-2f16-5e5a-9004-d4ad49c5658f,,8469f799-0d87-44b4-84e9-b18f6a443ba3,savings_deposit,1000,2025-10-12,Imported from tikimt 2018 (Ethiopian) collection sheet
fdc487c7-1de0-5528-bdf0-4645d19779a1,5d001133-4abc-5416-8360-8277eeaead7d,,8469f799-0d87-44b4-84e9-b18f6a443ba3,savings_deposit,500,2025-10-12,Imported from tikimt 2018 (Ethiopian) collection sheet
8bdb338f-10df-5386-bf65-2580625e8049,abe8c6ff-419f-5b7b-9b1e-b2622924be09,,8469f799-0d87-44b4-84e9-b18f6a443ba3,savings_deposit,1000,2025-10-12,Imported from tikimt 2018 (Ethiopian) collection sheet
c2d4e1d9-078a-5da7-bfc2-4ae06aad2942,e99acf91-e7a6-5999-8aed-0b4c34b2ee85,,8469f799-0d87-44b4-84e9-b18f6a443ba3,savings_deposit,400,2025-10-12,Imported from tikimt 2018 (Ethiopian) collection sheet
a925744c-69e2-52c6-a815-b3d779bb62b8,e75e482c-243f-5e13-aaac-15f1302dd157,,8469f799-0d87-44b4-84e9-b18f6a443ba3,savings_deposit,2000,2025-10-12,Imported from tikimt 2018 (Ethiopian) collection sheet
c20be9f7-cbfd-5be7-b942-3f09ec7df9c2,7b26a460-4f89-52ff-8930-60889b3fd875,,8469f799-0d87-44b4-84e9-b18f6a443ba3,savings_deposit,300,2025-10-12,Imported from tikimt 2018 (Ethiopian) collection sheet
981c4490-8002-5f00-82fd-8b62536b4c52,3c5a6fea-e69b-5312-9684-694c1ee6ebdf,,8469f799-0d87-44b4-84e9-b18f6a443ba3,savings_deposit,300,2025-10-12,Imported from tikimt 2018 (Ethiopian) collection sheet
0eda46b9-d185-58a8-9a52-d4e1bca7ce01,b828959c-5bea-560a-929d-1a5594da53d8,,8469f799-0d87-44b4-84e9-b18f6a443ba3,savings_deposit,304,2025-10-12,Imported from tikimt 2018 (Ethiopian) collection sheet
f143703c-9cee-5786-ad9f-cf9acf62ab4f,9a84e629-b9ce-5ae9-8a74-bb63c9db97b5,,8469f799-0d87-44b4-84e9-b18f6a443ba3,savings_deposit,307,2025-10-12,Imported from tikimt 2018 (Ethiopian) collection sheet
c0043add-e454-5fd0-be2c-16681a5b974a,a102851d-91d9-5d77-ab52-d018bd9be779,,8469f799-0d87-44b4-84e9-b18f6a443ba3,savings_deposit,1000,2025-10-12,Imported from tikimt 2018 (Ethiopian) collection sheet
a9a0ccb9-6e22-5843-8646-37912bf5deb1,4b9a8348-f9f3-52df-8d17-50b8abdeaea6,,8469f799-0d87-44b4-84e9-b18f6a443ba3,savings_deposit,1000,2025-10-12,Imported from tikimt 2018 (Ethiopian) collection sheet
eb6b1f59-c2d4-5719-8799-a2305a51039c,edf171cb-7bb8-5f91-a0e7-0f5f8fecbead,,8469f799-0d87-44b4-84e9-b18f6a443ba3,savings_deposit,500,2025-10-12,Imported from tikimt 2018 (Ethiopian) collection sheet
06d4c4fd-1348-5417-9f8f-4c618b33c7e8,edf171cb-7bb8-5f91-a0e7-0f5f8fecbead,,8469f799-0d87-44b4-84e9-b18f6a443ba3,share_purchase,500,2025-10-12,Imported from tikimt 2018 (Ethiopian) collection sheet
6811dd98-8213-55c4-abef-0b5c2e589442,6e18d32a-3bc0-52b7-8bfe-a677c478fa77,,8469f799-0d87-44b4-84e9-b18f6a443ba3,savings_deposit,1000,2025-10-12,Imported from tikimt 2018 (Ethiopian) collection sheet
3a3bc21b-7bbf-520b-a45a-e7798a5377b6,438c5624-fdbc-5263-965a-9e9da4524827,,8469f799-0d87-44b4-84e9-b18f6a443ba3,savings_deposit,500,2025-10-12,Imported from tikimt 2018 (Ethiopian) collection sheet
03ea0183-d661-50bd-9d55-8c0c3184d701,438c5624-fdbc-5263-965a-9e9da4524827,,8469f799-0d87-44b4-84e9-b18f6a443ba3,share_purchase,1000,2025-10-12,Imported from tikimt 2018 (Ethiopian) collection sheet
0c572a66-c97e-561f-9e8f-4636e4d04149,3f7f10e4-ecdb-55ad-891c-4a5c430edc1f,,8469f799-0d87-44b4-84e9-b18f6a443ba3,savings_deposit,999,2025-10-12,Imported from tikimt 2018 (Ethiopian) collection sheet
4fcd17b3-6b74-5978-a76f-c22b706ca513,f33516c1-ea10-5e53-b29f-9f0005ba22ee,,8469f799-0d87-44b4-84e9-b18f6a443ba3,savings_deposit,300,2025-10-12,Imported from tikimt 2018 (Ethiopian) collection sheet
46860780-1f0f-5089-8d86-92a7988489dd,8e67885d-ff02-5d58-a570-e235a003f3ee,,8469f799-0d87-44b4-84e9-b18f6a443ba3,savings_deposit,833,2025-10-12,Imported from tikimt 2018 (Ethiopian) collection sheet
9dec1b91-c287-52ec-9532-0b43443901e1,8e67885d-ff02-5d58-a570-e235a003f3ee,,8469f799-0d87-44b4-84e9-b18f6a443ba3,share_purchase,3000,2025-10-12,Imported from tikimt 2018 (Ethiopian) collection sheet
3d786f17-5a58-57c6-af2d-b5f8ba87b1f1,d95d868a-9299-557a-8903-e93a509d3b45,,8469f799-0d87-44b4-84e9-b18f6a443ba3,savings_deposit,950,2025-10-12,Imported from tikimt 2018 (Ethiopian) collection sheet
fc1a5e8e-a909-501e-b56c-e616ff1ac629,d95d868a-9299-557a-8903-e93a509d3b45,,8469f799-0d87-44b4-84e9-b18f6a443ba3,penalty_payment,50,2025-10-12,Imported from tikimt 2018 (Ethiopian) collection sheet
045d8ab4-2ec8-5e18-983f-fd87ce7ccdf5,1d3e31ef-6836-593b-86c9-a7ed487b2815,,8469f799-0d87-44b4-84e9-b18f6a443ba3,savings_deposit,300,2025-10-12,Imported from tikimt 2018 (Ethiopian) collection sheet
dbd86383-4127-5502-9abc-3544b80d755f,1d3e31ef-6836-593b-86c9-a7ed487b2815,,8469f799-0d87-44b4-84e9-b18f6a443ba3,share_purchase,1000,2025-10-12,Imported from tikimt 2018 (Ethiopian) collection sheet
911a9804-429c-5e62-8b49-695c57a88fa2,2903a34a-7dd7-5a18-bdc2-00f49fb2ea18,,8469f799-0d87-44b4-84e9-b18f6a443ba3,savings_deposit,500,2025-10-12,Imported from tikimt 2018 (Ethiopian) collection sheet
b07415bb-cdce-5bc1-ab98-1b7837cd266e,57f27bbf-52f5-59d6-a6cd-46b8e16cf6cc,,8469f799-0d87-44b4-84e9-b18f6a443ba3,savings_deposit,1999,2025-10-12,Imported from tikimt 2018 (Ethiopian) collection sheet
4c266631-0312-5d09-bad4-6bab94701dcc,7bce6fd2-030a-5f79-8ff5-8fd865b85427,,8469f799-0d87-44b4-84e9-b18f6a443ba3,savings_deposit,500,2025-10-12,Imported from tikimt 2018 (Ethiopian) collection sheet
434d723e-764a-5dc8-a534-cb5f75ed69cf,f104d8fc-08c1-5425-af09-a40135783bf7,,8469f799-0d87-44b4-84e9-b18f6a443ba3,savings_deposit,2000,2025-10-12,Imported from tikimt 2018 (Ethiopian) collection sheet
3d59b754-2770-58e2-a3f9-8f8073798374,f314716f-ef2a-5bee-8da5-c08e35551753,,8469f799-0d87-44b4-84e9-b18f6a443ba3,savings_deposit,299,2025-10-12,Imported from tikimt 2018 (Ethiopian) collection sheet
b9844590-7eb1-5a16-a54c-2fdc02e9cd3d,48f8809b-e76b-5fe0-8476-816fd1bf7a3d,,8469f799-0d87-44b4-84e9-b18f6a443ba3,savings_deposit,300,2025-10-12,Imported from tikimt 2018 (Ethiopian) collection sheet
4eb226e6-27aa-5198-a954-33c2c31305be,48f8809b-e76b-5fe0-8476-816fd1bf7a3d,,8469f799-0d87-44b4-84e9-b18f6a443ba3,share_purchase,500,2025-10-12,Imported from tikimt 2018 (Ethiopian) collection sheet
aa9c92a5-0b36-5f34-b7d0-a207c089ae5f,153d50f3-26e2-5d61-bf34-38615c211570,,8469f799-0d87-44b4-84e9-b18f6a443ba3,savings_deposit,996,2025-10-12,Imported from tikimt 2018 (Ethiopian) collection sheet
503cdfba-0dbc-5947-b7e7-5f7009b56887,e5b336ba-b0f3-55b3-8c80-2558ac0e5303,,8469f799-0d87-44b4-84e9-b18f6a443ba3,savings_deposit,2000,2025-10-12,Imported from tikimt 2018 (Ethiopian) collection sheet
46fc2d96-2089-5ba7-af7a-ffb0f1bac071,74de8801-16da-5088-ac85-37183499a068,,8469f799-0d87-44b4-84e9-b18f6a443ba3,savings_deposit,1188,2025-10-12,Imported from tikimt 2018 (Ethiopian) collection sheet
872a3068-c800-54b7-a5e6-597459d91087,931b0746-94f4-5576-8f61-cae6f5f4e9fb,,8469f799-0d87-44b4-84e9-b18f6a443ba3,savings_deposit,500,2025-10-12,Imported from tikimt 2018 (Ethiopian) collection sheet
cf30e228-e800-5cb2-ad92-63efb2bdb0ee,a3d64128-76ea-59ec-b4bc-75f491ee497a,,8469f799-0d87-44b4-84e9-b18f6a443ba3,savings_deposit,300,2025-10-12,Imported from tikimt 2018 (Ethiopian) collection sheet
98583509-75cd-58b2-8880-241187c78cd2,853361d8-303e-5f8d-a5b8-e3f4eefa0cc0,,8469f799-0d87-44b4-84e9-b18f6a443ba3,savings_deposit,500,2025-10-12,Imported from tikimt 2018 (Ethiopian) collection sheet
0dfdb3b3-15d3-59d1-9df0-8ff1ecc4f5cb,53ff7ea7-b493-5696-ac33-638e20ed23d6,,8469f799-0d87-44b4-84e9-b18f6a443ba3,savings_deposit,300,2025-10-12,Imported from tikimt 2018 (Ethiopian) collection sheet
02b4ac9b-4612-5b7a-97e5-5841fd03325f,ddb4d203-8783-5e23-9a3d-e72378bfa8c5,,8469f799-0d87-44b4-84e9-b18f6a443ba3,savings_deposit,699,2025-10-12,Imported from tikimt 2018 (Ethiopian) collection sheet
5dd9f464-849f-5560-87bd-1c9156411899,40f55d53-b6d1-5f39-87c3-7a1f51dba41f,,8469f799-0d87-44b4-84e9-b18f6a443ba3,savings_deposit,1500,2025-10-12,Imported from tikimt 2018 (Ethiopian) collection sheet
b5ca2ace-cc81-500c-8723-0bb7b8fc3233,190f76d1-882b-54af-a156-bf8336cf47bc,,8469f799-0d87-44b4-84e9-b18f6a443ba3,savings_deposit,500,2025-10-12,Imported from tikimt 2018 (Ethiopian) collection sheet
234d2ed6-e903-5c36-b082-a294287a2615,2a9148cc-142c-550b-b7ba-dc80a11f4914,,8469f799-0d87-44b4-84e9-b18f6a443ba3,savings_deposit,1000,2025-10-12,Imported from tikimt 2018 (Ethiopian) collection sheet
853c7288-38db-591f-8d33-cb1f8a09473b,063b4232-a6e8-5c72-8949-eac343337d09,,8469f799-0d87-44b4-84e9-b18f6a443ba3,savings_deposit,504,2025-10-12,Imported from tikimt 2018 (Ethiopian) collection sheet
94df299e-1a89-59e3-9425-94db4a16b8c1,e2583ea5-bea6-58c0-88f9-1dd731746ec6,,8469f799-0d87-44b4-84e9-b18f6a443ba3,savings_deposit,500,2025-10-12,Imported from tikimt 2018 (Ethiopian) collection sheet
8c86e9de-3228-59a2-be71-2b28ca2dbb63,e2583ea5-bea6-58c0-88f9-1dd731746ec6,,8469f799-0d87-44b4-84e9-b18f6a443ba3,share_purchase,800,2025-10-12,Imported from tikimt 2018 (Ethiopian) collection sheet
dcad87f9-c713-5a5a-910c-db1c07779722,291b70c1-e4ab-514f-a557-232a75feb979,,8469f799-0d87-44b4-84e9-b18f6a443ba3,savings_deposit,1000,2025-10-12,Imported from tikimt 2018 (Ethiopian) collection sheet
4fc418fa-0179-5713-b2e7-8a06127aa8f4,291b70c1-e4ab-514f-a557-232a75feb979,,8469f799-0d87-44b4-84e9-b18f6a443ba3,card_fee,150,2025-10-12,Imported from tikimt 2018 (Ethiopian) collection sheet
3d4f92a4-20b3-5129-895d-d7ceb57b7b50,234ef2cd-10db-5e9f-b1a9-c0696ebce40d,,8469f799-0d87-44b4-84e9-b18f6a443ba3,savings_deposit,1000,2025-10-12,Imported from tikimt 2018 (Ethiopian) collection sheet
c2fe1728-5a23-5568-8220-dd7aaeb9cbbc,ed85c919-5c3b-5eb4-95c8-b11e7698c38d,,8469f799-0d87-44b4-84e9-b18f6a443ba3,savings_deposit,950,2025-10-12,Imported from tikimt 2018 (Ethiopian) collection sheet
d3ad1c1c-8cd6-5b50-a29b-ba8fb99e557d,ed85c919-5c3b-5eb4-95c8-b11e7698c38d,,8469f799-0d87-44b4-84e9-b18f6a443ba3,penalty_payment,50,2025-10-12,Imported from tikimt 2018 (Ethiopian) collection sheet
94317256-7b20-5fd3-9e4d-60fb74671925,8c7cc508-4acf-5805-95a1-d2256303fc96,,8469f799-0d87-44b4-84e9-b18f6a443ba3,savings_deposit,600,2025-10-12,Imported from tikimt 2018 (Ethiopian) collection sheet
04430557-0262-50e0-bf12-5d614f0a9de5,8c7cc508-4acf-5805-95a1-d2256303fc96,,8469f799-0d87-44b4-84e9-b18f6a443ba3,penalty_payment,50,2025-10-12,Imported from tikimt 2018 (Ethiopian) collection sheet
36edc13d-1d2f-59a5-8aa8-3107d3362812,c0ec6910-d9a3-55c0-a9e2-a88a91225030,,8469f799-0d87-44b4-84e9-b18f6a443ba3,savings_deposit,490,2025-10-12,Imported from tikimt 2018 (Ethiopian) collection sheet
c5c48292-0df6-5f33-bb18-1e174162b44a,3061b4b5-43d6-5a2f-bc12-e65c7d0b2a07,,8469f799-0d87-44b4-84e9-b18f6a443ba3,savings_deposit,580,2025-10-12,Imported from tikimt 2018 (Ethiopian) collection sheet
801dcc13-982a-5649-ac7c-fdd2a234bb37,46482174-29d4-5343-8060-527c13d865f2,,8469f799-0d87-44b4-84e9-b18f6a443ba3,savings_deposit,500,2025-10-12,Imported from tikimt 2018 (Ethiopian) collection sheet
0d91ddb8-4615-5eeb-a3ed-adbd6cf80dc4,46482174-29d4-5343-8060-527c13d865f2,,8469f799-0d87-44b4-84e9-b18f6a443ba3,share_purchase,1500,2025-10-12,Imported from tikimt 2018 (Ethiopian) collection sheet
429394d7-1433-5f5a-a6a9-06581279433c,5ddc26e5-de48-59a0-83d7-94f66b9e4603,,8469f799-0d87-44b4-84e9-b18f6a443ba3,savings_deposit,1500,2025-10-12,Imported from tikimt 2018 (Ethiopian) collection sheet
8bda2dab-3063-595e-8f6f-217d1b3dfd0f,5ddc26e5-de48-59a0-83d7-94f66b9e4603,,8469f799-0d87-44b4-84e9-b18f6a443ba3,share_purchase,500,2025-10-12,Imported from tikimt 2018 (Ethiopian) collection sheet
b01aa6f0-f722-5180-8c60-efca055d8677,f34fe5ba-00a1-513e-ba67-47de67cfb5e0,,8469f799-0d87-44b4-84e9-b18f6a443ba3,savings_deposit,500,2025-10-12,Imported from tikimt 2018 (Ethiopian) collection sheet
8abcf5fd-d7fb-589a-a41b-34d56add3de2,e56738c4-4c2f-5a94-9f05-992ceed2b0d3,,8469f799-0d87-44b4-84e9-b18f6a443ba3,savings_deposit,500,2025-10-12,Imported from tikimt 2018 (Ethiopian) collection sheet
cf56bd74-be74-591c-b78b-84181ae1a0af,e56738c4-4c2f-5a94-9f05-992ceed2b0d3,,8469f799-0d87-44b4-84e9-b18f6a443ba3,share_purchase,500,2025-10-12,Imported from tikimt 2018 (Ethiopian) collection sheet
c50fc9ad-1809-5b72-8856-625fcd381fc0,525ba4e9-91e9-5ad0-9f9c-8861cfbb699d,,8469f799-0d87-44b4-84e9-b18f6a443ba3,savings_deposit,400,2025-10-12,Imported from tikimt 2018 (Ethiopian) collection sheet
48e8f5a3-4d1a-50c2-a725-623b78dea12f,5cce1f82-3f5e-5e69-920e-b32eba9c0204,,8469f799-0d87-44b4-84e9-b18f6a443ba3,savings_deposit,500,2025-10-12,Imported from tikimt 2018 (Ethiopian) collection sheet
bd44eb32-56ac-5fb5-9cc5-7837c3aefc47,45af6e13-a8f4-56f2-8ef9-b73c7dd5cdd1,,8469f799-0d87-44b4-84e9-b18f6a443ba3,savings_deposit,799,2025-10-12,Imported from tikimt 2018 (Ethiopian) collection sheet
c95ec7a0-ceaf-5d76-8fdb-e724f0486c37,6c1cccc7-063d-5548-96bf-c8b76b4609bc,,8469f799-0d87-44b4-84e9-b18f6a443ba3,savings_deposit,500,2025-10-12,Imported from tikimt 2018 (Ethiopian) collection sheet
6425db05-8930-5365-b5a0-460a17fabb1a,f1f985d6-f79a-5a7e-9417-a15eac7249c0,,8469f799-0d87-44b4-84e9-b18f6a443ba3,savings_deposit,998,2025-10-12,Imported from tikimt 2018 (Ethiopian) collection sheet
e71d4773-c62f-5026-bf22-705412bb43d3,fa2151db-7eef-5c30-9e07-8de3985ca350,,8469f799-0d87-44b4-84e9-b18f6a443ba3,savings_deposit,799,2025-10-12,Imported from tikimt 2018 (Ethiopian) collection sheet
b2e833cc-2920-591b-baf7-8c00fee6be23,57956ee2-c849-545e-b15b-4724a8b68210,,8469f799-0d87-44b4-84e9-b18f6a443ba3,savings_deposit,300,2025-10-12,Imported from tikimt 2018 (Ethiopian) collection sheet
3fc95d00-99bd-5450-9643-7db3779ed270,3d0bbb7f-ffd0-58b8-a762-659e62ff49c6,,8469f799-0d87-44b4-84e9-b18f6a443ba3,savings_deposit,300,2025-10-12,Imported from tikimt 2018 (Ethiopian) collection sheet
6e45c6da-cbae-52a3-a772-363c65d6d0c6,3d0bbb7f-ffd0-58b8-a762-659e62ff49c6,,8469f799-0d87-44b4-84e9-b18f6a443ba3,share_purchase,500,2025-10-12,Imported from tikimt 2018 (Ethiopian) collection sheet
5a8a9acb-fc11-5ff3-8f8a-e1ebd83d70fe,851c52ee-df4c-5558-bf08-b4d8183abfa5,,8469f799-0d87-44b4-84e9-b18f6a443ba3,savings_deposit,916,2025-10-12,Imported from tikimt 2018 (Ethiopian) collection sheet
9116723a-1820-5991-bb92-39fdb87e19d6,7c5ca725-9ded-56ac-b940-fac936b46282,,8469f799-0d87-44b4-84e9-b18f6a443ba3,savings_deposit,300,2025-10-12,Imported from tikimt 2018 (Ethiopian) collection sheet
919f8de3-2d2a-52b1-b528-8f33622ed9b5,aad6fb2e-75fe-52ed-b422-b6f3666b5d3e,,8469f799-0d87-44b4-84e9-b18f6a443ba3,savings_deposit,300,2025-10-12,Imported from tikimt 2018 (Ethiopian) collection sheet
d39307a5-ca2a-5bab-a54c-c7c8abd6390c,aad6fb2e-75fe-52ed-b422-b6f3666b5d3e,,8469f799-0d87-44b4-84e9-b18f6a443ba3,share_purchase,2000,2025-10-12,Imported from tikimt 2018 (Ethiopian) collection sheet
e2f28a16-dc5e-50b8-8c7b-5ba102cdc5f6,36fd29c5-a786-5484-b733-86fbfe2c1184,,8469f799-0d87-44b4-84e9-b18f6a443ba3,savings_deposit,500,2025-10-12,Imported from tikimt 2018 (Ethiopian) collection sheet
8e512f57-eade-583e-b062-2a1d28367657,455b7b7c-a0ec-5e51-9939-03896ecd0f48,,8469f799-0d87-44b4-84e9-b18f6a443ba3,savings_deposit,300,2025-10-12,Imported from tikimt 2018 (Ethiopian) collection sheet
41ad443b-e8ed-5e2a-82b2-5bc36d4d8d2d,92ece406-1c58-5c89-ab67-c39497211f35,,8469f799-0d87-44b4-84e9-b18f6a443ba3,savings_deposit,1000,2025-10-12,Imported from tikimt 2018 (Ethiopian) collection sheet
647b2dff-a2ee-5cb9-9ef6-3fe9e010f16b,ad62a251-c5c5-57dd-8560-f3108d7e018d,,8469f799-0d87-44b4-84e9-b18f6a443ba3,savings_deposit,1000,2025-10-12,Imported from tikimt 2018 (Ethiopian) collection sheet
74f521e0-9861-5c6d-a0fe-10bc82e636f7,702a64d1-c195-57b1-a80b-b826bdb158e3,,8469f799-0d87-44b4-84e9-b18f6a443ba3,savings_deposit,1435,2025-10-12,Imported from tikimt 2018 (Ethiopian) collection sheet
614e9735-7d79-598e-a7d2-e641c89d7415,a53169c6-8855-52ab-958f-9f12cb9a5575,,8469f799-0d87-44b4-84e9-b18f6a443ba3,savings_deposit,300,2025-10-12,Imported from tikimt 2018 (Ethiopian) collection sheet
c23be6d0-031e-50e5-9f0c-26a2ae6c752f,a53169c6-8855-52ab-958f-9f12cb9a5575,,8469f799-0d87-44b4-84e9-b18f6a443ba3,share_purchase,1000,2025-10-12,Imported from tikimt 2018 (Ethiopian) collection sheet
aa904578-394f-5e24-b164-8259fac44f19,b3753ad4-8917-51cb-bcf2-00be4a652cf5,,8469f799-0d87-44b4-84e9-b18f6a443ba3,savings_deposit,397,2025-10-12,Imported from tikimt 2018 (Ethiopian) collection sheet
1fbe07ab-c1eb-5302-ba08-472aeed430f5,4eddb914-b607-5910-8203-d43303149149,,8469f799-0d87-44b4-84e9-b18f6a443ba3,savings_deposit,614,2025-10-12,Imported from tikimt 2018 (Ethiopian) collection sheet
eb5e951a-c26e-561c-96a2-551962ff708d,4eddb914-b607-5910-8203-d43303149149,,8469f799-0d87-44b4-84e9-b18f6a443ba3,share_purchase,264,2025-10-12,Imported from tikimt 2018 (Ethiopian) collection sheet
513cdd50-0caa-55d9-8e53-84b89ff611a3,4eddb914-b607-5910-8203-d43303149149,,8469f799-0d87-44b4-84e9-b18f6a443ba3,penalty_payment,100,2025-10-12,Imported from tikimt 2018 (Ethiopian) collection sheet
6b136e0d-4abb-53e9-9a99-7c61c15ea9e6,e80494f0-91cb-543b-a13a-cf7a4d60e8b2,,8469f799-0d87-44b4-84e9-b18f6a443ba3,savings_deposit,2000,2025-10-12,Imported from tikimt 2018 (Ethiopian) collection sheet
a57a62a8-f188-527b-b54c-b1f685fd0b14,0a763b72-8599-5994-a69c-29167da29bf0,,8469f799-0d87-44b4-84e9-b18f6a443ba3,savings_deposit,300,2025-10-12,Imported from tikimt 2018 (Ethiopian) collection sheet
32147856-5425-52ee-a61d-50e293ed0a99,39b48c41-03c3-5fbf-a867-a7f46fa34122,,8469f799-0d87-44b4-84e9-b18f6a443ba3,savings_deposit,300,2025-10-12,Imported from tikimt 2018 (Ethiopian) collection sheet
7e765844-5b24-5d28-a6ed-14480189fef2,ca334b3d-3acd-52a7-983e-ec5b0e203b72,,8469f799-0d87-44b4-84e9-b18f6a443ba3,savings_deposit,1044,2025-10-12,Imported from tikimt 2018 (Ethiopian) collection sheet
b79d39f7-cc0c-507f-b252-94c29e2586db,3c2609c2-54e1-5a48-9a86-1bc3e84f3051,,8469f799-0d87-44b4-84e9-b18f6a443ba3,savings_deposit,2000,2025-10-12,Imported from tikimt 2018 (Ethiopian) collection sheet
92c4f3dc-8992-5fb0-8386-83f1dbd91a5f,125f3d29-ba17-5171-83d2-afeea46bbc03,,8469f799-0d87-44b4-84e9-b18f6a443ba3,savings_deposit,299,2025-10-12,Imported from tikimt 2018 (Ethiopian) collection sheet
eebbd28a-3cbc-59ba-9cbb-ab3719df7819,1a488e67-9018-5d60-b55e-10337a44cc31,,8469f799-0d87-44b4-84e9-b18f6a443ba3,savings_deposit,500,2025-10-12,Imported from tikimt 2018 (Ethiopian) collection sheet
a932d1be-0b9d-57aa-ad43-92c887ebf458,8032a0c2-dae9-57ba-86fc-1a9d80962ddf,,8469f799-0d87-44b4-84e9-b18f6a443ba3,savings_deposit,999,2025-10-12,Imported from tikimt 2018 (Ethiopian) collection sheet
169c7ab9-b0bb-566d-be8b-fa3ac441a015,71f4c2a5-fe70-5477-a35d-3ffbef658197,,8469f799-0d87-44b4-84e9-b18f6a443ba3,savings_deposit,1000,2025-10-12,Imported from tikimt 2018 (Ethiopian) collection sheet
9a02c30b-8edf-5e82-b147-8707337841e8,71f4c2a5-fe70-5477-a35d-3ffbef658197,,8469f799-0d87-44b4-84e9-b18f6a443ba3,share_purchase,534,2025-10-12,Imported from tikimt 2018 (Ethiopian) collection sheet
5e4c3db0-861c-5b4a-ba6f-1ebb6f9427d1,f2f1058c-5d30-5571-8877-d28487edbe16,,8469f799-0d87-44b4-84e9-b18f6a443ba3,savings_deposit,554,2025-10-12,Imported from tikimt 2018 (Ethiopian) collection sheet
7bbd7359-87c2-5a53-ac9b-5b39ca5aa3a2,34dd36a5-118a-5e12-a67f-3b49d921bb51,,8469f799-0d87-44b4-84e9-b18f6a443ba3,savings_deposit,1000,2025-10-12,Imported from tikimt 2018 (Ethiopian) collection sheet
c48aa1df-5e2f-5db6-ac66-247782e45685,6f5c0e57-34ab-5a5f-9d91-ae406320fc26,,8469f799-0d87-44b4-84e9-b18f6a443ba3,savings_deposit,1000,2025-10-12,Imported from tikimt 2018 (Ethiopian) collection sheet
040be79b-b8cb-55a5-8609-94a6b5793546,8cd9b157-768a-527a-90b5-2d0d4628c94a,,8469f799-0d87-44b4-84e9-b18f6a443ba3,savings_deposit,500,2025-10-12,Imported from tikimt 2018 (Ethiopian) collection sheet
fd5be4cf-1406-5785-adf4-8ab3e907f543,354b4c37-2e0b-5f50-923f-75e9c0064233,,8469f799-0d87-44b4-84e9-b18f6a443ba3,savings_deposit,500,2025-10-12,Imported from tikimt 2018 (Ethiopian) collection sheet
2e5892f5-8680-5f90-89ff-7ce6f35d801f,354b4c37-2e0b-5f50-923f-75e9c0064233,,8469f799-0d87-44b4-84e9-b18f6a443ba3,share_purchase,10000,2025-10-12,Imported from tikimt 2018 (Ethiopian) collection sheet
6df0b814-21e3-5f64-9c92-d5445a4224b0,c74a373f-3f8b-59a4-b68d-a6569e7e8345,,8469f799-0d87-44b4-84e9-b18f6a443ba3,savings_deposit,320,2025-10-12,Imported from tikimt 2018 (Ethiopian) collection sheet
6b1b8b11-87b8-523a-9090-4e9edebba2dd,977128b0-a9c7-513f-8db5-812416bc280f,,8469f799-0d87-44b4-84e9-b18f6a443ba3,savings_deposit,300,2025-10-12,Imported from tikimt 2018 (Ethiopian) collection sheet
e4108d59-5e9d-5c88-811c-f3b90178b2db,977128b0-a9c7-513f-8db5-812416bc280f,,8469f799-0d87-44b4-84e9-b18f6a443ba3,share_purchase,30000,2025-10-12,Imported from tikimt 2018 (Ethiopian) collection sheet
90488eef-30e8-5ad9-94b7-a4028db9114a,a1f289ae-ae47-540a-9fe1-8887c6c02727,,8469f799-0d87-44b4-84e9-b18f6a443ba3,savings_deposit,1499,2025-10-12,Imported from tikimt 2018 (Ethiopian) collection sheet
79fd4edc-4e96-5cd1-82e5-70534b326458,f4d3c897-4e25-51d1-bd31-b5266a7f6180,,8469f799-0d87-44b4-84e9-b18f6a443ba3,savings_deposit,500,2025-10-12,Imported from tikimt 2018 (Ethiopian) collection sheet
08722c9c-4043-587f-b2ea-8d08e668943e,cd0872ad-8f7d-5a15-b293-edc89f474de3,,8469f799-0d87-44b4-84e9-b18f6a443ba3,savings_deposit,499,2025-10-12,Imported from tikimt 2018 (Ethiopian) collection sheet
81b492f6-b412-5afd-8852-8703717b3927,2e5e1ac8-b2fe-5bd4-a1e3-f4032579bda0,,8469f799-0d87-44b4-84e9-b18f6a443ba3,savings_deposit,500,2025-10-12,Imported from tikimt 2018 (Ethiopian) collection sheet
7bcdeb91-6dcc-55ba-a501-d63f3a349e0e,10f1f992-35ba-5068-a0f7-9f831a267ccb,,8469f799-0d87-44b4-84e9-b18f6a443ba3,savings_deposit,1001,2025-10-12,Imported from tikimt 2018 (Ethiopian) collection sheet
c17d0c33-09ff-5055-97d7-2efea6752a46,051eb74f-3bea-595a-a4dc-f08b2b9bf711,,8469f799-0d87-44b4-84e9-b18f6a443ba3,savings_deposit,500,2025-10-12,Imported from tikimt 2018 (Ethiopian) collection sheet
441bf4a5-c5be-552f-af89-02b34d41a194,051eb74f-3bea-595a-a4dc-f08b2b9bf711,,8469f799-0d87-44b4-84e9-b18f6a443ba3,share_purchase,716,2025-10-12,Imported from tikimt 2018 (Ethiopian) collection sheet
ca772736-57b7-5581-bfad-f3bb62de7aeb,4eed4f71-e460-5a5b-9916-34719987c2aa,,8469f799-0d87-44b4-84e9-b18f6a443ba3,savings_deposit,1000,2025-10-12,Imported from tikimt 2018 (Ethiopian) collection sheet
945740aa-7049-5c5a-a63e-fc47afcd7e64,3d152d6f-ed5b-5cce-82c4-f386a9ee0ce4,,8469f799-0d87-44b4-84e9-b18f6a443ba3,savings_deposit,360,2025-10-12,Imported from tikimt 2018 (Ethiopian) collection sheet
137cdc00-1b7b-5dfa-a66e-406a5899282e,54dcf52c-ffc8-508a-83e0-26063fb2621a,,8469f799-0d87-44b4-84e9-b18f6a443ba3,savings_deposit,509,2025-10-12,Imported from tikimt 2018 (Ethiopian) collection sheet
fd801d20-c085-5f31-8772-e492b5907fe7,54dcf52c-ffc8-508a-83e0-26063fb2621a,,8469f799-0d87-44b4-84e9-b18f6a443ba3,share_purchase,4362,2025-10-12,Imported from tikimt 2018 (Ethiopian) collection sheet
6565ffd2-f5d5-54c2-90fe-0b77c09c6f90,c8989434-079a-5278-9c33-cac561d3427a,,8469f799-0d87-44b4-84e9-b18f6a443ba3,savings_deposit,1000,2025-10-12,Imported from tikimt 2018 (Ethiopian) collection sheet
5bc76943-2868-56e0-91de-fc7251463d42,c8989434-079a-5278-9c33-cac561d3427a,,8469f799-0d87-44b4-84e9-b18f6a443ba3,share_purchase,2355,2025-10-12,Imported from tikimt 2018 (Ethiopian) collection sheet
1eb36f58-22c2-5fea-ada9-049e2b051bcf,0a09f5ef-5adc-5dbb-b71c-6ea36ec43987,,8469f799-0d87-44b4-84e9-b18f6a443ba3,savings_deposit,1000,2025-10-12,Imported from tikimt 2018 (Ethiopian) collection sheet
4d920827-a628-558d-95d9-bbc931effbc0,2f80699b-30f8-50d9-b2c6-484d7f9dc1ec,,8469f799-0d87-44b4-84e9-b18f6a443ba3,savings_deposit,300,2025-10-12,Imported from tikimt 2018 (Ethiopian) collection sheet
86ae3350-b58e-5a8a-80dd-2cf96312bd94,170f7791-7bf0-577c-a043-64fb779a31d9,,8469f799-0d87-44b4-84e9-b18f6a443ba3,savings_deposit,1400,2025-10-12,Imported from tikimt 2018 (Ethiopian) collection sheet
7f5039ab-1618-57cb-b2dd-7f37da647ca8,170f7791-7bf0-577c-a043-64fb779a31d9,,8469f799-0d87-44b4-84e9-b18f6a443ba3,penalty_payment,100,2025-10-12,Imported from tikimt 2018 (Ethiopian) collection sheet
4510a179-2f48-5a9a-8c9f-d897454a88b6,00996b02-5241-589e-aeb7-425449f40eb8,,8469f799-0d87-44b4-84e9-b18f6a443ba3,savings_deposit,1000,2025-10-12,Imported from tikimt 2018 (Ethiopian) collection sheet
fb5930ed-3b67-549e-a2f8-2f3dfe2d15d1,00996b02-5241-589e-aeb7-425449f40eb8,,8469f799-0d87-44b4-84e9-b18f6a443ba3,share_purchase,1000,2025-10-12,Imported from tikimt 2018 (Ethiopian) collection sheet
e60d590c-33c5-5b26-9c4b-59d06fb0fbbb,beb33a9f-37f1-5872-8cb9-1e26996f8407,,8469f799-0d87-44b4-84e9-b18f6a443ba3,savings_deposit,500,2025-10-12,Imported from tikimt 2018 (Ethiopian) collection sheet
1edac8f2-0548-5f2a-a83f-49eeb1a38429,76f88045-5002-5b6e-9681-43b735316605,,8469f799-0d87-44b4-84e9-b18f6a443ba3,savings_deposit,600,2025-10-12,Imported from tikimt 2018 (Ethiopian) collection sheet
d6ca12e7-bf39-5b23-b349-7861924aec79,76f88045-5002-5b6e-9681-43b735316605,,8469f799-0d87-44b4-84e9-b18f6a443ba3,share_purchase,723,2025-10-12,Imported from tikimt 2018 (Ethiopian) collection sheet
c9cdc8ff-fbb4-51fa-9cdc-2a9bf040f936,76f88045-5002-5b6e-9681-43b735316605,,8469f799-0d87-44b4-84e9-b18f6a443ba3,penalty_payment,77,2025-10-12,Imported from tikimt 2018 (Ethiopian) collection sheet
f2047275-2a70-5b62-9798-3aee4ca9b476,bdb182bc-d9f0-5a24-932e-123d5da6612b,,8469f799-0d87-44b4-84e9-b18f6a443ba3,savings_deposit,300,2025-10-12,Imported from tikimt 2018 (Ethiopian) collection sheet
d7be704e-ab3e-5505-aa0d-3f94c0a158ec,991e35bc-30fb-5dc8-ac2b-8018c60eddb2,,8469f799-0d87-44b4-84e9-b18f6a443ba3,savings_deposit,500,2025-10-12,Imported from tikimt 2018 (Ethiopian) collection sheet
4ef4abc1-5853-55af-a87a-3903c30e80ca,62734299-08da-5759-bcec-2ee0c758799c,,8469f799-0d87-44b4-84e9-b18f6a443ba3,savings_deposit,299,2025-10-12,Imported from tikimt 2018 (Ethiopian) collection sheet
cb3fdc86-d296-5ce8-83cb-fadc25f13c5a,869176ce-c515-5353-b0dd-d5925b52340d,,8469f799-0d87-44b4-84e9-b18f6a443ba3,savings_deposit,300,2025-10-12,Imported from tikimt 2018 (Ethiopian) collection sheet
4c80e4ca-a769-5c88-b30c-729106a9b757,aee4b7df-f455-5168-970e-5b37cd8740d3,,8469f799-0d87-44b4-84e9-b18f6a443ba3,savings_deposit,500,2025-10-12,Imported from tikimt 2018 (Ethiopian) collection sheet
a865af1b-9989-5eb7-8cb9-7d1c1dfe1568,d7d27b5f-57d6-5506-9ce7-7ab56fd82b56,,8469f799-0d87-44b4-84e9-b18f6a443ba3,savings_deposit,500,2025-10-12,Imported from tikimt 2018 (Ethiopian) collection sheet
743e8dc0-666f-5c92-a5a8-2ece7c4c4a20,3bbb05b3-76ad-58f1-891b-6777e08fe734,,8469f799-0d87-44b4-84e9-b18f6a443ba3,savings_deposit,500,2025-10-12,Imported from tikimt 2018 (Ethiopian) collection sheet
80a79be1-36e3-573e-9cd8-b434d985ecd6,f4772095-a982-5f67-9483-de5bd0269aa2,,8469f799-0d87-44b4-84e9-b18f6a443ba3,savings_deposit,700,2025-10-12,Imported from tikimt 2018 (Ethiopian) collection sheet
7db7841d-60a6-5b83-8f38-edc928aff31a,b1242fc4-085a-59d9-bd25-3d53db393a95,,8469f799-0d87-44b4-84e9-b18f6a443ba3,savings_deposit,300,2025-10-12,Imported from tikimt 2018 (Ethiopian) collection sheet
93546347-78de-5480-ac79-cd42d9e76ac3,73e6cb68-bbf3-5dd1-84d3-1cba1163b07f,,8469f799-0d87-44b4-84e9-b18f6a443ba3,savings_deposit,300,2025-10-12,Imported from tikimt 2018 (Ethiopian) collection sheet
e76c0bcd-9ae9-5a6d-a0cc-245c594ec6c2,a4356662-e458-54c8-9ee5-b90949d068cd,,8469f799-0d87-44b4-84e9-b18f6a443ba3,savings_deposit,500,2025-10-12,Imported from tikimt 2018 (Ethiopian) collection sheet
aa863647-35b5-5ca1-afc0-97f86e3378fd,72a8896e-535f-58b2-9a53-39bcdd203fce,,8469f799-0d87-44b4-84e9-b18f6a443ba3,savings_deposit,300,2025-10-12,Imported from tikimt 2018 (Ethiopian) collection sheet
42fb7376-507e-5be6-a49f-a9b34a6cff68,a6ebd1b9-8689-5540-b5c3-376f9dc47bdb,,8469f799-0d87-44b4-84e9-b18f6a443ba3,savings_deposit,1000,2025-10-12,Imported from tikimt 2018 (Ethiopian) collection sheet
50d42ec9-948b-55d8-a3a4-e6a273ac0510,60c2f8aa-0358-56b0-9984-d4186f05f767,,8469f799-0d87-44b4-84e9-b18f6a443ba3,savings_deposit,500,2025-10-12,Imported from tikimt 2018 (Ethiopian) collection sheet
2e8c9627-b0f1-56f5-b310-b88e1b7113b7,cb6fbfe0-6561-5ae8-abb0-22e11f38b62b,,8469f799-0d87-44b4-84e9-b18f6a443ba3,savings_deposit,500,2025-10-12,Imported from tikimt 2018 (Ethiopian) collection sheet
4e918433-66bf-5cf2-b2f3-1ca4069fb2b1,c25c27a2-8d3d-5fa4-99d5-1712bde7ef39,,8469f799-0d87-44b4-84e9-b18f6a443ba3,savings_deposit,500,2025-10-12,Imported from tikimt 2018 (Ethiopian) collection sheet
bcc94fb4-7898-5b66-8c05-7c519576426e,1ad8f71e-4f15-52fb-8ad6-158e2ccac339,,8469f799-0d87-44b4-84e9-b18f6a443ba3,savings_deposit,500,2025-10-12,Imported from tikimt 2018 (Ethiopian) collection sheet
22366913-d7c3-5711-a182-73897aec78dd,1ad8f71e-4f15-52fb-8ad6-158e2ccac339,,8469f799-0d87-44b4-84e9-b18f6a443ba3,share_purchase,500,2025-10-12,Imported from tikimt 2018 (Ethiopian) collection sheet
60cbe5b2-a07b-55d2-bde7-d9a660b4812d,f76d7cab-6a2e-5d14-89da-26ccafbd3be0,,8469f799-0d87-44b4-84e9-b18f6a443ba3,savings_deposit,500,2025-10-12,Imported from tikimt 2018 (Ethiopian) collection sheet
c362e98a-11a8-5be3-b489-51b0b6b0a49b,f76d7cab-6a2e-5d14-89da-26ccafbd3be0,,8469f799-0d87-44b4-84e9-b18f6a443ba3,share_purchase,1000,2025-10-12,Imported from tikimt 2018 (Ethiopian) collection sheet
aca551e7-14da-5260-801b-e7aa72bdd75c,fc4352be-369e-5598-8274-98a6cae1f207,,8469f799-0d87-44b4-84e9-b18f6a443ba3,savings_deposit,500,2025-10-12,Imported from tikimt 2018 (Ethiopian) collection sheet
613040de-053a-5783-9091-82d4228e7d23,c3a66182-f9eb-55b0-a3f4-fe924a4dec95,,8469f799-0d87-44b4-84e9-b18f6a443ba3,savings_deposit,500,2025-10-12,Imported from tikimt 2018 (Ethiopian) collection sheet
246fb448-f395-57b8-b6b1-da8640d336b3,d3faf4eb-9546-5aa9-9995-1d985500ac16,,8469f799-0d87-44b4-84e9-b18f6a443ba3,savings_deposit,500,2025-10-12,Imported from tikimt 2018 (Ethiopian) collection sheet
b4600f4b-29c0-515c-b879-5aa4541f75cc,d3faf4eb-9546-5aa9-9995-1d985500ac16,,8469f799-0d87-44b4-84e9-b18f6a443ba3,share_purchase,500,2025-10-12,Imported from tikimt 2018 (Ethiopian) collection sheet
eed8ad8c-df8b-52d8-ad0f-d868fa9dc484,6c8bee9a-74b1-5e90-afac-e0a6e165fcef,,8469f799-0d87-44b4-84e9-b18f6a443ba3,savings_deposit,1000,2025-10-12,Imported from tikimt 2018 (Ethiopian) collection sheet
ade8dd39-a332-5f42-b836-fe54cf5acc0e,6c8bee9a-74b1-5e90-afac-e0a6e165fcef,,8469f799-0d87-44b4-84e9-b18f6a443ba3,share_purchase,2000,2025-10-12,Imported from tikimt 2018 (Ethiopian) collection sheet
1edc8919-757e-5988-8e20-1dff72b6b4d6,53198375-0834-5854-95d3-f14812d02e9f,,8469f799-0d87-44b4-84e9-b18f6a443ba3,savings_deposit,500,2025-10-12,Imported from tikimt 2018 (Ethiopian) collection sheet
47020c17-3ddf-516a-b09d-251b3fb95f5c,53198375-0834-5854-95d3-f14812d02e9f,,8469f799-0d87-44b4-84e9-b18f6a443ba3,share_purchase,500,2025-10-12,Imported from tikimt 2018 (Ethiopian) collection sheet
c929e969-dbf8-5cb5-a786-34434032a5a6,653a7e72-171e-5a5b-a8bc-a744f16e7542,,8469f799-0d87-44b4-84e9-b18f6a443ba3,savings_deposit,1000,2025-10-12,Imported from tikimt 2018 (Ethiopian) collection sheet
504e3e5c-840d-5b48-a161-051f0b73e745,653a7e72-171e-5a5b-a8bc-a744f16e7542,,8469f799-0d87-44b4-84e9-b18f6a443ba3,share_purchase,1000,2025-10-12,Imported from tikimt 2018 (Ethiopian) collection sheet
0b888898-57eb-5833-ae5c-36940591c3a3,439dca62-e8ee-5687-96ba-ed76048724b5,,8469f799-0d87-44b4-84e9-b18f6a443ba3,savings_deposit,500,2025-10-12,Imported from tikimt 2018 (Ethiopian) collection sheet
f3cff3de-ebf8-5230-85b3-749493f0df59,9bcb279d-1071-5ff0-aae5-53ea184ce725,,8469f799-0d87-44b4-84e9-b18f6a443ba3,savings_deposit,500,2025-10-12,Imported from tikimt 2018 (Ethiopian) collection sheet
acddd8e8-1685-56ae-9178-98f720065670,fdf165ea-a6ad-5b9a-a7ed-146969ee7817,,8469f799-0d87-44b4-84e9-b18f6a443ba3,savings_deposit,500,2025-10-12,Imported from tikimt 2018 (Ethiopian) collection sheet
feb26de1-dc4d-5674-a3a4-57eda7696368,319312c6-6801-528d-b138-81bcf7aba92e,,8469f799-0d87-44b4-84e9-b18f6a443ba3,savings_deposit,749,2025-10-12,Imported from tikimt 2018 (Ethiopian) collection sheet
fce8056f-94f1-552e-b774-a9857eb41503,c5281824-d45c-5e75-baa4-aa7ba6b9b4eb,,8469f799-0d87-44b4-84e9-b18f6a443ba3,savings_deposit,300,2025-10-12,Imported from tikimt 2018 (Ethiopian) collection sheet
b6e51a7b-294e-53e9-86de-300bf7f3ae78,c4233303-1584-59c8-aeac-bf513bb11394,,8469f799-0d87-44b4-84e9-b18f6a443ba3,penalty_payment,202,2025-10-12,Imported from tikimt 2018 (Ethiopian) collection sheet
876a4b26-2ea9-5acc-87aa-7f0938226a0b,db201c20-177d-50e8-848a-515d6842903d,,8469f799-0d87-44b4-84e9-b18f6a443ba3,savings_deposit,938,2025-10-12,Imported from tikimt 2018 (Ethiopian) collection sheet
b4ef4b27-c687-583b-a1bf-b4d726179fb2,db201c20-177d-50e8-848a-515d6842903d,,8469f799-0d87-44b4-84e9-b18f6a443ba3,penalty_payment,150,2025-10-12,Imported from tikimt 2018 (Ethiopian) collection sheet
7cc36c66-5075-59af-8431-e6e74fda6cfc,0bc38e75-0d03-50eb-9d02-a102d730494c,,8469f799-0d87-44b4-84e9-b18f6a443ba3,savings_deposit,1000,2025-10-12,Imported from tikimt 2018 (Ethiopian) collection sheet
9994be59-a7ac-5bcd-8f91-b3d56e51da06,0bc38e75-0d03-50eb-9d02-a102d730494c,,8469f799-0d87-44b4-84e9-b18f6a443ba3,share_purchase,1157,2025-10-12,Imported from tikimt 2018 (Ethiopian) collection sheet
e6d2ced2-8b75-575c-b9d0-4d41fbdadb0e,a771f0ce-7daf-5dc3-8fdf-a04e8fe108cc,,8469f799-0d87-44b4-84e9-b18f6a443ba3,savings_deposit,1000,2025-10-12,Imported from tikimt 2018 (Ethiopian) collection sheet
00871166-b237-5142-8e21-3bf8f55eac51,a771f0ce-7daf-5dc3-8fdf-a04e8fe108cc,,8469f799-0d87-44b4-84e9-b18f6a443ba3,penalty_payment,50,2025-10-12,Imported from tikimt 2018 (Ethiopian) collection sheet
74ec0e1a-cba8-5923-bcc4-31a0792d0713,fdaaa5b7-6f56-5f9a-8cb6-1134927a1df1,,8469f799-0d87-44b4-84e9-b18f6a443ba3,savings_deposit,1000,2025-10-12,Imported from tikimt 2018 (Ethiopian) collection sheet
62a46314-d48f-5e82-bd80-786c7733c75a,fdaaa5b7-6f56-5f9a-8cb6-1134927a1df1,,8469f799-0d87-44b4-84e9-b18f6a443ba3,penalty_payment,50,2025-10-12,Imported from tikimt 2018 (Ethiopian) collection sheet
f979393e-86a8-5926-a262-f2d80d2ee30d,7fae6c72-43fe-5d36-982a-f1436b8aa936,,8469f799-0d87-44b4-84e9-b18f6a443ba3,savings_deposit,1000,2025-10-12,Imported from tikimt 2018 (Ethiopian) collection sheet
eba85f49-d8e2-5056-bc48-3560cfda2c67,7fae6c72-43fe-5d36-982a-f1436b8aa936,,8469f799-0d87-44b4-84e9-b18f6a443ba3,share_purchase,2050,2025-10-12,Imported from tikimt 2018 (Ethiopian) collection sheet
c5c2d029-2fd8-5655-8cba-c476c6784492,7fae6c72-43fe-5d36-982a-f1436b8aa936,,8469f799-0d87-44b4-84e9-b18f6a443ba3,penalty_payment,100,2025-10-12,Imported from tikimt 2018 (Ethiopian) collection sheet
7a27220f-80b9-56f0-b87d-bfe96342f503,dc05a34e-7603-5430-8644-1006b5eb9ce8,,8469f799-0d87-44b4-84e9-b18f6a443ba3,savings_deposit,500,2025-10-12,Imported from tikimt 2018 (Ethiopian) collection sheet
f9fb28b1-3e69-5adc-8964-66acd8b76a3f,dc05a34e-7603-5430-8644-1006b5eb9ce8,,8469f799-0d87-44b4-84e9-b18f6a443ba3,share_purchase,1000,2025-10-12,Imported from tikimt 2018 (Ethiopian) collection sheet
3a9d5234-74b0-5873-9b32-932db1300c0a,1312a235-bded-5cc9-9115-fbe26eb8d4ff,,8469f799-0d87-44b4-84e9-b18f6a443ba3,savings_deposit,86,2025-10-12,Imported from tikimt 2018 (Ethiopian) collection sheet
576db8f7-62a6-50dc-83b0-ffe8b9e0b4fb,00504940-bbb4-52dd-9bed-81b31d16e60c,,8469f799-0d87-44b4-84e9-b18f6a443ba3,savings_deposit,300,2025-10-12,Imported from tikimt 2018 (Ethiopian) collection sheet
4f2e4fbf-bf15-53bc-9c2f-784ddd875746,4c1c461a-ae9f-5b76-980a-956c802b4225,,8469f799-0d87-44b4-84e9-b18f6a443ba3,savings_deposit,300,2025-10-12,Imported from tikimt 2018 (Ethiopian) collection sheet
63ecccdb-a581-50a6-b866-3bf1844b8ab8,4c1c461a-ae9f-5b76-980a-956c802b4225,,8469f799-0d87-44b4-84e9-b18f6a443ba3,share_purchase,1000,2025-10-12,Imported from tikimt 2018 (Ethiopian) collection sheet
087641f8-521f-5148-ba5c-325ffc1ac3a5,7de65b59-a390-528f-9574-24528382dc93,,8469f799-0d87-44b4-84e9-b18f6a443ba3,savings_deposit,500,2025-10-12,Imported from tikimt 2018 (Ethiopian) collection sheet
68129649-c41f-5a53-8f6c-bc78645a6383,094105d3-95fc-5ef8-9498-a9da1f7bd987,,8469f799-0d87-44b4-84e9-b18f6a443ba3,savings_deposit,500,2025-10-12,Imported from tikimt 2018 (Ethiopian) collection sheet
5ba45d86-54ca-54bf-b6a5-aedb8893e13b,6c7e695e-1c69-5ba8-8e86-11220259cea5,,8469f799-0d87-44b4-84e9-b18f6a443ba3,savings_deposit,1000,2025-10-12,Imported from tikimt 2018 (Ethiopian) collection sheet
7424dbc0-944b-5f99-9f96-8514274aa76f,6c7e695e-1c69-5ba8-8e86-11220259cea5,,8469f799-0d87-44b4-84e9-b18f6a443ba3,share_purchase,4224,2025-10-12,Imported from tikimt 2018 (Ethiopian) collection sheet
2379c624-1f17-5a5c-9783-cd7341f2a19c,640b242e-d25d-5d03-ac35-6d4ada4340a4,,8469f799-0d87-44b4-84e9-b18f6a443ba3,savings_deposit,500,2025-10-12,Imported from tikimt 2018 (Ethiopian) collection sheet
b528f723-d0da-5be9-8e27-d4b31dcfa4da,640b242e-d25d-5d03-ac35-6d4ada4340a4,,8469f799-0d87-44b4-84e9-b18f6a443ba3,share_purchase,500,2025-10-12,Imported from tikimt 2018 (Ethiopian) collection sheet
4080c919-4396-581f-95c0-39739793694c,b6399dcf-1caa-5da3-bb09-d4f79922e2ed,,8469f799-0d87-44b4-84e9-b18f6a443ba3,savings_deposit,500,2025-10-12,Imported from tikimt 2018 (Ethiopian) collection sheet
2e8a2639-26e4-588a-94a0-02317badc48f,fcee7f90-a4ed-5bb4-bc0a-7f04623c694a,,8469f799-0d87-44b4-84e9-b18f6a443ba3,savings_deposit,500,2025-10-12,Imported from tikimt 2018 (Ethiopian) collection sheet
82d29066-446b-5439-9b0f-606d13eaad5d,980a1405-2a66-53ba-b246-90cc1bcd9824,,8469f799-0d87-44b4-84e9-b18f6a443ba3,savings_deposit,500,2025-10-12,Imported from tikimt 2018 (Ethiopian) collection sheet
8d601735-e798-52d1-829b-38f75b42142a,ae5e0f27-63ff-5cfe-b320-5839eccb0f39,,8469f799-0d87-44b4-84e9-b18f6a443ba3,savings_deposit,303,2025-10-12,Imported from tikimt 2018 (Ethiopian) collection sheet
01892471-1a74-5da6-a759-01d002bcb135,ef277d2b-5aa9-5a2b-aa4a-b0a2d5730154,,8469f799-0d87-44b4-84e9-b18f6a443ba3,savings_deposit,450,2025-10-12,Imported from tikimt 2018 (Ethiopian) collection sheet
3de6b1c8-7f8a-5a46-9bf6-15be6ad5ef6c,ef277d2b-5aa9-5a2b-aa4a-b0a2d5730154,,8469f799-0d87-44b4-84e9-b18f6a443ba3,share_purchase,2000,2025-10-12,Imported from tikimt 2018 (Ethiopian) collection sheet
ff5281ab-624b-5435-9e72-2c1e0c42fb36,ef277d2b-5aa9-5a2b-aa4a-b0a2d5730154,,8469f799-0d87-44b4-84e9-b18f6a443ba3,penalty_payment,50,2025-10-12,Imported from tikimt 2018 (Ethiopian) collection sheet
f2e9f89d-8673-55af-bc7f-1dc54a0ab9c5,f21a7119-21e1-5886-a094-aeef9ea90120,,8469f799-0d87-44b4-84e9-b18f6a443ba3,savings_deposit,499,2025-10-12,Imported from tikimt 2018 (Ethiopian) collection sheet
0f49164a-259b-5f3b-a4d2-0a9f07caa4c7,286ecb3c-8211-53a0-97be-24e354b06a1d,,8469f799-0d87-44b4-84e9-b18f6a443ba3,savings_deposit,300,2025-10-12,Imported from tikimt 2018 (Ethiopian) collection sheet
e0af8d84-25b0-5fb2-ab55-ae465f39ad44,737a8d1b-4900-52ab-a075-9e94a6135e5a,,8469f799-0d87-44b4-84e9-b18f6a443ba3,savings_deposit,600,2025-10-12,Imported from tikimt 2018 (Ethiopian) collection sheet
b5d4a57b-c5b3-5c8c-ad94-f519bf7587cc,d82e3094-7b6c-5331-b605-63ab2e240d21,,8469f799-0d87-44b4-84e9-b18f6a443ba3,savings_deposit,1000,2025-10-12,Imported from tikimt 2018 (Ethiopian) collection sheet
82130c42-50ed-535c-808d-da65b9b917ab,47ec08e9-732a-5965-8cd9-d5cd3b4e9c48,,8469f799-0d87-44b4-84e9-b18f6a443ba3,savings_deposit,500,2025-10-12,Imported from tikimt 2018 (Ethiopian) collection sheet
095521b1-52bf-5901-a6b4-abdb25e64c65,760554fa-d88d-565f-8205-3c6ef1abd75c,,8469f799-0d87-44b4-84e9-b18f6a443ba3,savings_deposit,1400,2025-10-12,Imported from tikimt 2018 (Ethiopian) collection sheet
977c3817-86d7-57ea-8bf4-054a28515230,85a64810-64c3-58ca-86e7-eb62fc6c2060,,8469f799-0d87-44b4-84e9-b18f6a443ba3,savings_deposit,300,2025-10-12,Imported from tikimt 2018 (Ethiopian) collection sheet
4e2b58bd-fbfc-5427-99bc-ac820f3f62e9,85a64810-64c3-58ca-86e7-eb62fc6c2060,,8469f799-0d87-44b4-84e9-b18f6a443ba3,share_purchase,950,2025-10-12,Imported from tikimt 2018 (Ethiopian) collection sheet
2a49c9e2-278a-594c-8a87-c890c076c2b7,85a64810-64c3-58ca-86e7-eb62fc6c2060,,8469f799-0d87-44b4-84e9-b18f6a443ba3,penalty_payment,50,2025-10-12,Imported from tikimt 2018 (Ethiopian) collection sheet
7ba59541-30e6-5b9b-9b52-799b1c9a33cf,a2e78812-b8db-5915-ac41-4c459014f26f,,8469f799-0d87-44b4-84e9-b18f6a443ba3,savings_deposit,400,2025-10-12,Imported from tikimt 2018 (Ethiopian) collection sheet
4cce7de3-bc49-559a-897b-578adf94026b,a2e78812-b8db-5915-ac41-4c459014f26f,,8469f799-0d87-44b4-84e9-b18f6a443ba3,share_purchase,1000,2025-10-12,Imported from tikimt 2018 (Ethiopian) collection sheet
98c69649-6fa5-5418-ac8d-04f075c4484f,48348d28-35b4-5a0c-b871-86b6516eadc9,,8469f799-0d87-44b4-84e9-b18f6a443ba3,savings_deposit,500,2025-10-12,Imported from tikimt 2018 (Ethiopian) collection sheet
3c3368a9-f4be-5421-bb53-46c90c682b15,48348d28-35b4-5a0c-b871-86b6516eadc9,,8469f799-0d87-44b4-84e9-b18f6a443ba3,share_purchase,1000,2025-10-12,Imported from tikimt 2018 (Ethiopian) collection sheet
7e756b54-da08-512d-ac13-ee0ee44dd60c,2cb9dc21-141f-5c94-a3a2-53c9146b95d9,,8469f799-0d87-44b4-84e9-b18f6a443ba3,savings_deposit,1999,2025-10-12,Imported from tikimt 2018 (Ethiopian) collection sheet
e2fcb115-4d72-52ac-9241-cfd97fce8a33,28376a0f-18b1-5402-b40c-67d5b9b27df0,,8469f799-0d87-44b4-84e9-b18f6a443ba3,savings_deposit,25,2025-10-12,Imported from tikimt 2018 (Ethiopian) collection sheet
0becd17b-1a6d-5cd0-bd0d-e6e010e98f9d,28376a0f-18b1-5402-b40c-67d5b9b27df0,,8469f799-0d87-44b4-84e9-b18f6a443ba3,penalty_payment,140,2025-10-12,Imported from tikimt 2018 (Ethiopian) collection sheet
92e1df6e-b35a-53e8-b095-d3bcf79e0752,b32fac1a-aa87-568b-b93b-e5763112b61d,,8469f799-0d87-44b4-84e9-b18f6a443ba3,savings_deposit,500,2025-10-12,Imported from tikimt 2018 (Ethiopian) collection sheet
65d25d30-092c-5d50-97cc-2534527f87d5,414b6ffc-f127-5a64-9f70-c41106f36639,,8469f799-0d87-44b4-84e9-b18f6a443ba3,savings_deposit,1000,2025-10-12,Imported from tikimt 2018 (Ethiopian) collection sheet
c6f4ac42-0a12-5056-a1a9-321487ba037f,049218fa-9e5a-5b66-b2bd-8b33630b5130,,8469f799-0d87-44b4-84e9-b18f6a443ba3,savings_deposit,519,2025-10-12,Imported from tikimt 2018 (Ethiopian) collection sheet
2bb844b6-1803-595e-98cb-512772fcefed,35fdeddd-15b6-5e4f-ae4d-0470a098c6bb,,8469f799-0d87-44b4-84e9-b18f6a443ba3,savings_deposit,1000,2025-10-12,Imported from tikimt 2018 (Ethiopian) collection sheet
c5dd54fd-6843-5c43-ba81-9440ebc6feb5,643e30d9-af60-5c78-a1d6-74388a9af0f9,,8469f799-0d87-44b4-84e9-b18f6a443ba3,savings_deposit,1000,2025-10-12,Imported from tikimt 2018 (Ethiopian) collection sheet
4ebcaaf7-8d61-5337-a2c2-ae1f2620aaa3,643e30d9-af60-5c78-a1d6-74388a9af0f9,,8469f799-0d87-44b4-84e9-b18f6a443ba3,share_purchase,1000,2025-10-12,Imported from tikimt 2018 (Ethiopian) collection sheet
dcb2b6da-fc18-5603-ae4d-937784467ee4,0c0a5dc8-0a60-5d67-9aba-378c65dfad91,,8469f799-0d87-44b4-84e9-b18f6a443ba3,savings_deposit,500,2025-10-12,Imported from tikimt 2018 (Ethiopian) collection sheet
4a31e1dc-07fa-5cbd-838d-c4eabd22c20f,f88d8e5f-0ed1-5e58-bdfc-8df9e93c0195,,8469f799-0d87-44b4-84e9-b18f6a443ba3,savings_deposit,500,2025-10-12,Imported from tikimt 2018 (Ethiopian) collection sheet
8263013f-b5ee-55c4-927e-6f39c13aa070,f88d8e5f-0ed1-5e58-bdfc-8df9e93c0195,,8469f799-0d87-44b4-84e9-b18f6a443ba3,share_purchase,1000,2025-10-12,Imported from tikimt 2018 (Ethiopian) collection sheet
8f7ed671-88d1-5135-b211-c0f28eb5ae98,7e79d9ef-cc12-51b8-8044-3ca5e1e3d377,,8469f799-0d87-44b4-84e9-b18f6a443ba3,savings_deposit,500,2025-10-12,Imported from tikimt 2018 (Ethiopian) collection sheet
bc71f695-69c8-5c18-980b-36c510d7e916,7e79d9ef-cc12-51b8-8044-3ca5e1e3d377,,8469f799-0d87-44b4-84e9-b18f6a443ba3,share_purchase,500,2025-10-12,Imported from tikimt 2018 (Ethiopian) collection sheet
4c039b6a-7117-5f2e-b55c-44c618e52884,40cd2138-10ea-53af-a42e-8bb58521e9ae,,8469f799-0d87-44b4-84e9-b18f6a443ba3,savings_deposit,500,2025-10-12,Imported from tikimt 2018 (Ethiopian) collection sheet
ce7010e5-6e3d-54b2-9adf-9293a9be414f,fd4fc03e-beed-599e-a862-bf1ebb489d28,,8469f799-0d87-44b4-84e9-b18f6a443ba3,savings_deposit,500,2025-10-12,Imported from tikimt 2018 (Ethiopian) collection sheet
4075922a-2133-54df-8083-899bcb67d074,a31db2ec-9d4a-5d1a-b551-cc423673ea8a,,8469f799-0d87-44b4-84e9-b18f6a443ba3,savings_deposit,300,2025-10-12,Imported from tikimt 2018 (Ethiopian) collection sheet
f6410845-2a91-5e39-b84d-caec8f849372,7b0770a8-2173-5070-80f4-3cc171ab8378,,8469f799-0d87-44b4-84e9-b18f6a443ba3,savings_deposit,2000,2025-10-12,Imported from tikimt 2018 (Ethiopian) collection sheet
da44f5ff-a4a6-5e78-bad6-f0780d7aa221,7b0770a8-2173-5070-80f4-3cc171ab8378,,8469f799-0d87-44b4-84e9-b18f6a443ba3,share_purchase,8000,2025-10-12,Imported from tikimt 2018 (Ethiopian) collection sheet
32973191-1274-561d-81c5-3960420019bb,a4abc03d-99d2-5421-9712-1e1eb35acc37,,8469f799-0d87-44b4-84e9-b18f6a443ba3,savings_deposit,300,2025-10-12,Imported from tikimt 2018 (Ethiopian) collection sheet
1d5fe6f0-172c-55e6-823b-13f4c7775b3b,f7a5e560-da9b-5bf0-96c3-9a087507a3a5,,8469f799-0d87-44b4-84e9-b18f6a443ba3,savings_deposit,500,2025-10-12,Imported from tikimt 2018 (Ethiopian) collection sheet
42739611-c2e0-5d3f-b75b-dfe5a1275ada,a9e1deed-561a-5838-8766-2fb2c036ea29,,8469f799-0d87-44b4-84e9-b18f6a443ba3,savings_deposit,1000,2025-10-12,Imported from tikimt 2018 (Ethiopian) collection sheet
6b23f9ce-ed57-5a42-9121-99712a268b82,26cf5d2f-1d72-5d7f-ada9-7379077b11ae,,8469f799-0d87-44b4-84e9-b18f6a443ba3,savings_deposit,500,2025-10-12,Imported from tikimt 2018 (Ethiopian) collection sheet
b2e24fed-8f79-5251-9960-be3c36858c53,d413f918-479b-57e9-87d9-23d6708d8d81,,8469f799-0d87-44b4-84e9-b18f6a443ba3,savings_deposit,500,2025-10-12,Imported from tikimt 2018 (Ethiopian) collection sheet
694cb02d-9b0f-54ad-b301-6fb1fb63efc2,f2915524-e894-5bde-aecd-da2bed49a70c,,8469f799-0d87-44b4-84e9-b18f6a443ba3,savings_deposit,500,2025-10-12,Imported from tikimt 2018 (Ethiopian) collection sheet
fdfd5e58-3011-5ebd-9c87-8f89401669ce,8cbc921c-b09b-5afb-8361-fa63c61ffd8a,,8469f799-0d87-44b4-84e9-b18f6a443ba3,savings_deposit,500,2025-10-12,Imported from tikimt 2018 (Ethiopian) collection sheet
f217f71a-4424-5a85-8ce1-5b83f9f7fd9e,1f0dbffc-ffca-5b20-b4fb-3b17fbe5a239,,8469f799-0d87-44b4-84e9-b18f6a443ba3,savings_deposit,1000,2025-10-12,Imported from tikimt 2018 (Ethiopian) collection sheet
97cca5ad-af3b-5326-b1c6-17a299049c9c,1f0dbffc-ffca-5b20-b4fb-3b17fbe5a239,,8469f799-0d87-44b4-84e9-b18f6a443ba3,share_purchase,1000,2025-10-12,Imported from tikimt 2018 (Ethiopian) collection sheet
407dcde0-71bc-594b-aa81-55953e2e6333,b5824845-954a-56c9-92b3-946cdcce91f7,,8469f799-0d87-44b4-84e9-b18f6a443ba3,savings_deposit,500,2025-10-12,Imported from tikimt 2018 (Ethiopian) collection sheet
5096b3d5-2012-5ea3-8299-a2b6f73c8a8e,b5824845-954a-56c9-92b3-946cdcce91f7,,8469f799-0d87-44b4-84e9-b18f6a443ba3,share_purchase,1500,2025-10-12,Imported from tikimt 2018 (Ethiopian) collection sheet
2f8adf52-ff25-5327-a5fe-1601951b0e0f,a69c8787-2423-5b77-bc34-87f8260086ef,,8469f799-0d87-44b4-84e9-b18f6a443ba3,savings_deposit,2000,2025-10-12,Imported from tikimt 2018 (Ethiopian) collection sheet
20261afa-1e81-5968-a45e-35c01122d497,a69c8787-2423-5b77-bc34-87f8260086ef,,8469f799-0d87-44b4-84e9-b18f6a443ba3,share_purchase,19300,2025-10-12,Imported from tikimt 2018 (Ethiopian) collection sheet
2d8751e8-bb22-5024-937e-618b2e967083,0799c4e9-58bc-5b55-b3bb-822f9120af53,,8469f799-0d87-44b4-84e9-b18f6a443ba3,savings_deposit,1000,2025-10-12,Imported from tikimt 2018 (Ethiopian) collection sheet
e273a56e-ee94-5e07-94c7-804318e876ff,404705d2-d41d-5bd5-8836-1b5feb5214f8,,8469f799-0d87-44b4-84e9-b18f6a443ba3,savings_deposit,1000,2025-10-12,Imported from tikimt 2018 (Ethiopian) collection sheet
f1679950-2c33-5dc5-80ff-d3014242ec43,6137a13d-bb02-50d8-a60c-81b54bebaab0,,8469f799-0d87-44b4-84e9-b18f6a443ba3,savings_deposit,2000,2025-10-12,Imported from tikimt 2018 (Ethiopian) collection sheet
12c868ec-cda6-5999-8970-e25ce88c09ac,6137a13d-bb02-50d8-a60c-81b54bebaab0,,8469f799-0d87-44b4-84e9-b18f6a443ba3,share_purchase,2000,2025-10-12,Imported from tikimt 2018 (Ethiopian) collection sheet
cf1c6f96-7915-5333-a2f2-cdbb6d66eff5,e0a1cd41-f09b-584c-a323-5e24952b99ee,,8469f799-0d87-44b4-84e9-b18f6a443ba3,savings_deposit,1000,2025-10-12,Imported from tikimt 2018 (Ethiopian) collection sheet
95d8b790-7da1-5ae1-a552-92abedb41cc1,e0a1cd41-f09b-584c-a323-5e24952b99ee,,8469f799-0d87-44b4-84e9-b18f6a443ba3,share_purchase,2000,2025-10-12,Imported from tikimt 2018 (Ethiopian) collection sheet
69731bc0-a771-5cb0-b31e-99e8753ba3ae,b3d4ad0c-ee3c-53a5-a951-a9759c819236,,8469f799-0d87-44b4-84e9-b18f6a443ba3,savings_deposit,500,2025-10-12,Imported from tikimt 2018 (Ethiopian) collection sheet
ce07d178-f71e-53cd-8d1c-68237d6e3761,b3d4ad0c-ee3c-53a5-a951-a9759c819236,,8469f799-0d87-44b4-84e9-b18f6a443ba3,share_purchase,1000,2025-10-12,Imported from tikimt 2018 (Ethiopian) collection sheet
4d63aa96-c836-5693-952f-1860b20de607,8fc8de0b-78bc-545e-8408-2189a31760ec,,8469f799-0d87-44b4-84e9-b18f6a443ba3,savings_deposit,500,2025-10-12,Imported from tikimt 2018 (Ethiopian) collection sheet
83826bbd-acfb-5748-b042-c3b55031d4a6,8fc8de0b-78bc-545e-8408-2189a31760ec,,8469f799-0d87-44b4-84e9-b18f6a443ba3,share_purchase,1000,2025-10-12,Imported from tikimt 2018 (Ethiopian) collection sheet
64078cac-d748-54d7-bde3-697800d1c5fd,59b2b2dc-7289-54a6-9435-57bf25be75c7,,8469f799-0d87-44b4-84e9-b18f6a443ba3,savings_deposit,2000,2025-10-12,Imported from tikimt 2018 (Ethiopian) collection sheet
317c551a-1e52-53cf-a2f7-e64eea2be45e,95154953-c3dd-55eb-9284-60060b3e99a8,,8469f799-0d87-44b4-84e9-b18f6a443ba3,savings_deposit,2000,2025-10-12,Imported from tikimt 2018 (Ethiopian) collection sheet
ead395dd-f06b-5c9f-b58a-45ca671756e3,95154953-c3dd-55eb-9284-60060b3e99a8,,8469f799-0d87-44b4-84e9-b18f6a443ba3,share_purchase,3000,2025-10-12,Imported from tikimt 2018 (Ethiopian) collection sheet
be6ac7de-693d-5d56-9f79-4d29daf64c10,06fa8212-7f04-5497-a2b6-310f1c798b46,,8469f799-0d87-44b4-84e9-b18f6a443ba3,savings_deposit,1000,2025-10-12,Imported from tikimt 2018 (Ethiopian) collection sheet
cd1b1f6a-96a1-53c9-a9bc-dfc86477c3d3,06fa8212-7f04-5497-a2b6-310f1c798b46,,8469f799-0d87-44b4-84e9-b18f6a443ba3,share_purchase,1000,2025-10-12,Imported from tikimt 2018 (Ethiopian) collection sheet
0e37c6f1-1e20-5415-ad61-e0b5b0cc34ac,e2de7857-57f4-52de-9b30-0d0c74d7933f,,8469f799-0d87-44b4-84e9-b18f6a443ba3,savings_deposit,500,2025-10-12,Imported from tikimt 2018 (Ethiopian) collection sheet
987b74c6-8d23-59a5-95cf-a4fc36e90a5e,e2de7857-57f4-52de-9b30-0d0c74d7933f,,8469f799-0d87-44b4-84e9-b18f6a443ba3,share_purchase,2000,2025-10-12,Imported from tikimt 2018 (Ethiopian) collection sheet
27a72f24-5213-59db-9f4f-dac3b617e8d0,14097ace-d5d4-58a0-b4e8-d735db008348,,8469f799-0d87-44b4-84e9-b18f6a443ba3,savings_deposit,2000,2025-10-12,Imported from tikimt 2018 (Ethiopian) collection sheet
2548a77c-7be7-5ea2-8d5a-4877674d0d7f,35075fef-07f6-5252-8183-cc3a2f16eb41,,8469f799-0d87-44b4-84e9-b18f6a443ba3,savings_deposit,500,2025-10-12,Imported from tikimt 2018 (Ethiopian) collection sheet
985f9cd2-cc61-5b31-963e-26afb341837a,35075fef-07f6-5252-8183-cc3a2f16eb41,,8469f799-0d87-44b4-84e9-b18f6a443ba3,share_purchase,1000,2025-10-12,Imported from tikimt 2018 (Ethiopian) collection sheet
0b00f265-ad92-5063-b984-95a074fa4192,cf50d566-4405-5b00-b14c-0d5020d22c31,,8469f799-0d87-44b4-84e9-b18f6a443ba3,savings_deposit,500,2025-10-12,Imported from tikimt 2018 (Ethiopian) collection sheet
2104a0a3-e85a-51f5-9fad-ecc3046a5520,fc282955-0b0a-54ad-8057-22d4d660b8f3,,8469f799-0d87-44b4-84e9-b18f6a443ba3,savings_deposit,1000,2025-10-12,Imported from tikimt 2018 (Ethiopian) collection sheet
51514abe-940d-5afd-9fa3-1391618b0e51,7ff58eac-03b8-5c06-83a7-d23117961668,,8469f799-0d87-44b4-84e9-b18f6a443ba3,savings_deposit,2000,2025-10-12,Imported from tikimt 2018 (Ethiopian) collection sheet
288d59eb-1581-5d2f-94ad-1b53de007994,7ff58eac-03b8-5c06-83a7-d23117961668,,8469f799-0d87-44b4-84e9-b18f6a443ba3,share_purchase,3000,2025-10-12,Imported from tikimt 2018 (Ethiopian) collection sheet
f4f5f48a-f0ef-5834-bfaa-9fa8bce010b2,9fcf7196-5811-531b-9d09-c74999451007,,8469f799-0d87-44b4-84e9-b18f6a443ba3,savings_deposit,500,2025-10-12,Imported from tikimt 2018 (Ethiopian) collection sheet
bed7a4b5-c105-5600-aaef-e78cbb57b877,9fcf7196-5811-531b-9d09-c74999451007,,8469f799-0d87-44b4-84e9-b18f6a443ba3,share_purchase,1500,2025-10-12,Imported from tikimt 2018 (Ethiopian) collection sheet
15f65e23-1a6d-55fc-a84c-d7613c1a0673,b2efb9cd-1182-562a-9d94-094f7d382bee,,8469f799-0d87-44b4-84e9-b18f6a443ba3,savings_deposit,300,2025-10-12,Imported from tikimt 2018 (Ethiopian) collection sheet
be9c1b41-3ef4-5756-a706-28ec910872aa,3912ff00-0f6f-5b2c-9347-85cf4836d771,,8469f799-0d87-44b4-84e9-b18f6a443ba3,savings_deposit,300,2025-10-12,Imported from tikimt 2018 (Ethiopian) collection sheet
662ca819-6aca-5bb0-b598-63901245d442,4c6be39b-4741-5654-aa09-b6dafa25137a,,8469f799-0d87-44b4-84e9-b18f6a443ba3,savings_deposit,1000,2025-10-12,Imported from tikimt 2018 (Ethiopian) collection sheet
c6f1aa79-9522-547d-8884-bb25f7f7c3c9,50b83ed9-e5bb-5b8d-8732-2ec2c6a7205b,,8469f799-0d87-44b4-84e9-b18f6a443ba3,savings_deposit,2000,2025-10-12,Imported from tikimt 2018 (Ethiopian) collection sheet
83d96db8-b7a7-57ee-b20f-e5a0a502a57c,50b83ed9-e5bb-5b8d-8732-2ec2c6a7205b,,8469f799-0d87-44b4-84e9-b18f6a443ba3,share_purchase,500,2025-10-12,Imported from tikimt 2018 (Ethiopian) collection sheet
95d528a5-234e-5a49-be1c-bcc9f758433e,18556b09-0ab4-5885-9547-840bf5c1f616,,8469f799-0d87-44b4-84e9-b18f6a443ba3,savings_deposit,2000,2025-10-12,Imported from tikimt 2018 (Ethiopian) collection sheet
c3472655-9d7e-5639-a686-6e34cad3eb2d,18556b09-0ab4-5885-9547-840bf5c1f616,,8469f799-0d87-44b4-84e9-b18f6a443ba3,share_purchase,3000,2025-10-12,Imported from tikimt 2018 (Ethiopian) collection sheet
1e042095-62f3-592e-9d23-9bada97fdc02,0d708cf3-ad24-508c-9c92-a1ec38825d05,,8469f799-0d87-44b4-84e9-b18f6a443ba3,savings_deposit,1000,2025-10-12,Imported from tikimt 2018 (Ethiopian) collection sheet
58cee9a8-d0e9-56ce-8ded-72976b10a503,f36e90f7-c963-52f0-bbf6-27b03512f8aa,,8469f799-0d87-44b4-84e9-b18f6a443ba3,savings_deposit,600,2025-10-12,Imported from tikimt 2018 (Ethiopian) collection sheet
42dc8782-d0ae-5e27-a82f-c890f00df1a1,f36e90f7-c963-52f0-bbf6-27b03512f8aa,,8469f799-0d87-44b4-84e9-b18f6a443ba3,penalty_payment,50,2025-10-12,Imported from tikimt 2018 (Ethiopian) collection sheet
a0e7b43c-e3e7-57c8-8b21-178894599f5a,d4f2023e-279b-5701-8eef-b0a0e9d3688a,,8469f799-0d87-44b4-84e9-b18f6a443ba3,savings_deposit,300,2025-10-12,Imported from tikimt 2018 (Ethiopian) collection sheet
51d12b93-db94-538f-8809-eb5bda488ba6,28161268-eba4-517b-aad0-38e29bbf42b4,,8469f799-0d87-44b4-84e9-b18f6a443ba3,savings_deposit,1000,2025-10-12,Imported from tikimt 2018 (Ethiopian) collection sheet
585a85e4-7b54-51d2-9c24-90b23038ee86,28161268-eba4-517b-aad0-38e29bbf42b4,,8469f799-0d87-44b4-84e9-b18f6a443ba3,penalty_payment,50,2025-10-12,Imported from tikimt 2018 (Ethiopian) collection sheet
833c3b4f-a240-52d6-bdf4-6a128754ef89,6b0460be-2f71-5133-afa7-dd554cdffd51,,8469f799-0d87-44b4-84e9-b18f6a443ba3,savings_deposit,1000,2025-10-12,Imported from tikimt 2018 (Ethiopian) collection sheet
2e15ce70-fe7b-5087-83b5-7ac310e2e7d2,6b0460be-2f71-5133-afa7-dd554cdffd51,,8469f799-0d87-44b4-84e9-b18f6a443ba3,penalty_payment,50,2025-10-12,Imported from tikimt 2018 (Ethiopian) collection sheet
fd7b5da8-7c9c-5d8f-9d17-b6975ca5291e,a98c7ead-82e7-5f45-864a-3bf83a0a2643,,8469f799-0d87-44b4-84e9-b18f6a443ba3,savings_deposit,500,2025-10-12,Imported from tikimt 2018 (Ethiopian) collection sheet
d239f630-bfa3-51db-a37e-959f74a7ad24,06b63cbb-2bdb-5025-9578-7e7dea866a46,,8469f799-0d87-44b4-84e9-b18f6a443ba3,savings_deposit,500,2025-10-12,Imported from tikimt 2018 (Ethiopian) collection sheet
4cf20710-1b61-5920-bead-4b230b873b82,06b63cbb-2bdb-5025-9578-7e7dea866a46,,8469f799-0d87-44b4-84e9-b18f6a443ba3,share_purchase,1500,2025-10-12,Imported from tikimt 2018 (Ethiopian) collection sheet
b2fe797a-3c2e-5766-b9c1-090ffa60b9ec,284e696c-3949-5c06-ba88-16fccaa4ade9,,8469f799-0d87-44b4-84e9-b18f6a443ba3,savings_deposit,500,2025-10-12,Imported from tikimt 2018 (Ethiopian) collection sheet
47beff00-3640-516e-bc89-8ec3753ca7c3,284e696c-3949-5c06-ba88-16fccaa4ade9,,8469f799-0d87-44b4-84e9-b18f6a443ba3,share_purchase,500,2025-10-12,Imported from tikimt 2018 (Ethiopian) collection sheet
c4a7aabe-d391-5703-a256-db6e7bdd307d,f5ed49cd-2af4-523f-9a48-b4c14551e8eb,,8469f799-0d87-44b4-84e9-b18f6a443ba3,savings_deposit,500,2025-10-12,Imported from tikimt 2018 (Ethiopian) collection sheet
51a0d85b-b71c-5c7a-a7bb-a1eb362ce6e1,efb40953-7213-50c9-9529-b8fc3cdb7d92,,8469f799-0d87-44b4-84e9-b18f6a443ba3,savings_deposit,1000,2025-10-12,Imported from tikimt 2018 (Ethiopian) collection sheet
4648c37d-b80d-5f84-af1c-ad3e79ee903d,efb40953-7213-50c9-9529-b8fc3cdb7d92,,8469f799-0d87-44b4-84e9-b18f6a443ba3,share_purchase,2000,2025-10-12,Imported from tikimt 2018 (Ethiopian) collection sheet
6aedd63c-eaab-53f7-8bba-419cee55b737,ae168754-dc53-53bb-8759-fdf401fd7c06,,8469f799-0d87-44b4-84e9-b18f6a443ba3,savings_deposit,1000,2025-10-12,Imported from tikimt 2018 (Ethiopian) collection sheet
2fdc1827-76cd-53c0-8340-ec1958405818,bef556d7-3b69-5f7b-9805-f9f2d36e7ad4,,8469f799-0d87-44b4-84e9-b18f6a443ba3,savings_deposit,500,2025-10-12,Imported from tikimt 2018 (Ethiopian) collection sheet
16c618ad-ce38-5051-afe0-28fd09a1999c,bef556d7-3b69-5f7b-9805-f9f2d36e7ad4,,8469f799-0d87-44b4-84e9-b18f6a443ba3,share_purchase,1000,2025-10-12,Imported from tikimt 2018 (Ethiopian) collection sheet
9dcd2a44-96b9-5bc2-b158-3071a74f6e89,570068f9-c44a-5f37-b264-42d09d4fc9d0,,8469f799-0d87-44b4-84e9-b18f6a443ba3,savings_deposit,1000,2025-10-12,Imported from tikimt 2018 (Ethiopian) collection sheet
76b180dc-a02f-5dc2-a0da-55e51f6bdea1,570068f9-c44a-5f37-b264-42d09d4fc9d0,,8469f799-0d87-44b4-84e9-b18f6a443ba3,share_purchase,1000,2025-10-12,Imported from tikimt 2018 (Ethiopian) collection sheet
91db1d77-e368-540d-bad2-1894530727b7,96d80a6e-8b0c-5f54-a94f-6a423e77e285,,8469f799-0d87-44b4-84e9-b18f6a443ba3,savings_deposit,2000,2025-10-12,Imported from tikimt 2018 (Ethiopian) collection sheet
c0195581-74e4-5810-ace7-5f77692044b6,96d80a6e-8b0c-5f54-a94f-6a423e77e285,,8469f799-0d87-44b4-84e9-b18f6a443ba3,share_purchase,3000,2025-10-12,Imported from tikimt 2018 (Ethiopian) collection sheet
9f53c871-846d-5de3-a211-0c35c7245491,607b812d-459f-5cab-9340-d4ac3326e983,,8469f799-0d87-44b4-84e9-b18f6a443ba3,savings_deposit,505,2025-10-12,Imported from tikimt 2018 (Ethiopian) collection sheet
786d618a-2f02-59ac-a74f-ca8df8baa304,607b812d-459f-5cab-9340-d4ac3326e983,,8469f799-0d87-44b4-84e9-b18f6a443ba3,share_purchase,1000,2025-10-12,Imported from tikimt 2018 (Ethiopian) collection sheet
9b615c0f-ed7c-50c8-8707-60edff46f166,5906d4be-3a6d-51fc-8fe6-4e5654c5c962,,8469f799-0d87-44b4-84e9-b18f6a443ba3,savings_deposit,1000,2025-10-12,Imported from tikimt 2018 (Ethiopian) collection sheet
5c20d284-8dab-5be5-a8c4-00abe89ee738,84fe73ed-e690-590d-8b51-d82f682ef24d,,8469f799-0d87-44b4-84e9-b18f6a443ba3,savings_deposit,500,2025-10-12,Imported from tikimt 2018 (Ethiopian) collection sheet
e9ed68c2-13c9-5c49-ad85-886762031b9e,84fe73ed-e690-590d-8b51-d82f682ef24d,,8469f799-0d87-44b4-84e9-b18f6a443ba3,share_purchase,10000,2025-10-12,Imported from tikimt 2018 (Ethiopian) collection sheet
579b280c-363e-5392-b06d-860f4d499ef6,84fe73ed-e690-590d-8b51-d82f682ef24d,,8469f799-0d87-44b4-84e9-b18f6a443ba3,registration_fee,400,2025-10-12,Imported from tikimt 2018 (Ethiopian) collection sheet
109c314c-8841-5585-88c7-4c1cf4bbdba5,84fe73ed-e690-590d-8b51-d82f682ef24d,,8469f799-0d87-44b4-84e9-b18f6a443ba3,card_fee,150,2025-10-12,Imported from tikimt 2018 (Ethiopian) collection sheet
89ea7533-9f31-5422-b32c-b44567916d36,c411ed30-b985-51c0-819a-9c20ee637977,,8469f799-0d87-44b4-84e9-b18f6a443ba3,savings_deposit,1000,2025-10-12,Imported from tikimt 2018 (Ethiopian) collection sheet
05b1aac4-a5ca-54ae-bcd3-7220610fc7cc,c411ed30-b985-51c0-819a-9c20ee637977,,8469f799-0d87-44b4-84e9-b18f6a443ba3,share_purchase,2000,2025-10-12,Imported from tikimt 2018 (Ethiopian) collection sheet
3738b844-885a-58dd-8f4f-cb273dccd22b,c411ed30-b985-51c0-819a-9c20ee637977,,8469f799-0d87-44b4-84e9-b18f6a443ba3,registration_fee,400,2025-10-12,Imported from tikimt 2018 (Ethiopian) collection sheet
fdf8be5d-35c9-522e-9990-3068fa80668a,c411ed30-b985-51c0-819a-9c20ee637977,,8469f799-0d87-44b4-84e9-b18f6a443ba3,card_fee,150,2025-10-12,Imported from tikimt 2018 (Ethiopian) collection sheet
b5cbd4a5-5677-51be-bb90-6936dc268e51,fbf6ab5b-094d-5b83-aed6-66f7c8169e36,,8469f799-0d87-44b4-84e9-b18f6a443ba3,savings_deposit,1000,2025-10-12,Imported from tikimt 2018 (Ethiopian) collection sheet
dbafc613-ca8a-543f-a153-107ea770b242,fbf6ab5b-094d-5b83-aed6-66f7c8169e36,,8469f799-0d87-44b4-84e9-b18f6a443ba3,share_purchase,2000,2025-10-12,Imported from tikimt 2018 (Ethiopian) collection sheet
58bef30f-10fe-5060-98e8-88c12fdae79e,fbf6ab5b-094d-5b83-aed6-66f7c8169e36,,8469f799-0d87-44b4-84e9-b18f6a443ba3,registration_fee,400,2025-10-12,Imported from tikimt 2018 (Ethiopian) collection sheet
e35cb4b0-c5e0-56df-b4d1-b3933d27c50c,fbf6ab5b-094d-5b83-aed6-66f7c8169e36,,8469f799-0d87-44b4-84e9-b18f6a443ba3,card_fee,150,2025-10-12,Imported from tikimt 2018 (Ethiopian) collection sheet
cc98b2e3-c741-5b48-a68c-d2c7714a00ce,e4ccf2e5-774e-5b15-99a6-973a2b66f4ce,,8469f799-0d87-44b4-84e9-b18f6a443ba3,savings_deposit,500,2025-10-12,Imported from tikimt 2018 (Ethiopian) collection sheet
b191e42c-55ea-5a45-8925-4cfd898312d4,e4ccf2e5-774e-5b15-99a6-973a2b66f4ce,,8469f799-0d87-44b4-84e9-b18f6a443ba3,share_purchase,1500,2025-10-12,Imported from tikimt 2018 (Ethiopian) collection sheet
686177aa-77eb-5855-b03b-06e739c8bc15,e4ccf2e5-774e-5b15-99a6-973a2b66f4ce,,8469f799-0d87-44b4-84e9-b18f6a443ba3,registration_fee,400,2025-10-12,Imported from tikimt 2018 (Ethiopian) collection sheet
af9c7329-879a-5635-897e-586784cfa315,e4ccf2e5-774e-5b15-99a6-973a2b66f4ce,,8469f799-0d87-44b4-84e9-b18f6a443ba3,card_fee,150,2025-10-12,Imported from tikimt 2018 (Ethiopian) collection sheet
82b5fd9b-2eee-5805-9f5d-defabff20be7,7ce9968c-0a19-5d74-9c35-820ff9e1e6e8,,8469f799-0d87-44b4-84e9-b18f6a443ba3,savings_deposit,1050,2025-11-16,Imported from hidar 2018 (Ethiopian) collection sheet
cdb35f55-a146-5b3b-a30c-bf5725e6262d,e4827c78-8368-58d0-bf8c-92365bc84c75,,8469f799-0d87-44b4-84e9-b18f6a443ba3,savings_deposit,1004,2025-11-16,Imported from hidar 2018 (Ethiopian) collection sheet
bf773cce-aac6-5d34-9d2d-cd2f8f2b5fa3,01d7976b-a494-5020-aac0-73df2dd9e31b,,8469f799-0d87-44b4-84e9-b18f6a443ba3,savings_deposit,550,2025-11-16,Imported from hidar 2018 (Ethiopian) collection sheet
8ee4fa9c-6f5d-587f-8897-2d4d461d0905,76dd954f-2718-5744-aa59-ccb1748016b4,,8469f799-0d87-44b4-84e9-b18f6a443ba3,savings_deposit,500,2025-11-16,Imported from hidar 2018 (Ethiopian) collection sheet
a5fe2fc3-50f8-5a04-91c8-6b43b19b7e3a,b4d56e1e-236f-5e82-8da0-abe9e0b93b56,,8469f799-0d87-44b4-84e9-b18f6a443ba3,savings_deposit,700,2025-11-16,Imported from hidar 2018 (Ethiopian) collection sheet
3d58e035-39b8-5cf2-a5c3-7e4c1e2f604e,ec993c4b-d61a-5880-9ca2-8474b057f3f6,,8469f799-0d87-44b4-84e9-b18f6a443ba3,savings_deposit,500,2025-11-16,Imported from hidar 2018 (Ethiopian) collection sheet
5cb1df21-8e64-52e3-a578-679e05a1e7b1,ec993c4b-d61a-5880-9ca2-8474b057f3f6,,8469f799-0d87-44b4-84e9-b18f6a443ba3,share_purchase,1000,2025-11-16,Imported from hidar 2018 (Ethiopian) collection sheet
ef322a6a-e052-56fd-a818-cabba87fb55a,73beb1f6-b7bf-54aa-ab3e-eb494fdb1568,,8469f799-0d87-44b4-84e9-b18f6a443ba3,savings_deposit,2000,2025-11-16,Imported from hidar 2018 (Ethiopian) collection sheet
45a41eb0-9a8c-5eb4-88fd-e5b9e36814fc,73beb1f6-b7bf-54aa-ab3e-eb494fdb1568,,8469f799-0d87-44b4-84e9-b18f6a443ba3,share_purchase,8332,2025-11-16,Imported from hidar 2018 (Ethiopian) collection sheet
71ee36fc-3c7b-5c6e-9572-9fdced041197,bbe40192-271f-518c-bea6-c1478fc552c2,,8469f799-0d87-44b4-84e9-b18f6a443ba3,savings_deposit,400,2025-11-16,Imported from hidar 2018 (Ethiopian) collection sheet
e39a8df5-6801-59f9-a868-a3947a7dc4c5,bc3ac27a-453a-57a2-bd51-2bfb86496f27,,8469f799-0d87-44b4-84e9-b18f6a443ba3,savings_deposit,3950,2025-11-16,Imported from hidar 2018 (Ethiopian) collection sheet
3dc0b4f9-9c5a-549c-b38d-1c91f9066ce5,bc3ac27a-453a-57a2-bd51-2bfb86496f27,,8469f799-0d87-44b4-84e9-b18f6a443ba3,penalty_payment,50,2025-11-16,Imported from hidar 2018 (Ethiopian) collection sheet
23d38532-779d-5c29-be1a-4857b408f23d,bac4fd55-4666-50ee-adee-4d2170814631,,8469f799-0d87-44b4-84e9-b18f6a443ba3,savings_deposit,1000,2025-11-16,Imported from hidar 2018 (Ethiopian) collection sheet
5e084d5e-2314-5efa-b06b-365e67f7ffa4,bac4fd55-4666-50ee-adee-4d2170814631,,8469f799-0d87-44b4-84e9-b18f6a443ba3,share_purchase,1500,2025-11-16,Imported from hidar 2018 (Ethiopian) collection sheet
10a2ca22-49eb-51de-a119-c46a10ed6d8a,3cb63966-4581-5528-b803-034ed796a796,,8469f799-0d87-44b4-84e9-b18f6a443ba3,savings_deposit,1000,2025-11-16,Imported from hidar 2018 (Ethiopian) collection sheet
3c7b58b8-0671-5463-bad4-a06c44d2cd20,a69a3a62-171b-5523-8fbe-54e569dd29d4,,8469f799-0d87-44b4-84e9-b18f6a443ba3,savings_deposit,500,2025-11-16,Imported from hidar 2018 (Ethiopian) collection sheet
66f105ba-aaf9-5fe4-ba83-585f4b393906,a7f75ced-fef8-5b0f-a28e-cd7f09043280,,8469f799-0d87-44b4-84e9-b18f6a443ba3,savings_deposit,299,2025-11-16,Imported from hidar 2018 (Ethiopian) collection sheet
5b99aa76-8d64-5c9a-b7a6-3d85b3baaeb0,b89552e4-4718-56a1-a4f8-7c84e72e0506,,8469f799-0d87-44b4-84e9-b18f6a443ba3,savings_deposit,600,2025-11-16,Imported from hidar 2018 (Ethiopian) collection sheet
637cc387-4e78-505b-87f2-8d084a458b20,6d8f0a03-bc10-579e-a58f-2ffa42fcab6f,,8469f799-0d87-44b4-84e9-b18f6a443ba3,savings_deposit,490,2025-11-16,Imported from hidar 2018 (Ethiopian) collection sheet
b77c2014-a6f3-53d9-a0fe-d8cf88ba9b43,0c26b4c4-ac4c-5349-b995-958b76f2805e,,8469f799-0d87-44b4-84e9-b18f6a443ba3,savings_deposit,500,2025-11-16,Imported from hidar 2018 (Ethiopian) collection sheet
6bdcc33b-1007-518e-b7f5-92f17a20cf76,501a3774-7945-502f-8519-cff3445f53cf,,8469f799-0d87-44b4-84e9-b18f6a443ba3,savings_deposit,700,2025-11-16,Imported from hidar 2018 (Ethiopian) collection sheet
59fa7ec0-cd38-5758-b4fc-6519a64cc471,247c6df0-a05e-541c-a00a-fb077be873f7,,8469f799-0d87-44b4-84e9-b18f6a443ba3,savings_deposit,339,2025-11-16,Imported from hidar 2018 (Ethiopian) collection sheet
2af342ee-9de8-591b-9518-9b8555d4ec19,d56fc296-2f16-5e5a-9004-d4ad49c5658f,,8469f799-0d87-44b4-84e9-b18f6a443ba3,savings_deposit,1000,2025-11-16,Imported from hidar 2018 (Ethiopian) collection sheet
0bd5704f-3de5-5773-8676-84a8e5eeb1be,5d001133-4abc-5416-8360-8277eeaead7d,,8469f799-0d87-44b4-84e9-b18f6a443ba3,savings_deposit,500,2025-11-16,Imported from hidar 2018 (Ethiopian) collection sheet
ad9d0f13-c119-55a3-8af4-70c2a8088e6f,abe8c6ff-419f-5b7b-9b1e-b2622924be09,,8469f799-0d87-44b4-84e9-b18f6a443ba3,savings_deposit,1000,2025-11-16,Imported from hidar 2018 (Ethiopian) collection sheet
b3c35efb-f0ea-5642-9c9b-3642e8c27946,e99acf91-e7a6-5999-8aed-0b4c34b2ee85,,8469f799-0d87-44b4-84e9-b18f6a443ba3,savings_deposit,400,2025-11-16,Imported from hidar 2018 (Ethiopian) collection sheet
2bc8bb00-a7bc-5e83-9897-fa976d2f40d6,e75e482c-243f-5e13-aaac-15f1302dd157,,8469f799-0d87-44b4-84e9-b18f6a443ba3,savings_deposit,2000,2025-11-16,Imported from hidar 2018 (Ethiopian) collection sheet
1a682cc3-344e-50a2-bfb2-6067bd7e1187,e75e482c-243f-5e13-aaac-15f1302dd157,,8469f799-0d87-44b4-84e9-b18f6a443ba3,share_purchase,2158,2025-11-16,Imported from hidar 2018 (Ethiopian) collection sheet
56046474-f6ec-5c52-89f0-6d9ed99ca510,7b26a460-4f89-52ff-8930-60889b3fd875,,8469f799-0d87-44b4-84e9-b18f6a443ba3,savings_deposit,2000,2025-11-16,Imported from hidar 2018 (Ethiopian) collection sheet
77dc7081-68bc-562a-b5ba-16f727099e31,7b26a460-4f89-52ff-8930-60889b3fd875,,8469f799-0d87-44b4-84e9-b18f6a443ba3,share_purchase,28000,2025-11-16,Imported from hidar 2018 (Ethiopian) collection sheet
a1508313-cfa5-5726-a14e-3d41f528e1b2,3c5a6fea-e69b-5312-9684-694c1ee6ebdf,,8469f799-0d87-44b4-84e9-b18f6a443ba3,savings_deposit,500,2025-11-16,Imported from hidar 2018 (Ethiopian) collection sheet
0cb17cef-a5ab-505a-9150-6b57b64c0a8b,b828959c-5bea-560a-929d-1a5594da53d8,,8469f799-0d87-44b4-84e9-b18f6a443ba3,savings_deposit,304,2025-11-16,Imported from hidar 2018 (Ethiopian) collection sheet
ec2413a2-2899-53a1-a2c0-4bc34a95420e,b828959c-5bea-560a-929d-1a5594da53d8,,8469f799-0d87-44b4-84e9-b18f6a443ba3,share_purchase,1893,2025-11-16,Imported from hidar 2018 (Ethiopian) collection sheet
0ee11d1e-78aa-57d4-83f7-2bf9ed60edc9,9a84e629-b9ce-5ae9-8a74-bb63c9db97b5,,8469f799-0d87-44b4-84e9-b18f6a443ba3,savings_deposit,307,2025-11-16,Imported from hidar 2018 (Ethiopian) collection sheet
e98ce97b-8d32-5bdf-a81f-3ba645cc838c,a102851d-91d9-5d77-ab52-d018bd9be779,,8469f799-0d87-44b4-84e9-b18f6a443ba3,savings_deposit,1000,2025-11-16,Imported from hidar 2018 (Ethiopian) collection sheet
88f8eb5c-56bf-5991-8e4c-cf0bb2909573,4b9a8348-f9f3-52df-8d17-50b8abdeaea6,,8469f799-0d87-44b4-84e9-b18f6a443ba3,savings_deposit,1000,2025-11-16,Imported from hidar 2018 (Ethiopian) collection sheet
bcd02a9b-f6f9-54af-b427-465cd815b26a,edf171cb-7bb8-5f91-a0e7-0f5f8fecbead,,8469f799-0d87-44b4-84e9-b18f6a443ba3,savings_deposit,500,2025-11-16,Imported from hidar 2018 (Ethiopian) collection sheet
05b7a594-32b9-5593-bbe3-146bb5237d60,6e18d32a-3bc0-52b7-8bfe-a677c478fa77,,8469f799-0d87-44b4-84e9-b18f6a443ba3,savings_deposit,1000,2025-11-16,Imported from hidar 2018 (Ethiopian) collection sheet
5d1d8a4d-fa67-5357-a672-d238b400f24a,438c5624-fdbc-5263-965a-9e9da4524827,,8469f799-0d87-44b4-84e9-b18f6a443ba3,savings_deposit,300,2025-11-16,Imported from hidar 2018 (Ethiopian) collection sheet
1223a69b-fe31-586e-92bb-4cc007875804,3f7f10e4-ecdb-55ad-891c-4a5c430edc1f,,8469f799-0d87-44b4-84e9-b18f6a443ba3,savings_deposit,999,2025-11-16,Imported from hidar 2018 (Ethiopian) collection sheet
4dacf3c9-8f42-5502-9f91-4228382a8fe2,f33516c1-ea10-5e53-b29f-9f0005ba22ee,,8469f799-0d87-44b4-84e9-b18f6a443ba3,savings_deposit,300,2025-11-16,Imported from hidar 2018 (Ethiopian) collection sheet
5127d71b-0bff-5dd6-9d63-2f06cb6eec5d,8e67885d-ff02-5d58-a570-e235a003f3ee,,8469f799-0d87-44b4-84e9-b18f6a443ba3,savings_deposit,833,2025-11-16,Imported from hidar 2018 (Ethiopian) collection sheet
de979328-53c6-5736-9c5d-b252600986da,8e67885d-ff02-5d58-a570-e235a003f3ee,,8469f799-0d87-44b4-84e9-b18f6a443ba3,share_purchase,6000,2025-11-16,Imported from hidar 2018 (Ethiopian) collection sheet
1fef719e-d4c5-5e6d-ad9e-2d948fdb3d3d,d95d868a-9299-557a-8903-e93a509d3b45,,8469f799-0d87-44b4-84e9-b18f6a443ba3,savings_deposit,500,2025-11-16,Imported from hidar 2018 (Ethiopian) collection sheet
ba5bf658-1d6b-5ae0-be16-0a4e02bbb1bc,1d3e31ef-6836-593b-86c9-a7ed487b2815,,8469f799-0d87-44b4-84e9-b18f6a443ba3,savings_deposit,300,2025-11-16,Imported from hidar 2018 (Ethiopian) collection sheet
422ea274-9616-54ca-969d-836073ce9807,1d3e31ef-6836-593b-86c9-a7ed487b2815,,8469f799-0d87-44b4-84e9-b18f6a443ba3,share_purchase,900,2025-11-16,Imported from hidar 2018 (Ethiopian) collection sheet
c5d651c4-93cf-5798-8c12-69e36350ff2b,2903a34a-7dd7-5a18-bdc2-00f49fb2ea18,,8469f799-0d87-44b4-84e9-b18f6a443ba3,savings_deposit,500,2025-11-16,Imported from hidar 2018 (Ethiopian) collection sheet
7e89e272-8703-5fa4-85a5-edc31a6c11e0,57f27bbf-52f5-59d6-a6cd-46b8e16cf6cc,,8469f799-0d87-44b4-84e9-b18f6a443ba3,savings_deposit,1999,2025-11-16,Imported from hidar 2018 (Ethiopian) collection sheet
cd70df7f-180b-5265-a0c7-5f8b5226f724,57f27bbf-52f5-59d6-a6cd-46b8e16cf6cc,,8469f799-0d87-44b4-84e9-b18f6a443ba3,share_purchase,2000,2025-11-16,Imported from hidar 2018 (Ethiopian) collection sheet
46f114d3-6f9b-5d21-b270-4eaaa96af829,85b4d884-295f-5b4a-9797-d98a609456d1,,8469f799-0d87-44b4-84e9-b18f6a443ba3,penalty_payment,108,2025-11-16,Imported from hidar 2018 (Ethiopian) collection sheet
8ddef463-84ee-5a23-b8ad-248f74929722,7bce6fd2-030a-5f79-8ff5-8fd865b85427,,8469f799-0d87-44b4-84e9-b18f6a443ba3,savings_deposit,500,2025-11-16,Imported from hidar 2018 (Ethiopian) collection sheet
aee94a19-09bc-5b7b-bfd5-636d63518be2,f104d8fc-08c1-5425-af09-a40135783bf7,,8469f799-0d87-44b4-84e9-b18f6a443ba3,savings_deposit,2000,2025-11-16,Imported from hidar 2018 (Ethiopian) collection sheet
4b794d88-5f93-5544-a586-55831954ec00,f104d8fc-08c1-5425-af09-a40135783bf7,,8469f799-0d87-44b4-84e9-b18f6a443ba3,share_purchase,2000,2025-11-16,Imported from hidar 2018 (Ethiopian) collection sheet
ea8ceac0-2c47-5fbd-bfb1-f16b531e9b56,f314716f-ef2a-5bee-8da5-c08e35551753,,8469f799-0d87-44b4-84e9-b18f6a443ba3,savings_deposit,304,2025-11-16,Imported from hidar 2018 (Ethiopian) collection sheet
786c401c-b30b-5cf7-a567-ade1d895b1e8,48f8809b-e76b-5fe0-8476-816fd1bf7a3d,,8469f799-0d87-44b4-84e9-b18f6a443ba3,savings_deposit,300,2025-11-16,Imported from hidar 2018 (Ethiopian) collection sheet
eed3eb89-fadb-5dcb-aa31-964bbc8bbc1a,48f8809b-e76b-5fe0-8476-816fd1bf7a3d,,8469f799-0d87-44b4-84e9-b18f6a443ba3,share_purchase,500,2025-11-16,Imported from hidar 2018 (Ethiopian) collection sheet
bedc2236-3e06-55ab-93b5-547df35d9a61,153d50f3-26e2-5d61-bf34-38615c211570,,8469f799-0d87-44b4-84e9-b18f6a443ba3,savings_deposit,996,2025-11-16,Imported from hidar 2018 (Ethiopian) collection sheet
d8d0c3fd-44f8-52d3-accc-fbc8d33f12d1,e5b336ba-b0f3-55b3-8c80-2558ac0e5303,,8469f799-0d87-44b4-84e9-b18f6a443ba3,savings_deposit,2000,2025-11-16,Imported from hidar 2018 (Ethiopian) collection sheet
1d0c488d-cb7f-5b0c-b63d-177fb4e44e41,931b0746-94f4-5576-8f61-cae6f5f4e9fb,,8469f799-0d87-44b4-84e9-b18f6a443ba3,savings_deposit,500,2025-11-16,Imported from hidar 2018 (Ethiopian) collection sheet
0db56d32-2ab0-5053-8989-db3a131574bb,a3d64128-76ea-59ec-b4bc-75f491ee497a,,8469f799-0d87-44b4-84e9-b18f6a443ba3,savings_deposit,300,2025-11-16,Imported from hidar 2018 (Ethiopian) collection sheet
5e355ff5-f227-5702-b5bf-d2cc19fae9a0,853361d8-303e-5f8d-a5b8-e3f4eefa0cc0,,8469f799-0d87-44b4-84e9-b18f6a443ba3,savings_deposit,500,2025-11-16,Imported from hidar 2018 (Ethiopian) collection sheet
dafdebb9-7363-5ad0-b36d-b1f54a89e8ce,53ff7ea7-b493-5696-ac33-638e20ed23d6,,8469f799-0d87-44b4-84e9-b18f6a443ba3,savings_deposit,300,2025-11-16,Imported from hidar 2018 (Ethiopian) collection sheet
5a4ea112-817c-5057-8edd-edc7d8ccd4b7,ddb4d203-8783-5e23-9a3d-e72378bfa8c5,,8469f799-0d87-44b4-84e9-b18f6a443ba3,savings_deposit,699,2025-11-16,Imported from hidar 2018 (Ethiopian) collection sheet
f34e9474-c26c-5185-9d92-cb6d42a4f4e8,40f55d53-b6d1-5f39-87c3-7a1f51dba41f,,8469f799-0d87-44b4-84e9-b18f6a443ba3,savings_deposit,2000,2025-11-16,Imported from hidar 2018 (Ethiopian) collection sheet
07a1fcc4-77ad-5bad-abad-65030ba9c02b,190f76d1-882b-54af-a156-bf8336cf47bc,,8469f799-0d87-44b4-84e9-b18f6a443ba3,savings_deposit,500,2025-11-16,Imported from hidar 2018 (Ethiopian) collection sheet
6d3afd74-b013-5689-84ac-7158d32df75a,190f76d1-882b-54af-a156-bf8336cf47bc,,8469f799-0d87-44b4-84e9-b18f6a443ba3,share_purchase,10000,2025-11-16,Imported from hidar 2018 (Ethiopian) collection sheet
ce9a4c1e-bce7-538a-b3a3-b89348069585,2a9148cc-142c-550b-b7ba-dc80a11f4914,,8469f799-0d87-44b4-84e9-b18f6a443ba3,savings_deposit,500,2025-11-16,Imported from hidar 2018 (Ethiopian) collection sheet
e3627383-cd1b-57b7-adf3-b4975ea594df,2a9148cc-142c-550b-b7ba-dc80a11f4914,,8469f799-0d87-44b4-84e9-b18f6a443ba3,share_purchase,500,2025-11-16,Imported from hidar 2018 (Ethiopian) collection sheet
01a44262-f760-5a43-a35d-4ec2c47efb50,063b4232-a6e8-5c72-8949-eac343337d09,,8469f799-0d87-44b4-84e9-b18f6a443ba3,savings_deposit,504,2025-11-16,Imported from hidar 2018 (Ethiopian) collection sheet
f298a814-f1c4-5ecd-9b91-5bd561172c44,e2583ea5-bea6-58c0-88f9-1dd731746ec6,,8469f799-0d87-44b4-84e9-b18f6a443ba3,savings_deposit,500,2025-11-16,Imported from hidar 2018 (Ethiopian) collection sheet
54d08e28-0775-58e1-b427-f329b6f6f446,e2583ea5-bea6-58c0-88f9-1dd731746ec6,,8469f799-0d87-44b4-84e9-b18f6a443ba3,share_purchase,800,2025-11-16,Imported from hidar 2018 (Ethiopian) collection sheet
f4f6f231-175c-5c51-aba6-6212d5321ec9,291b70c1-e4ab-514f-a557-232a75feb979,,8469f799-0d87-44b4-84e9-b18f6a443ba3,savings_deposit,1000,2025-11-16,Imported from hidar 2018 (Ethiopian) collection sheet
5042100f-e205-51dc-9f4d-697ae61998ee,234ef2cd-10db-5e9f-b1a9-c0696ebce40d,,8469f799-0d87-44b4-84e9-b18f6a443ba3,savings_deposit,1000,2025-11-16,Imported from hidar 2018 (Ethiopian) collection sheet
45250eb7-897a-5288-abf2-790c6675982f,ed85c919-5c3b-5eb4-95c8-b11e7698c38d,,8469f799-0d87-44b4-84e9-b18f6a443ba3,savings_deposit,500,2025-11-16,Imported from hidar 2018 (Ethiopian) collection sheet
6b97924a-7fe3-517d-b792-8d4b5390db2b,8c7cc508-4acf-5805-95a1-d2256303fc96,,8469f799-0d87-44b4-84e9-b18f6a443ba3,savings_deposit,300,2025-11-16,Imported from hidar 2018 (Ethiopian) collection sheet
e67bff42-e69a-513d-aa97-fa7f0eb3b45e,c0ec6910-d9a3-55c0-a9e2-a88a91225030,,8469f799-0d87-44b4-84e9-b18f6a443ba3,savings_deposit,499,2025-11-16,Imported from hidar 2018 (Ethiopian) collection sheet
d534bdee-2c94-54ee-ae05-441289bd06a9,3061b4b5-43d6-5a2f-bc12-e65c7d0b2a07,,8469f799-0d87-44b4-84e9-b18f6a443ba3,savings_deposit,580,2025-11-16,Imported from hidar 2018 (Ethiopian) collection sheet
ccbf8180-50b8-56e3-afc3-ffadc9e5168b,46482174-29d4-5343-8060-527c13d865f2,,8469f799-0d87-44b4-84e9-b18f6a443ba3,savings_deposit,500,2025-11-16,Imported from hidar 2018 (Ethiopian) collection sheet
f9565548-5445-58ec-a116-ef29b1975cd0,46482174-29d4-5343-8060-527c13d865f2,,8469f799-0d87-44b4-84e9-b18f6a443ba3,share_purchase,2000,2025-11-16,Imported from hidar 2018 (Ethiopian) collection sheet
94fb5144-bc27-546e-8f05-a6fbef70c154,5ddc26e5-de48-59a0-83d7-94f66b9e4603,,8469f799-0d87-44b4-84e9-b18f6a443ba3,savings_deposit,1000,2025-11-16,Imported from hidar 2018 (Ethiopian) collection sheet
e55cf8e3-f61c-53ae-b94b-25948d19b30b,5ddc26e5-de48-59a0-83d7-94f66b9e4603,,8469f799-0d87-44b4-84e9-b18f6a443ba3,share_purchase,1000,2025-11-16,Imported from hidar 2018 (Ethiopian) collection sheet
03c7fa33-4892-570f-b6bf-525a5ecb7819,f34fe5ba-00a1-513e-ba67-47de67cfb5e0,,8469f799-0d87-44b4-84e9-b18f6a443ba3,savings_deposit,500,2025-11-16,Imported from hidar 2018 (Ethiopian) collection sheet
8ef3ec1b-4274-5c1b-bc00-b1c0bb46bf2f,e56738c4-4c2f-5a94-9f05-992ceed2b0d3,,8469f799-0d87-44b4-84e9-b18f6a443ba3,savings_deposit,500,2025-11-16,Imported from hidar 2018 (Ethiopian) collection sheet
2deca800-88fe-5df6-aafa-0b189ed9e928,e56738c4-4c2f-5a94-9f05-992ceed2b0d3,,8469f799-0d87-44b4-84e9-b18f6a443ba3,share_purchase,500,2025-11-16,Imported from hidar 2018 (Ethiopian) collection sheet
1e6d6b67-2cee-51aa-9c9c-db832941fe33,5cce1f82-3f5e-5e69-920e-b32eba9c0204,,8469f799-0d87-44b4-84e9-b18f6a443ba3,savings_deposit,500,2025-11-16,Imported from hidar 2018 (Ethiopian) collection sheet
f4a46161-f1e7-5836-b17d-c975a8ccf7d1,45af6e13-a8f4-56f2-8ef9-b73c7dd5cdd1,,8469f799-0d87-44b4-84e9-b18f6a443ba3,savings_deposit,799,2025-11-16,Imported from hidar 2018 (Ethiopian) collection sheet
d2b29d72-a8ad-557d-932b-8fa87ee8540f,6c1cccc7-063d-5548-96bf-c8b76b4609bc,,8469f799-0d87-44b4-84e9-b18f6a443ba3,savings_deposit,500,2025-11-16,Imported from hidar 2018 (Ethiopian) collection sheet
c045fc06-9864-55db-b632-bc6f2552f1e0,f1f985d6-f79a-5a7e-9417-a15eac7249c0,,8469f799-0d87-44b4-84e9-b18f6a443ba3,savings_deposit,998,2025-11-16,Imported from hidar 2018 (Ethiopian) collection sheet
62b7faad-323b-5c8c-b7e9-191d722cfddb,fa2151db-7eef-5c30-9e07-8de3985ca350,,8469f799-0d87-44b4-84e9-b18f6a443ba3,savings_deposit,799,2025-11-16,Imported from hidar 2018 (Ethiopian) collection sheet
cd6146f6-44d9-5392-b2a3-599fa457bc01,57956ee2-c849-545e-b15b-4724a8b68210,,8469f799-0d87-44b4-84e9-b18f6a443ba3,savings_deposit,300,2025-11-16,Imported from hidar 2018 (Ethiopian) collection sheet
2a34f003-2174-5759-9e6c-26761e18d84a,3d0bbb7f-ffd0-58b8-a762-659e62ff49c6,,8469f799-0d87-44b4-84e9-b18f6a443ba3,savings_deposit,300,2025-11-16,Imported from hidar 2018 (Ethiopian) collection sheet
ebec3b55-6b44-57c8-943a-7a52466e6088,3d0bbb7f-ffd0-58b8-a762-659e62ff49c6,,8469f799-0d87-44b4-84e9-b18f6a443ba3,share_purchase,500,2025-11-16,Imported from hidar 2018 (Ethiopian) collection sheet
12f3043d-8cb4-50ca-93de-4d342201ccfb,851c52ee-df4c-5558-bf08-b4d8183abfa5,,8469f799-0d87-44b4-84e9-b18f6a443ba3,savings_deposit,916,2025-11-16,Imported from hidar 2018 (Ethiopian) collection sheet
8a4d8513-7193-550a-9c26-cebba08d572e,7c5ca725-9ded-56ac-b940-fac936b46282,,8469f799-0d87-44b4-84e9-b18f6a443ba3,savings_deposit,300,2025-11-16,Imported from hidar 2018 (Ethiopian) collection sheet
960c05eb-55ef-5db5-9680-184a474be9c2,aad6fb2e-75fe-52ed-b422-b6f3666b5d3e,,8469f799-0d87-44b4-84e9-b18f6a443ba3,savings_deposit,300,2025-11-16,Imported from hidar 2018 (Ethiopian) collection sheet
280eefca-177b-5230-9959-fb69666fda0c,aad6fb2e-75fe-52ed-b422-b6f3666b5d3e,,8469f799-0d87-44b4-84e9-b18f6a443ba3,share_purchase,2000,2025-11-16,Imported from hidar 2018 (Ethiopian) collection sheet
89836f9f-3c99-5d3f-9cc6-cd866a43c0f7,36fd29c5-a786-5484-b733-86fbfe2c1184,,8469f799-0d87-44b4-84e9-b18f6a443ba3,savings_deposit,500,2025-11-16,Imported from hidar 2018 (Ethiopian) collection sheet
8f2c2a9a-0bc5-54b1-9688-d056501e8093,455b7b7c-a0ec-5e51-9939-03896ecd0f48,,8469f799-0d87-44b4-84e9-b18f6a443ba3,savings_deposit,300,2025-11-16,Imported from hidar 2018 (Ethiopian) collection sheet
0bf0cd20-5217-56cb-9620-5a3f59eaea1f,92ece406-1c58-5c89-ab67-c39497211f35,,8469f799-0d87-44b4-84e9-b18f6a443ba3,savings_deposit,1000,2025-11-16,Imported from hidar 2018 (Ethiopian) collection sheet
a3df9b4f-fa72-5833-8d02-6dbd413acf89,ad62a251-c5c5-57dd-8560-f3108d7e018d,,8469f799-0d87-44b4-84e9-b18f6a443ba3,savings_deposit,1000,2025-11-16,Imported from hidar 2018 (Ethiopian) collection sheet
d872a96a-e47d-545c-8667-976fd7e2b46a,702a64d1-c195-57b1-a80b-b826bdb158e3,,8469f799-0d87-44b4-84e9-b18f6a443ba3,savings_deposit,1435,2025-11-16,Imported from hidar 2018 (Ethiopian) collection sheet
8af62d04-b7a0-5542-b085-51d8b8245ead,a53169c6-8855-52ab-958f-9f12cb9a5575,,8469f799-0d87-44b4-84e9-b18f6a443ba3,savings_deposit,300,2025-11-16,Imported from hidar 2018 (Ethiopian) collection sheet
d470d7aa-d955-5f16-a836-ae957f6eaf1d,b3753ad4-8917-51cb-bcf2-00be4a652cf5,,8469f799-0d87-44b4-84e9-b18f6a443ba3,savings_deposit,397,2025-11-16,Imported from hidar 2018 (Ethiopian) collection sheet
ce625604-9979-574c-9d85-8329d799929d,4eddb914-b607-5910-8203-d43303149149,,8469f799-0d87-44b4-84e9-b18f6a443ba3,savings_deposit,614,2025-11-16,Imported from hidar 2018 (Ethiopian) collection sheet
53a8ae66-5a9c-5dee-8439-1bd68744041e,4eddb914-b607-5910-8203-d43303149149,,8469f799-0d87-44b4-84e9-b18f6a443ba3,share_purchase,364,2025-11-16,Imported from hidar 2018 (Ethiopian) collection sheet
6e28e334-93db-552e-b821-c2c683b22d08,e80494f0-91cb-543b-a13a-cf7a4d60e8b2,,8469f799-0d87-44b4-84e9-b18f6a443ba3,savings_deposit,2000,2025-11-16,Imported from hidar 2018 (Ethiopian) collection sheet
96ce78a2-dbe2-5820-b973-e6784f01481e,29989b23-a726-57ee-a9c9-47185b8fec11,,8469f799-0d87-44b4-84e9-b18f6a443ba3,penalty_payment,176,2025-11-16,Imported from hidar 2018 (Ethiopian) collection sheet
69244a20-cc04-5b8d-ac04-28c062a89b3a,0fbc5235-dbf9-5b35-a480-3b8a77a7f965,,8469f799-0d87-44b4-84e9-b18f6a443ba3,savings_deposit,950,2025-11-16,Imported from hidar 2018 (Ethiopian) collection sheet
7ef5f5a8-6f4d-50b1-a698-de86a88479c5,0fbc5235-dbf9-5b35-a480-3b8a77a7f965,,8469f799-0d87-44b4-84e9-b18f6a443ba3,penalty_payment,50,2025-11-16,Imported from hidar 2018 (Ethiopian) collection sheet
fdb37fbd-e644-5d0c-bc5e-acf1a84d5115,0a763b72-8599-5994-a69c-29167da29bf0,,8469f799-0d87-44b4-84e9-b18f6a443ba3,savings_deposit,300,2025-11-16,Imported from hidar 2018 (Ethiopian) collection sheet
2eac6866-e888-5f07-a5ef-0546a4eb89a6,39b48c41-03c3-5fbf-a867-a7f46fa34122,,8469f799-0d87-44b4-84e9-b18f6a443ba3,savings_deposit,300,2025-11-16,Imported from hidar 2018 (Ethiopian) collection sheet
890e97ff-000c-5b04-937f-59c6a7624477,ca334b3d-3acd-52a7-983e-ec5b0e203b72,,8469f799-0d87-44b4-84e9-b18f6a443ba3,savings_deposit,1044,2025-11-16,Imported from hidar 2018 (Ethiopian) collection sheet
350fbedb-681b-5823-8489-1814d1859565,3c2609c2-54e1-5a48-9a86-1bc3e84f3051,,8469f799-0d87-44b4-84e9-b18f6a443ba3,savings_deposit,2000,2025-11-16,Imported from hidar 2018 (Ethiopian) collection sheet
c69aabad-77f5-599e-842f-ceb51978f156,125f3d29-ba17-5171-83d2-afeea46bbc03,,8469f799-0d87-44b4-84e9-b18f6a443ba3,savings_deposit,299,2025-11-16,Imported from hidar 2018 (Ethiopian) collection sheet
9be6d84c-bfa9-5d5e-b499-c4bab73e3e56,11f52fd5-83dc-5f81-adbc-b62c4720f4fb,,8469f799-0d87-44b4-84e9-b18f6a443ba3,savings_deposit,1200,2025-11-16,Imported from hidar 2018 (Ethiopian) collection sheet
f1540dc4-c255-5a9a-bcd3-3b1344368450,11f52fd5-83dc-5f81-adbc-b62c4720f4fb,,8469f799-0d87-44b4-84e9-b18f6a443ba3,penalty_payment,50,2025-11-16,Imported from hidar 2018 (Ethiopian) collection sheet
a9ac9fcf-3f1b-533c-85b6-35c1090c30ad,8032a0c2-dae9-57ba-86fc-1a9d80962ddf,,8469f799-0d87-44b4-84e9-b18f6a443ba3,savings_deposit,999,2025-11-16,Imported from hidar 2018 (Ethiopian) collection sheet
e023dfc6-6495-5714-95ef-66efe1c4bac8,71f4c2a5-fe70-5477-a35d-3ffbef658197,,8469f799-0d87-44b4-84e9-b18f6a443ba3,savings_deposit,1000,2025-11-16,Imported from hidar 2018 (Ethiopian) collection sheet
3fcf718f-7082-5753-870f-39b51921561f,71f4c2a5-fe70-5477-a35d-3ffbef658197,,8469f799-0d87-44b4-84e9-b18f6a443ba3,share_purchase,534,2025-11-16,Imported from hidar 2018 (Ethiopian) collection sheet
69cf0bde-efe5-58fa-bdb9-ead28dcee2c2,f2f1058c-5d30-5571-8877-d28487edbe16,,8469f799-0d87-44b4-84e9-b18f6a443ba3,savings_deposit,579,2025-11-16,Imported from hidar 2018 (Ethiopian) collection sheet
b5c8df65-52fd-5385-babc-f5b9a49f3552,34dd36a5-118a-5e12-a67f-3b49d921bb51,,8469f799-0d87-44b4-84e9-b18f6a443ba3,savings_deposit,1000,2025-11-16,Imported from hidar 2018 (Ethiopian) collection sheet
88baaf64-9054-53f1-b5ba-9ea4a5fa1fe1,6f5c0e57-34ab-5a5f-9d91-ae406320fc26,,8469f799-0d87-44b4-84e9-b18f6a443ba3,savings_deposit,1000,2025-11-16,Imported from hidar 2018 (Ethiopian) collection sheet
33d7f9d7-e06b-548d-bed6-db18b56716d5,354b4c37-2e0b-5f50-923f-75e9c0064233,,8469f799-0d87-44b4-84e9-b18f6a443ba3,savings_deposit,500,2025-11-16,Imported from hidar 2018 (Ethiopian) collection sheet
d881238b-9c7c-54a5-ba65-a5ac1ed5fbb4,977128b0-a9c7-513f-8db5-812416bc280f,,8469f799-0d87-44b4-84e9-b18f6a443ba3,savings_deposit,299,2025-11-16,Imported from hidar 2018 (Ethiopian) collection sheet
5e6bdac0-5c48-5b8f-9479-98f1bcef4056,a1f289ae-ae47-540a-9fe1-8887c6c02727,,8469f799-0d87-44b4-84e9-b18f6a443ba3,savings_deposit,299,2025-11-16,Imported from hidar 2018 (Ethiopian) collection sheet
67dfc4b7-ccf1-56a7-95f7-929c8cd0be8f,f4d3c897-4e25-51d1-bd31-b5266a7f6180,,8469f799-0d87-44b4-84e9-b18f6a443ba3,savings_deposit,500,2025-11-16,Imported from hidar 2018 (Ethiopian) collection sheet
441c89fe-a98d-5197-aa36-190ff360fb1a,cd0872ad-8f7d-5a15-b293-edc89f474de3,,8469f799-0d87-44b4-84e9-b18f6a443ba3,savings_deposit,499,2025-11-16,Imported from hidar 2018 (Ethiopian) collection sheet
51a250ec-373c-5087-aefb-0294952ba06b,2e5e1ac8-b2fe-5bd4-a1e3-f4032579bda0,,8469f799-0d87-44b4-84e9-b18f6a443ba3,savings_deposit,500,2025-11-16,Imported from hidar 2018 (Ethiopian) collection sheet
2f92a533-8a90-5cd8-892b-4c16a212914d,10f1f992-35ba-5068-a0f7-9f831a267ccb,,8469f799-0d87-44b4-84e9-b18f6a443ba3,savings_deposit,1003,2025-11-16,Imported from hidar 2018 (Ethiopian) collection sheet
90f6db32-2855-5436-bbcb-ab7d8ce9119c,051eb74f-3bea-595a-a4dc-f08b2b9bf711,,8469f799-0d87-44b4-84e9-b18f6a443ba3,savings_deposit,500,2025-11-16,Imported from hidar 2018 (Ethiopian) collection sheet
d4efb5c7-1051-53c6-9576-e2c38ae1bbdd,051eb74f-3bea-595a-a4dc-f08b2b9bf711,,8469f799-0d87-44b4-84e9-b18f6a443ba3,share_purchase,716,2025-11-16,Imported from hidar 2018 (Ethiopian) collection sheet
c5b307bc-8bdf-5651-8761-fd4acb975df6,4eed4f71-e460-5a5b-9916-34719987c2aa,,8469f799-0d87-44b4-84e9-b18f6a443ba3,savings_deposit,1000,2025-11-16,Imported from hidar 2018 (Ethiopian) collection sheet
795bb2d5-a263-517d-98a6-283ea49cdc46,3d152d6f-ed5b-5cce-82c4-f386a9ee0ce4,,8469f799-0d87-44b4-84e9-b18f6a443ba3,savings_deposit,330,2025-11-16,Imported from hidar 2018 (Ethiopian) collection sheet
ba876119-7a86-56bd-806c-39b66c4dfd0d,54dcf52c-ffc8-508a-83e0-26063fb2621a,,8469f799-0d87-44b4-84e9-b18f6a443ba3,savings_deposit,499,2025-11-16,Imported from hidar 2018 (Ethiopian) collection sheet
d24dc6f0-de13-5ffb-a6a4-736c050f092e,c8989434-079a-5278-9c33-cac561d3427a,,8469f799-0d87-44b4-84e9-b18f6a443ba3,savings_deposit,500,2025-11-16,Imported from hidar 2018 (Ethiopian) collection sheet
61a003f0-ef49-5617-bad3-4a8a38dd2a76,c8989434-079a-5278-9c33-cac561d3427a,,8469f799-0d87-44b4-84e9-b18f6a443ba3,share_purchase,855,2025-11-16,Imported from hidar 2018 (Ethiopian) collection sheet
85d489fe-21eb-58d0-abb2-7481d51a376c,0a09f5ef-5adc-5dbb-b71c-6ea36ec43987,,8469f799-0d87-44b4-84e9-b18f6a443ba3,savings_deposit,1000,2025-11-16,Imported from hidar 2018 (Ethiopian) collection sheet
6f689727-0d51-59d7-8e03-2275d68b03a2,2f80699b-30f8-50d9-b2c6-484d7f9dc1ec,,8469f799-0d87-44b4-84e9-b18f6a443ba3,savings_deposit,300,2025-11-16,Imported from hidar 2018 (Ethiopian) collection sheet
de5b2f1a-400a-56be-a671-14d23c392dc9,170f7791-7bf0-577c-a043-64fb779a31d9,,8469f799-0d87-44b4-84e9-b18f6a443ba3,savings_deposit,1500,2025-11-16,Imported from hidar 2018 (Ethiopian) collection sheet
65d23e15-20af-5d8b-9522-c4baee093429,00996b02-5241-589e-aeb7-425449f40eb8,,8469f799-0d87-44b4-84e9-b18f6a443ba3,savings_deposit,1000,2025-11-16,Imported from hidar 2018 (Ethiopian) collection sheet
6869cd76-c102-52be-9cfb-f7d5ac600e46,00996b02-5241-589e-aeb7-425449f40eb8,,8469f799-0d87-44b4-84e9-b18f6a443ba3,share_purchase,1000,2025-11-16,Imported from hidar 2018 (Ethiopian) collection sheet
8650ec89-effa-5995-ac0f-d87056e3f6dd,beb33a9f-37f1-5872-8cb9-1e26996f8407,,8469f799-0d87-44b4-84e9-b18f6a443ba3,savings_deposit,500,2025-11-16,Imported from hidar 2018 (Ethiopian) collection sheet
a3b4e2fd-886f-5fd5-aa5c-49a9b0a9548b,76f88045-5002-5b6e-9681-43b735316605,,8469f799-0d87-44b4-84e9-b18f6a443ba3,savings_deposit,300,2025-11-16,Imported from hidar 2018 (Ethiopian) collection sheet
cf470b8a-7c33-58c1-b99b-a3e12efcfbbe,76f88045-5002-5b6e-9681-43b735316605,,8469f799-0d87-44b4-84e9-b18f6a443ba3,share_purchase,350,2025-11-16,Imported from hidar 2018 (Ethiopian) collection sheet
3586ee0b-5779-5955-bd47-6496b324682f,bdb182bc-d9f0-5a24-932e-123d5da6612b,,8469f799-0d87-44b4-84e9-b18f6a443ba3,savings_deposit,300,2025-11-16,Imported from hidar 2018 (Ethiopian) collection sheet
6a14eec5-801e-5a84-ac2f-6b5919d19de5,991e35bc-30fb-5dc8-ac2b-8018c60eddb2,,8469f799-0d87-44b4-84e9-b18f6a443ba3,savings_deposit,500,2025-11-16,Imported from hidar 2018 (Ethiopian) collection sheet
bd90d1d6-8f96-5874-a9ea-26b740d62c37,62734299-08da-5759-bcec-2ee0c758799c,,8469f799-0d87-44b4-84e9-b18f6a443ba3,savings_deposit,301,2025-11-16,Imported from hidar 2018 (Ethiopian) collection sheet
fddc128e-73b0-54d0-b7fe-7c112fc46ea6,657f1680-7a2b-5bac-8c63-4b8e6d343813,,8469f799-0d87-44b4-84e9-b18f6a443ba3,savings_deposit,514,2025-11-16,Imported from hidar 2018 (Ethiopian) collection sheet
77787cea-6803-5030-8832-8b06cf3e5cbc,869176ce-c515-5353-b0dd-d5925b52340d,,8469f799-0d87-44b4-84e9-b18f6a443ba3,savings_deposit,300,2025-11-16,Imported from hidar 2018 (Ethiopian) collection sheet
ed0967bf-6db8-575b-b2d7-cb4e193e221b,aee4b7df-f455-5168-970e-5b37cd8740d3,,8469f799-0d87-44b4-84e9-b18f6a443ba3,savings_deposit,500,2025-11-16,Imported from hidar 2018 (Ethiopian) collection sheet
b4451c09-dfab-554d-9f44-1fbf11be8fc4,d7d27b5f-57d6-5506-9ce7-7ab56fd82b56,,8469f799-0d87-44b4-84e9-b18f6a443ba3,savings_deposit,500,2025-11-16,Imported from hidar 2018 (Ethiopian) collection sheet
3b99cbf9-a20e-5158-8f91-76ab4275d515,3bbb05b3-76ad-58f1-891b-6777e08fe734,,8469f799-0d87-44b4-84e9-b18f6a443ba3,savings_deposit,500,2025-11-16,Imported from hidar 2018 (Ethiopian) collection sheet
dfff8002-a6bf-5130-a7c2-ee98378617d1,f4772095-a982-5f67-9483-de5bd0269aa2,,8469f799-0d87-44b4-84e9-b18f6a443ba3,savings_deposit,700,2025-11-16,Imported from hidar 2018 (Ethiopian) collection sheet
fb65562c-a789-5767-b04c-4ceabab97cda,b1242fc4-085a-59d9-bd25-3d53db393a95,,8469f799-0d87-44b4-84e9-b18f6a443ba3,savings_deposit,300,2025-11-16,Imported from hidar 2018 (Ethiopian) collection sheet
2a4f5fac-fd86-59e7-b884-c7c4fbbb421c,73e6cb68-bbf3-5dd1-84d3-1cba1163b07f,,8469f799-0d87-44b4-84e9-b18f6a443ba3,savings_deposit,300,2025-11-16,Imported from hidar 2018 (Ethiopian) collection sheet
25ec7e3a-dd7e-576a-9d97-9938233e3eee,a4356662-e458-54c8-9ee5-b90949d068cd,,8469f799-0d87-44b4-84e9-b18f6a443ba3,savings_deposit,500,2025-11-16,Imported from hidar 2018 (Ethiopian) collection sheet
2e738bbf-5580-5822-b869-e4ad1d85ffec,72a8896e-535f-58b2-9a53-39bcdd203fce,,8469f799-0d87-44b4-84e9-b18f6a443ba3,savings_deposit,300,2025-11-16,Imported from hidar 2018 (Ethiopian) collection sheet
65e4d623-5adf-5148-bde3-18f81e5f3c7d,a6ebd1b9-8689-5540-b5c3-376f9dc47bdb,,8469f799-0d87-44b4-84e9-b18f6a443ba3,savings_deposit,1000,2025-11-16,Imported from hidar 2018 (Ethiopian) collection sheet
5da2add4-5c2b-513b-afcb-27c807726284,60c2f8aa-0358-56b0-9984-d4186f05f767,,8469f799-0d87-44b4-84e9-b18f6a443ba3,savings_deposit,460,2025-11-16,Imported from hidar 2018 (Ethiopian) collection sheet
e9440fc3-f105-507b-9047-7b9d36adbedb,cb6fbfe0-6561-5ae8-abb0-22e11f38b62b,,8469f799-0d87-44b4-84e9-b18f6a443ba3,savings_deposit,500,2025-11-16,Imported from hidar 2018 (Ethiopian) collection sheet
776c5585-407c-556f-b823-b4c3227ca536,c25c27a2-8d3d-5fa4-99d5-1712bde7ef39,,8469f799-0d87-44b4-84e9-b18f6a443ba3,savings_deposit,500,2025-11-16,Imported from hidar 2018 (Ethiopian) collection sheet
491adc5a-2d76-5ce7-921d-4f5d71d11048,1ad8f71e-4f15-52fb-8ad6-158e2ccac339,,8469f799-0d87-44b4-84e9-b18f6a443ba3,savings_deposit,500,2025-11-16,Imported from hidar 2018 (Ethiopian) collection sheet
eceecc5a-44e9-54ef-9c24-5c65be6d2e49,1ad8f71e-4f15-52fb-8ad6-158e2ccac339,,8469f799-0d87-44b4-84e9-b18f6a443ba3,share_purchase,500,2025-11-16,Imported from hidar 2018 (Ethiopian) collection sheet
10f7f5cf-4ea4-586b-8804-2ac68cda579e,f76d7cab-6a2e-5d14-89da-26ccafbd3be0,,8469f799-0d87-44b4-84e9-b18f6a443ba3,savings_deposit,500,2025-11-16,Imported from hidar 2018 (Ethiopian) collection sheet
3540088d-9ca6-5ad1-8e9e-d1af18c572ca,fc4352be-369e-5598-8274-98a6cae1f207,,8469f799-0d87-44b4-84e9-b18f6a443ba3,savings_deposit,500,2025-11-16,Imported from hidar 2018 (Ethiopian) collection sheet
7e07ac78-2973-55c2-8fa4-fe9e20038446,c3a66182-f9eb-55b0-a3f4-fe924a4dec95,,8469f799-0d87-44b4-84e9-b18f6a443ba3,savings_deposit,500,2025-11-16,Imported from hidar 2018 (Ethiopian) collection sheet
288002ff-1b07-5eab-9731-a6422829de42,75f95f5d-bdcc-5624-9532-315ba2d8cf68,,8469f799-0d87-44b4-84e9-b18f6a443ba3,savings_deposit,600,2025-11-16,Imported from hidar 2018 (Ethiopian) collection sheet
fcc8f76c-60fb-5068-843b-7ee451a648ec,75f95f5d-bdcc-5624-9532-315ba2d8cf68,,8469f799-0d87-44b4-84e9-b18f6a443ba3,penalty_payment,50,2025-11-16,Imported from hidar 2018 (Ethiopian) collection sheet
dfa2af70-3956-511b-87b4-30226c6b3c4c,d3faf4eb-9546-5aa9-9995-1d985500ac16,,8469f799-0d87-44b4-84e9-b18f6a443ba3,savings_deposit,500,2025-11-16,Imported from hidar 2018 (Ethiopian) collection sheet
3a702cd4-e19b-5080-9ecc-7f259270f673,d3faf4eb-9546-5aa9-9995-1d985500ac16,,8469f799-0d87-44b4-84e9-b18f6a443ba3,share_purchase,500,2025-11-16,Imported from hidar 2018 (Ethiopian) collection sheet
b40b9711-c7d5-50d9-9214-35a596a48973,6c8bee9a-74b1-5e90-afac-e0a6e165fcef,,8469f799-0d87-44b4-84e9-b18f6a443ba3,savings_deposit,300,2025-11-16,Imported from hidar 2018 (Ethiopian) collection sheet
caac4021-c1b4-54e5-ac50-c60d62f057c6,6c8bee9a-74b1-5e90-afac-e0a6e165fcef,,8469f799-0d87-44b4-84e9-b18f6a443ba3,share_purchase,2700,2025-11-16,Imported from hidar 2018 (Ethiopian) collection sheet
322105ed-1c28-52e5-bfbe-435692f48885,53198375-0834-5854-95d3-f14812d02e9f,,8469f799-0d87-44b4-84e9-b18f6a443ba3,savings_deposit,500,2025-11-16,Imported from hidar 2018 (Ethiopian) collection sheet
cf42c9bf-b210-5a26-bb43-eb5737595b98,53198375-0834-5854-95d3-f14812d02e9f,,8469f799-0d87-44b4-84e9-b18f6a443ba3,share_purchase,1000,2025-11-16,Imported from hidar 2018 (Ethiopian) collection sheet
bdbddf0f-3e33-5ffa-9e3f-f8c93f37d2ac,653a7e72-171e-5a5b-a8bc-a744f16e7542,,8469f799-0d87-44b4-84e9-b18f6a443ba3,savings_deposit,1000,2025-11-16,Imported from hidar 2018 (Ethiopian) collection sheet
60069410-bdf7-5cf0-a8e4-b901b019e783,653a7e72-171e-5a5b-a8bc-a744f16e7542,,8469f799-0d87-44b4-84e9-b18f6a443ba3,share_purchase,1000,2025-11-16,Imported from hidar 2018 (Ethiopian) collection sheet
5f2fd18c-d165-5678-83ed-c32936e75695,439dca62-e8ee-5687-96ba-ed76048724b5,,8469f799-0d87-44b4-84e9-b18f6a443ba3,savings_deposit,500,2025-11-16,Imported from hidar 2018 (Ethiopian) collection sheet
59948e85-8c77-5f33-bbc0-7faa2884e35c,9bcb279d-1071-5ff0-aae5-53ea184ce725,,8469f799-0d87-44b4-84e9-b18f6a443ba3,savings_deposit,500,2025-11-16,Imported from hidar 2018 (Ethiopian) collection sheet
3714205b-226c-5f37-909b-5102e5082c8c,fdf165ea-a6ad-5b9a-a7ed-146969ee7817,,8469f799-0d87-44b4-84e9-b18f6a443ba3,savings_deposit,500,2025-11-16,Imported from hidar 2018 (Ethiopian) collection sheet
de8900ac-93ad-5282-b166-11653b9a79f6,319312c6-6801-528d-b138-81bcf7aba92e,,8469f799-0d87-44b4-84e9-b18f6a443ba3,savings_deposit,749,2025-11-16,Imported from hidar 2018 (Ethiopian) collection sheet
64511345-0508-5256-8e8e-dea0bae1aa72,c5281824-d45c-5e75-baa4-aa7ba6b9b4eb,,8469f799-0d87-44b4-84e9-b18f6a443ba3,savings_deposit,300,2025-11-16,Imported from hidar 2018 (Ethiopian) collection sheet
d5f5548f-1651-549d-8660-d3f9a41ac1ef,c4233303-1584-59c8-aeac-bf513bb11394,,8469f799-0d87-44b4-84e9-b18f6a443ba3,savings_deposit,450,2025-11-16,Imported from hidar 2018 (Ethiopian) collection sheet
5e606d65-bdd1-5a09-b0a4-2f43ce12b373,c4233303-1584-59c8-aeac-bf513bb11394,,8469f799-0d87-44b4-84e9-b18f6a443ba3,penalty_payment,50,2025-11-16,Imported from hidar 2018 (Ethiopian) collection sheet
938525af-b671-551e-83d4-534eccc4365c,db201c20-177d-50e8-848a-515d6842903d,,8469f799-0d87-44b4-84e9-b18f6a443ba3,savings_deposit,676,2025-11-16,Imported from hidar 2018 (Ethiopian) collection sheet
d58c4172-c9b8-5f3d-8b47-ff540b189db3,0bc38e75-0d03-50eb-9d02-a102d730494c,,8469f799-0d87-44b4-84e9-b18f6a443ba3,savings_deposit,1000,2025-11-16,Imported from hidar 2018 (Ethiopian) collection sheet
e6ee96ad-f672-56d4-934d-be496539b8d8,0bc38e75-0d03-50eb-9d02-a102d730494c,,8469f799-0d87-44b4-84e9-b18f6a443ba3,share_purchase,1157,2025-11-16,Imported from hidar 2018 (Ethiopian) collection sheet
1243164a-1413-52ef-8690-6e69a8cff33a,a771f0ce-7daf-5dc3-8fdf-a04e8fe108cc,,8469f799-0d87-44b4-84e9-b18f6a443ba3,savings_deposit,500,2025-11-16,Imported from hidar 2018 (Ethiopian) collection sheet
feb7eb4d-d271-5876-8e8e-9cd413b9193f,dc05a34e-7603-5430-8644-1006b5eb9ce8,,8469f799-0d87-44b4-84e9-b18f6a443ba3,savings_deposit,500,2025-11-16,Imported from hidar 2018 (Ethiopian) collection sheet
54b4a939-31c4-5c7b-9ae0-429bb253c726,dc05a34e-7603-5430-8644-1006b5eb9ce8,,8469f799-0d87-44b4-84e9-b18f6a443ba3,share_purchase,1000,2025-11-16,Imported from hidar 2018 (Ethiopian) collection sheet
4aeaf160-d387-5174-a70c-5a66104e3fb4,1312a235-bded-5cc9-9115-fbe26eb8d4ff,,8469f799-0d87-44b4-84e9-b18f6a443ba3,savings_deposit,500,2025-11-16,Imported from hidar 2018 (Ethiopian) collection sheet
f6fc04fa-52ce-5fb8-bc9c-38c12418e7b8,1312a235-bded-5cc9-9115-fbe26eb8d4ff,,8469f799-0d87-44b4-84e9-b18f6a443ba3,share_purchase,2000,2025-11-16,Imported from hidar 2018 (Ethiopian) collection sheet
71ac3bf0-5bd6-5a1c-9fe2-21192ffc4322,00504940-bbb4-52dd-9bed-81b31d16e60c,,8469f799-0d87-44b4-84e9-b18f6a443ba3,savings_deposit,300,2025-11-16,Imported from hidar 2018 (Ethiopian) collection sheet
793cd59e-5ece-52b6-8708-834783ec7b9d,4c1c461a-ae9f-5b76-980a-956c802b4225,,8469f799-0d87-44b4-84e9-b18f6a443ba3,savings_deposit,300,2025-11-16,Imported from hidar 2018 (Ethiopian) collection sheet
e615037c-fef1-5adf-acce-48f0d48f9668,4c1c461a-ae9f-5b76-980a-956c802b4225,,8469f799-0d87-44b4-84e9-b18f6a443ba3,share_purchase,1000,2025-11-16,Imported from hidar 2018 (Ethiopian) collection sheet
7c3e8136-341d-5053-9490-c6b5ccf3558b,5b09d4aa-c1b0-512a-a1dc-de6bb23c0fa2,,8469f799-0d87-44b4-84e9-b18f6a443ba3,savings_deposit,896,2025-11-16,Imported from hidar 2018 (Ethiopian) collection sheet
9a3545f0-42cf-5016-b9b1-78b9cab7e179,5b09d4aa-c1b0-512a-a1dc-de6bb23c0fa2,,8469f799-0d87-44b4-84e9-b18f6a443ba3,penalty_payment,50,2025-11-16,Imported from hidar 2018 (Ethiopian) collection sheet
5e9eb3c1-80b0-5b6b-af49-99cd61183105,7de65b59-a390-528f-9574-24528382dc93,,8469f799-0d87-44b4-84e9-b18f6a443ba3,savings_deposit,500,2025-11-16,Imported from hidar 2018 (Ethiopian) collection sheet
ac6227d1-06d4-5aa2-b4b2-40d3c8c3224b,094105d3-95fc-5ef8-9498-a9da1f7bd987,,8469f799-0d87-44b4-84e9-b18f6a443ba3,savings_deposit,500,2025-11-16,Imported from hidar 2018 (Ethiopian) collection sheet
2d17b8db-bc92-595f-a74d-66f319c515e7,6c7e695e-1c69-5ba8-8e86-11220259cea5,,8469f799-0d87-44b4-84e9-b18f6a443ba3,savings_deposit,1000,2025-11-16,Imported from hidar 2018 (Ethiopian) collection sheet
eef59247-6378-50e1-9e51-a0425a033e0f,6c7e695e-1c69-5ba8-8e86-11220259cea5,,8469f799-0d87-44b4-84e9-b18f6a443ba3,share_purchase,4124,2025-11-16,Imported from hidar 2018 (Ethiopian) collection sheet
4edf11a1-0b49-50f3-b009-f48488d49055,640b242e-d25d-5d03-ac35-6d4ada4340a4,,8469f799-0d87-44b4-84e9-b18f6a443ba3,savings_deposit,500,2025-11-16,Imported from hidar 2018 (Ethiopian) collection sheet
98df9bb0-8821-59cc-9484-35372281b391,640b242e-d25d-5d03-ac35-6d4ada4340a4,,8469f799-0d87-44b4-84e9-b18f6a443ba3,share_purchase,500,2025-11-16,Imported from hidar 2018 (Ethiopian) collection sheet
ee85e8c1-daa5-5dbe-9eb7-df61552b5323,b6399dcf-1caa-5da3-bb09-d4f79922e2ed,,8469f799-0d87-44b4-84e9-b18f6a443ba3,savings_deposit,500,2025-11-16,Imported from hidar 2018 (Ethiopian) collection sheet
b8df5c1d-f81f-55be-886e-b7932b88b69c,fcee7f90-a4ed-5bb4-bc0a-7f04623c694a,,8469f799-0d87-44b4-84e9-b18f6a443ba3,savings_deposit,500,2025-11-16,Imported from hidar 2018 (Ethiopian) collection sheet
34a9a234-9aab-5b76-ac63-f2207a9a0c50,980a1405-2a66-53ba-b246-90cc1bcd9824,,8469f799-0d87-44b4-84e9-b18f6a443ba3,savings_deposit,500,2025-11-16,Imported from hidar 2018 (Ethiopian) collection sheet
230556b6-7f7b-5547-9fc9-498bb8f1247a,ae5e0f27-63ff-5cfe-b320-5839eccb0f39,,8469f799-0d87-44b4-84e9-b18f6a443ba3,savings_deposit,500,2025-11-16,Imported from hidar 2018 (Ethiopian) collection sheet
07dfa852-63ff-5d59-8259-a8e13e915d12,ae5e0f27-63ff-5cfe-b320-5839eccb0f39,,8469f799-0d87-44b4-84e9-b18f6a443ba3,share_purchase,2810,2025-11-16,Imported from hidar 2018 (Ethiopian) collection sheet
ba9f9c8a-b81e-5452-85dd-d1f3c6e66454,f21a7119-21e1-5886-a094-aeef9ea90120,,8469f799-0d87-44b4-84e9-b18f6a443ba3,savings_deposit,499,2025-11-16,Imported from hidar 2018 (Ethiopian) collection sheet
71658b39-22e2-5ad1-9464-a719f0f2a750,f21a7119-21e1-5886-a094-aeef9ea90120,,8469f799-0d87-44b4-84e9-b18f6a443ba3,share_purchase,1500,2025-11-16,Imported from hidar 2018 (Ethiopian) collection sheet
6ea35f30-1172-5d99-8e5d-02caa32e751b,286ecb3c-8211-53a0-97be-24e354b06a1d,,8469f799-0d87-44b4-84e9-b18f6a443ba3,savings_deposit,300,2025-11-16,Imported from hidar 2018 (Ethiopian) collection sheet
6eeffc8b-1bb8-5858-9bb3-d29150413a9b,737a8d1b-4900-52ab-a075-9e94a6135e5a,,8469f799-0d87-44b4-84e9-b18f6a443ba3,savings_deposit,600,2025-11-16,Imported from hidar 2018 (Ethiopian) collection sheet
bee1b3cb-7efc-5e46-a756-b1d4b8bcd4cc,22d76f64-4d03-57bd-9591-22362b1ef93d,,8469f799-0d87-44b4-84e9-b18f6a443ba3,savings_deposit,1150,2025-11-16,Imported from hidar 2018 (Ethiopian) collection sheet
844f04e8-7826-5d74-bd29-9a46faa1e8a9,22d76f64-4d03-57bd-9591-22362b1ef93d,,8469f799-0d87-44b4-84e9-b18f6a443ba3,penalty_payment,50,2025-11-16,Imported from hidar 2018 (Ethiopian) collection sheet
7adb252b-6161-561e-98db-14b7642c1887,f20f195e-d014-50ac-891d-111561cc1b23,,8469f799-0d87-44b4-84e9-b18f6a443ba3,savings_deposit,1150,2025-11-16,Imported from hidar 2018 (Ethiopian) collection sheet
13e9b49d-3525-51b4-a358-f0449fb36f9e,f20f195e-d014-50ac-891d-111561cc1b23,,8469f799-0d87-44b4-84e9-b18f6a443ba3,penalty_payment,50,2025-11-16,Imported from hidar 2018 (Ethiopian) collection sheet
503c966f-1368-5929-a529-727d2877c353,d82e3094-7b6c-5331-b605-63ab2e240d21,,8469f799-0d87-44b4-84e9-b18f6a443ba3,savings_deposit,1000,2025-11-16,Imported from hidar 2018 (Ethiopian) collection sheet
8d97090b-4a19-5ede-92a1-e394f67ae897,47ec08e9-732a-5965-8cd9-d5cd3b4e9c48,,8469f799-0d87-44b4-84e9-b18f6a443ba3,savings_deposit,500,2025-11-16,Imported from hidar 2018 (Ethiopian) collection sheet
f293d7e0-b835-5b9a-bf06-41e30896ab3d,47ec08e9-732a-5965-8cd9-d5cd3b4e9c48,,8469f799-0d87-44b4-84e9-b18f6a443ba3,share_purchase,7000,2025-11-16,Imported from hidar 2018 (Ethiopian) collection sheet
f9427e2a-6949-59ed-9331-ef312dbd3676,760554fa-d88d-565f-8205-3c6ef1abd75c,,8469f799-0d87-44b4-84e9-b18f6a443ba3,savings_deposit,2000,2025-11-16,Imported from hidar 2018 (Ethiopian) collection sheet
f1b29e96-dc25-58f6-95bc-6964d366f9b9,760554fa-d88d-565f-8205-3c6ef1abd75c,,8469f799-0d87-44b4-84e9-b18f6a443ba3,share_purchase,8000,2025-11-16,Imported from hidar 2018 (Ethiopian) collection sheet
62809faf-4945-5353-933a-230e2e6c4bf2,85a64810-64c3-58ca-86e7-eb62fc6c2060,,8469f799-0d87-44b4-84e9-b18f6a443ba3,savings_deposit,600,2025-11-16,Imported from hidar 2018 (Ethiopian) collection sheet
71b7f5ef-0b74-5d17-934f-7ee369057073,85a64810-64c3-58ca-86e7-eb62fc6c2060,,8469f799-0d87-44b4-84e9-b18f6a443ba3,share_purchase,7800,2025-11-16,Imported from hidar 2018 (Ethiopian) collection sheet
8e51161a-9032-5851-8198-6b56a58843ac,a2e78812-b8db-5915-ac41-4c459014f26f,,8469f799-0d87-44b4-84e9-b18f6a443ba3,savings_deposit,400,2025-11-16,Imported from hidar 2018 (Ethiopian) collection sheet
9dcd216e-d839-5120-be54-5c951145e0d2,a2e78812-b8db-5915-ac41-4c459014f26f,,8469f799-0d87-44b4-84e9-b18f6a443ba3,share_purchase,1000,2025-11-16,Imported from hidar 2018 (Ethiopian) collection sheet
142cdc26-1d31-54a5-be4f-53d9deefe783,48348d28-35b4-5a0c-b871-86b6516eadc9,,8469f799-0d87-44b4-84e9-b18f6a443ba3,savings_deposit,500,2025-11-16,Imported from hidar 2018 (Ethiopian) collection sheet
d971512e-923b-5bc7-8f58-9eaf36210632,48348d28-35b4-5a0c-b871-86b6516eadc9,,8469f799-0d87-44b4-84e9-b18f6a443ba3,share_purchase,1000,2025-11-16,Imported from hidar 2018 (Ethiopian) collection sheet
ba4fbd10-112a-5dde-abdd-f4d88bab1f89,2cb9dc21-141f-5c94-a3a2-53c9146b95d9,,8469f799-0d87-44b4-84e9-b18f6a443ba3,savings_deposit,1999,2025-11-16,Imported from hidar 2018 (Ethiopian) collection sheet
83705791-cdb9-5e1d-8a24-2c5b30e389f9,28376a0f-18b1-5402-b40c-67d5b9b27df0,,8469f799-0d87-44b4-84e9-b18f6a443ba3,savings_deposit,165,2025-11-16,Imported from hidar 2018 (Ethiopian) collection sheet
db486270-f6f5-506e-a79f-4d7cf747b795,b32fac1a-aa87-568b-b93b-e5763112b61d,,8469f799-0d87-44b4-84e9-b18f6a443ba3,savings_deposit,500,2025-11-16,Imported from hidar 2018 (Ethiopian) collection sheet
3bff62a5-5cbb-5527-be01-09215eb8752e,414b6ffc-f127-5a64-9f70-c41106f36639,,8469f799-0d87-44b4-84e9-b18f6a443ba3,savings_deposit,1000,2025-11-16,Imported from hidar 2018 (Ethiopian) collection sheet
79b244be-557e-591d-bf7c-5b09bf8aee0b,049218fa-9e5a-5b66-b2bd-8b33630b5130,,8469f799-0d87-44b4-84e9-b18f6a443ba3,savings_deposit,519,2025-11-16,Imported from hidar 2018 (Ethiopian) collection sheet
6111ea14-a275-51d8-8026-3fe0850b96ec,049218fa-9e5a-5b66-b2bd-8b33630b5130,,8469f799-0d87-44b4-84e9-b18f6a443ba3,share_purchase,300,2025-11-16,Imported from hidar 2018 (Ethiopian) collection sheet
d990cc15-a09a-562f-a790-1fc2197e440f,35fdeddd-15b6-5e4f-ae4d-0470a098c6bb,,8469f799-0d87-44b4-84e9-b18f6a443ba3,savings_deposit,1000,2025-11-16,Imported from hidar 2018 (Ethiopian) collection sheet
27022e13-e7cd-5232-8edd-3a7b51ef272e,643e30d9-af60-5c78-a1d6-74388a9af0f9,,8469f799-0d87-44b4-84e9-b18f6a443ba3,savings_deposit,1000,2025-11-16,Imported from hidar 2018 (Ethiopian) collection sheet
4d56167d-8ab7-57b8-9c87-9f165f5fa28c,643e30d9-af60-5c78-a1d6-74388a9af0f9,,8469f799-0d87-44b4-84e9-b18f6a443ba3,share_purchase,1000,2025-11-16,Imported from hidar 2018 (Ethiopian) collection sheet
ee54180e-af56-53ae-bb63-12b39df306aa,0c0a5dc8-0a60-5d67-9aba-378c65dfad91,,8469f799-0d87-44b4-84e9-b18f6a443ba3,savings_deposit,500,2025-11-16,Imported from hidar 2018 (Ethiopian) collection sheet
c0c190df-fdcf-56e8-9171-c4b9ee2a1537,18ec1064-0d14-5d84-9814-8e1007ab8ec7,,8469f799-0d87-44b4-84e9-b18f6a443ba3,savings_deposit,1000,2025-11-16,Imported from hidar 2018 (Ethiopian) collection sheet
4d800990-61df-51a5-a3ac-066bd32714fc,18ec1064-0d14-5d84-9814-8e1007ab8ec7,,8469f799-0d87-44b4-84e9-b18f6a443ba3,share_purchase,1500,2025-11-16,Imported from hidar 2018 (Ethiopian) collection sheet
30d71805-94c2-5a24-be72-56edd85e2bb5,18ec1064-0d14-5d84-9814-8e1007ab8ec7,,8469f799-0d87-44b4-84e9-b18f6a443ba3,penalty_payment,50,2025-11-16,Imported from hidar 2018 (Ethiopian) collection sheet
bf9939f0-306f-53bd-bb47-d81c6659284d,f88d8e5f-0ed1-5e58-bdfc-8df9e93c0195,,8469f799-0d87-44b4-84e9-b18f6a443ba3,savings_deposit,500,2025-11-16,Imported from hidar 2018 (Ethiopian) collection sheet
cd88b872-d513-5efa-a9b9-63256fa9c8dc,40cd2138-10ea-53af-a42e-8bb58521e9ae,,8469f799-0d87-44b4-84e9-b18f6a443ba3,savings_deposit,500,2025-11-16,Imported from hidar 2018 (Ethiopian) collection sheet
7f8e6c3a-4c99-595b-bb83-1c3fcd190aeb,40cd2138-10ea-53af-a42e-8bb58521e9ae,,8469f799-0d87-44b4-84e9-b18f6a443ba3,share_purchase,500,2025-11-16,Imported from hidar 2018 (Ethiopian) collection sheet
e60c4994-518b-5388-89ad-fd76f99eaed0,fd4fc03e-beed-599e-a862-bf1ebb489d28,,8469f799-0d87-44b4-84e9-b18f6a443ba3,savings_deposit,400,2025-11-16,Imported from hidar 2018 (Ethiopian) collection sheet
8fab47b4-3a2f-546f-a63f-1523cf18bea5,a31db2ec-9d4a-5d1a-b551-cc423673ea8a,,8469f799-0d87-44b4-84e9-b18f6a443ba3,savings_deposit,300,2025-11-16,Imported from hidar 2018 (Ethiopian) collection sheet
49b47706-ebb2-5ec8-bf35-98bbf1f408bb,a31db2ec-9d4a-5d1a-b551-cc423673ea8a,,8469f799-0d87-44b4-84e9-b18f6a443ba3,share_purchase,1000,2025-11-16,Imported from hidar 2018 (Ethiopian) collection sheet
91ba37dc-6e29-50f8-a9f9-545085ccd7cf,7b0770a8-2173-5070-80f4-3cc171ab8378,,8469f799-0d87-44b4-84e9-b18f6a443ba3,savings_deposit,1000,2025-11-16,Imported from hidar 2018 (Ethiopian) collection sheet
662a22df-512b-52c4-b7b0-506f582ebe80,7b0770a8-2173-5070-80f4-3cc171ab8378,,8469f799-0d87-44b4-84e9-b18f6a443ba3,share_purchase,7000,2025-11-16,Imported from hidar 2018 (Ethiopian) collection sheet
4aa81b95-0c8b-5b86-8da3-0d5178e8f307,a4abc03d-99d2-5421-9712-1e1eb35acc37,,8469f799-0d87-44b4-84e9-b18f6a443ba3,savings_deposit,502,2025-11-16,Imported from hidar 2018 (Ethiopian) collection sheet
5262030f-dce8-51db-8664-14d2c3e07fa7,f7a5e560-da9b-5bf0-96c3-9a087507a3a5,,8469f799-0d87-44b4-84e9-b18f6a443ba3,savings_deposit,500,2025-11-16,Imported from hidar 2018 (Ethiopian) collection sheet
b550dad6-3b43-5a0a-ad2d-ee250b545dca,a9e1deed-561a-5838-8766-2fb2c036ea29,,8469f799-0d87-44b4-84e9-b18f6a443ba3,savings_deposit,1000,2025-11-16,Imported from hidar 2018 (Ethiopian) collection sheet
4cf68b36-9e4e-59da-8532-fadce58ac69d,2e2b55a7-2c48-5b27-ab85-e84cfe6ba873,,8469f799-0d87-44b4-84e9-b18f6a443ba3,savings_deposit,2000,2025-11-16,Imported from hidar 2018 (Ethiopian) collection sheet
b0d89315-9cce-5e74-a3d5-f8e6db3bf2c9,2e2b55a7-2c48-5b27-ab85-e84cfe6ba873,,8469f799-0d87-44b4-84e9-b18f6a443ba3,penalty_payment,50,2025-11-16,Imported from hidar 2018 (Ethiopian) collection sheet
fa3de57f-6b66-542e-a764-09b04b7eb529,26cf5d2f-1d72-5d7f-ada9-7379077b11ae,,8469f799-0d87-44b4-84e9-b18f6a443ba3,savings_deposit,500,2025-11-16,Imported from hidar 2018 (Ethiopian) collection sheet
86f3aec8-903c-59ad-b478-3a6a3123c148,d413f918-479b-57e9-87d9-23d6708d8d81,,8469f799-0d87-44b4-84e9-b18f6a443ba3,savings_deposit,500,2025-11-16,Imported from hidar 2018 (Ethiopian) collection sheet
9762cb6d-eec8-5eda-adbc-e3f23506960a,f2915524-e894-5bde-aecd-da2bed49a70c,,8469f799-0d87-44b4-84e9-b18f6a443ba3,savings_deposit,300,2025-11-16,Imported from hidar 2018 (Ethiopian) collection sheet
1cfd98c1-f7d4-5867-bbcb-6f232eec7c5c,8cbc921c-b09b-5afb-8361-fa63c61ffd8a,,8469f799-0d87-44b4-84e9-b18f6a443ba3,savings_deposit,500,2025-11-16,Imported from hidar 2018 (Ethiopian) collection sheet
768b3ee0-8436-51ac-9fd2-6607ca657a9e,1f0dbffc-ffca-5b20-b4fb-3b17fbe5a239,,8469f799-0d87-44b4-84e9-b18f6a443ba3,savings_deposit,1000,2025-11-16,Imported from hidar 2018 (Ethiopian) collection sheet
0ed9b29d-6a56-5220-8914-f8f97859fc8b,1f0dbffc-ffca-5b20-b4fb-3b17fbe5a239,,8469f799-0d87-44b4-84e9-b18f6a443ba3,share_purchase,1000,2025-11-16,Imported from hidar 2018 (Ethiopian) collection sheet
4ea6c47d-d254-5b91-a9dd-09dae8fd388c,b5824845-954a-56c9-92b3-946cdcce91f7,,8469f799-0d87-44b4-84e9-b18f6a443ba3,savings_deposit,1000,2025-11-16,Imported from hidar 2018 (Ethiopian) collection sheet
64075f7e-5704-5df6-865d-4da1197872a2,b5824845-954a-56c9-92b3-946cdcce91f7,,8469f799-0d87-44b4-84e9-b18f6a443ba3,share_purchase,7000,2025-11-16,Imported from hidar 2018 (Ethiopian) collection sheet
9d384fc6-3f5f-590a-a5e9-414d2fc676df,a69c8787-2423-5b77-bc34-87f8260086ef,,8469f799-0d87-44b4-84e9-b18f6a443ba3,savings_deposit,500,2025-11-16,Imported from hidar 2018 (Ethiopian) collection sheet
9122550f-ef41-5d67-afdb-5b50cd903ed5,0799c4e9-58bc-5b55-b3bb-822f9120af53,,8469f799-0d87-44b4-84e9-b18f6a443ba3,savings_deposit,300,2025-11-16,Imported from hidar 2018 (Ethiopian) collection sheet
b832b8e9-fe2b-5b39-996a-c940147f2f34,404705d2-d41d-5bd5-8836-1b5feb5214f8,,8469f799-0d87-44b4-84e9-b18f6a443ba3,savings_deposit,1000,2025-11-16,Imported from hidar 2018 (Ethiopian) collection sheet
d478981a-e806-5666-a0f2-28c9d69b2bf5,404705d2-d41d-5bd5-8836-1b5feb5214f8,,8469f799-0d87-44b4-84e9-b18f6a443ba3,share_purchase,2000,2025-11-16,Imported from hidar 2018 (Ethiopian) collection sheet
6e1332bf-2eff-524e-b3ad-7f719702f4fd,6137a13d-bb02-50d8-a60c-81b54bebaab0,,8469f799-0d87-44b4-84e9-b18f6a443ba3,savings_deposit,2000,2025-11-16,Imported from hidar 2018 (Ethiopian) collection sheet
9779ba52-b14f-5260-a903-3a503b3b1692,6137a13d-bb02-50d8-a60c-81b54bebaab0,,8469f799-0d87-44b4-84e9-b18f6a443ba3,share_purchase,2000,2025-11-16,Imported from hidar 2018 (Ethiopian) collection sheet
f0959282-3559-5d12-886f-56289906a4a5,e0a1cd41-f09b-584c-a323-5e24952b99ee,,8469f799-0d87-44b4-84e9-b18f6a443ba3,savings_deposit,1000,2025-11-16,Imported from hidar 2018 (Ethiopian) collection sheet
56ad71a9-9210-5be0-b9d3-f101c95e3c42,e0a1cd41-f09b-584c-a323-5e24952b99ee,,8469f799-0d87-44b4-84e9-b18f6a443ba3,share_purchase,1000,2025-11-16,Imported from hidar 2018 (Ethiopian) collection sheet
0889cb3d-97a5-52ab-8fed-86eae11b5a8a,b3d4ad0c-ee3c-53a5-a951-a9759c819236,,8469f799-0d87-44b4-84e9-b18f6a443ba3,savings_deposit,500,2025-11-16,Imported from hidar 2018 (Ethiopian) collection sheet
dbcc2d98-4af7-5d99-bd4d-31194bec49db,8fc8de0b-78bc-545e-8408-2189a31760ec,,8469f799-0d87-44b4-84e9-b18f6a443ba3,savings_deposit,1000,2025-11-16,Imported from hidar 2018 (Ethiopian) collection sheet
02324736-ab8a-5c6d-a269-8a9e982a2d84,8fc8de0b-78bc-545e-8408-2189a31760ec,,8469f799-0d87-44b4-84e9-b18f6a443ba3,share_purchase,9000,2025-11-16,Imported from hidar 2018 (Ethiopian) collection sheet
3483f04c-e924-56ab-bf20-13ca9f0a7174,59b2b2dc-7289-54a6-9435-57bf25be75c7,,8469f799-0d87-44b4-84e9-b18f6a443ba3,savings_deposit,2000,2025-11-16,Imported from hidar 2018 (Ethiopian) collection sheet
31ee96d6-3d14-51c8-8d66-50539349c084,95154953-c3dd-55eb-9284-60060b3e99a8,,8469f799-0d87-44b4-84e9-b18f6a443ba3,savings_deposit,2000,2025-11-16,Imported from hidar 2018 (Ethiopian) collection sheet
933b2965-b14c-5e89-92a4-f57d9b0be2ea,95154953-c3dd-55eb-9284-60060b3e99a8,,8469f799-0d87-44b4-84e9-b18f6a443ba3,share_purchase,3000,2025-11-16,Imported from hidar 2018 (Ethiopian) collection sheet
7cae7ad1-f3c7-5d80-9bfd-8072aa3b9e9f,06fa8212-7f04-5497-a2b6-310f1c798b46,,8469f799-0d87-44b4-84e9-b18f6a443ba3,savings_deposit,1000,2025-11-16,Imported from hidar 2018 (Ethiopian) collection sheet
e25a1240-9eeb-5955-8821-c1b626db7ddd,06fa8212-7f04-5497-a2b6-310f1c798b46,,8469f799-0d87-44b4-84e9-b18f6a443ba3,share_purchase,1000,2025-11-16,Imported from hidar 2018 (Ethiopian) collection sheet
ae3aa926-1506-5083-90ba-2888916876c6,e2de7857-57f4-52de-9b30-0d0c74d7933f,,8469f799-0d87-44b4-84e9-b18f6a443ba3,savings_deposit,500,2025-11-16,Imported from hidar 2018 (Ethiopian) collection sheet
3cae2d7f-7cc6-5928-a6f5-387f64f49223,e2de7857-57f4-52de-9b30-0d0c74d7933f,,8469f799-0d87-44b4-84e9-b18f6a443ba3,share_purchase,1000,2025-11-16,Imported from hidar 2018 (Ethiopian) collection sheet
7f421d40-e765-5044-beba-0f9376e25ebe,14097ace-d5d4-58a0-b4e8-d735db008348,,8469f799-0d87-44b4-84e9-b18f6a443ba3,savings_deposit,2000,2025-11-16,Imported from hidar 2018 (Ethiopian) collection sheet
8f675c8b-55aa-5eac-8fb2-e035ad7852f3,35075fef-07f6-5252-8183-cc3a2f16eb41,,8469f799-0d87-44b4-84e9-b18f6a443ba3,savings_deposit,500,2025-11-16,Imported from hidar 2018 (Ethiopian) collection sheet
3e30fe81-8d42-5ffd-9af2-936740a5cadc,35075fef-07f6-5252-8183-cc3a2f16eb41,,8469f799-0d87-44b4-84e9-b18f6a443ba3,share_purchase,5000,2025-11-16,Imported from hidar 2018 (Ethiopian) collection sheet
9f06b1c1-2db3-50b8-8b3e-a45a13429235,cf50d566-4405-5b00-b14c-0d5020d22c31,,8469f799-0d87-44b4-84e9-b18f6a443ba3,savings_deposit,500,2025-11-16,Imported from hidar 2018 (Ethiopian) collection sheet
9a49ea14-c06e-5684-bbf1-1f856d6884cb,5aaf0160-4ec6-5a7c-b189-1ba82739d136,,8469f799-0d87-44b4-84e9-b18f6a443ba3,savings_deposit,1000,2025-11-16,Imported from hidar 2018 (Ethiopian) collection sheet
10ee8abd-6da7-5b12-a2a3-6950b5b7510b,5aaf0160-4ec6-5a7c-b189-1ba82739d136,,8469f799-0d87-44b4-84e9-b18f6a443ba3,share_purchase,1000,2025-11-16,Imported from hidar 2018 (Ethiopian) collection sheet
5a134897-4607-5963-83ad-8528baf615ca,5aaf0160-4ec6-5a7c-b189-1ba82739d136,,8469f799-0d87-44b4-84e9-b18f6a443ba3,penalty_payment,50,2025-11-16,Imported from hidar 2018 (Ethiopian) collection sheet
2ea6636c-a106-592d-9ec6-f9cd391651fc,fc282955-0b0a-54ad-8057-22d4d660b8f3,,8469f799-0d87-44b4-84e9-b18f6a443ba3,savings_deposit,1000,2025-11-16,Imported from hidar 2018 (Ethiopian) collection sheet
f5594e1c-f974-5f13-b29f-34bb051268ee,7ff58eac-03b8-5c06-83a7-d23117961668,,8469f799-0d87-44b4-84e9-b18f6a443ba3,savings_deposit,2000,2025-11-16,Imported from hidar 2018 (Ethiopian) collection sheet
ea1884e4-6aae-513d-aa59-7411079420b2,7ff58eac-03b8-5c06-83a7-d23117961668,,8469f799-0d87-44b4-84e9-b18f6a443ba3,share_purchase,8000,2025-11-16,Imported from hidar 2018 (Ethiopian) collection sheet
93d339c5-a388-576d-80f0-ac6b61994bda,9fcf7196-5811-531b-9d09-c74999451007,,8469f799-0d87-44b4-84e9-b18f6a443ba3,savings_deposit,1000,2025-11-16,Imported from hidar 2018 (Ethiopian) collection sheet
4f45b58b-ed8f-5cd3-9788-f7eaa36ce5b4,9fcf7196-5811-531b-9d09-c74999451007,,8469f799-0d87-44b4-84e9-b18f6a443ba3,share_purchase,1000,2025-11-16,Imported from hidar 2018 (Ethiopian) collection sheet
dbec4a7d-5cb8-579f-813d-01e03fc992dc,b2efb9cd-1182-562a-9d94-094f7d382bee,,8469f799-0d87-44b4-84e9-b18f6a443ba3,savings_deposit,300,2025-11-16,Imported from hidar 2018 (Ethiopian) collection sheet
dfa52297-f633-5d34-b7f5-fb50c1077528,3912ff00-0f6f-5b2c-9347-85cf4836d771,,8469f799-0d87-44b4-84e9-b18f6a443ba3,savings_deposit,300,2025-11-16,Imported from hidar 2018 (Ethiopian) collection sheet
f74ed795-cb64-5541-9d65-faf9b37bb609,4c6be39b-4741-5654-aa09-b6dafa25137a,,8469f799-0d87-44b4-84e9-b18f6a443ba3,savings_deposit,1000,2025-11-16,Imported from hidar 2018 (Ethiopian) collection sheet
0bd87a59-9211-5743-b9cc-f41d2c0e33bc,50b83ed9-e5bb-5b8d-8732-2ec2c6a7205b,,8469f799-0d87-44b4-84e9-b18f6a443ba3,savings_deposit,500,2025-11-16,Imported from hidar 2018 (Ethiopian) collection sheet
1dfab585-6b4e-5fd5-a82b-eaebba943249,50b83ed9-e5bb-5b8d-8732-2ec2c6a7205b,,8469f799-0d87-44b4-84e9-b18f6a443ba3,share_purchase,2000,2025-11-16,Imported from hidar 2018 (Ethiopian) collection sheet
11d1a9fb-bec4-5c7e-b37c-25df9f924e50,18556b09-0ab4-5885-9547-840bf5c1f616,,8469f799-0d87-44b4-84e9-b18f6a443ba3,savings_deposit,2000,2025-11-16,Imported from hidar 2018 (Ethiopian) collection sheet
76c81288-da57-5c66-b9d4-618c9ac74b31,18556b09-0ab4-5885-9547-840bf5c1f616,,8469f799-0d87-44b4-84e9-b18f6a443ba3,share_purchase,3000,2025-11-16,Imported from hidar 2018 (Ethiopian) collection sheet
70e318ff-ca78-5e9d-9082-f2a544a4aa04,0d708cf3-ad24-508c-9c92-a1ec38825d05,,8469f799-0d87-44b4-84e9-b18f6a443ba3,savings_deposit,1000,2025-11-16,Imported from hidar 2018 (Ethiopian) collection sheet
227569ad-7a48-5823-ba5f-999386af214d,f36e90f7-c963-52f0-bbf6-27b03512f8aa,,8469f799-0d87-44b4-84e9-b18f6a443ba3,savings_deposit,300,2025-11-16,Imported from hidar 2018 (Ethiopian) collection sheet
56fba824-c1ed-5f61-8f3e-e3d0a3afe658,d4f2023e-279b-5701-8eef-b0a0e9d3688a,,8469f799-0d87-44b4-84e9-b18f6a443ba3,savings_deposit,300,2025-11-16,Imported from hidar 2018 (Ethiopian) collection sheet
0e145fb5-6afa-54d5-92c9-0a5824909231,d4f2023e-279b-5701-8eef-b0a0e9d3688a,,8469f799-0d87-44b4-84e9-b18f6a443ba3,share_purchase,1000,2025-11-16,Imported from hidar 2018 (Ethiopian) collection sheet
38345502-3349-53e7-ab64-f6bd37f89f97,28161268-eba4-517b-aad0-38e29bbf42b4,,8469f799-0d87-44b4-84e9-b18f6a443ba3,savings_deposit,500,2025-11-16,Imported from hidar 2018 (Ethiopian) collection sheet
e5d68f7d-3802-5f33-ab1d-1125544da8bc,6b0460be-2f71-5133-afa7-dd554cdffd51,,8469f799-0d87-44b4-84e9-b18f6a443ba3,savings_deposit,500,2025-11-16,Imported from hidar 2018 (Ethiopian) collection sheet
13e6032b-7af1-5bc5-b168-fab339202291,a98c7ead-82e7-5f45-864a-3bf83a0a2643,,8469f799-0d87-44b4-84e9-b18f6a443ba3,savings_deposit,500,2025-11-16,Imported from hidar 2018 (Ethiopian) collection sheet
420fa6a5-bca8-59dd-9998-566475a7b659,06b63cbb-2bdb-5025-9578-7e7dea866a46,,8469f799-0d87-44b4-84e9-b18f6a443ba3,savings_deposit,500,2025-11-16,Imported from hidar 2018 (Ethiopian) collection sheet
58d7d77b-78ef-5b4c-98ce-a0443ff24182,06b63cbb-2bdb-5025-9578-7e7dea866a46,,8469f799-0d87-44b4-84e9-b18f6a443ba3,share_purchase,1500,2025-11-16,Imported from hidar 2018 (Ethiopian) collection sheet
c6b79a92-1f0b-540f-bb5e-34013362eca8,a05a8645-6102-52e9-8c87-199ab572e309,,8469f799-0d87-44b4-84e9-b18f6a443ba3,savings_deposit,1000,2025-11-16,Imported from hidar 2018 (Ethiopian) collection sheet
bc36a7e7-c996-5984-b353-1ce575b02143,a05a8645-6102-52e9-8c87-199ab572e309,,8469f799-0d87-44b4-84e9-b18f6a443ba3,share_purchase,1000,2025-11-16,Imported from hidar 2018 (Ethiopian) collection sheet
2d6b4ede-93c2-5530-9e4c-6dcf6a1e599d,a05a8645-6102-52e9-8c87-199ab572e309,,8469f799-0d87-44b4-84e9-b18f6a443ba3,penalty_payment,50,2025-11-16,Imported from hidar 2018 (Ethiopian) collection sheet
fe61fda8-7e65-5b87-962f-dfa422daceda,284e696c-3949-5c06-ba88-16fccaa4ade9,,8469f799-0d87-44b4-84e9-b18f6a443ba3,savings_deposit,500,2025-11-16,Imported from hidar 2018 (Ethiopian) collection sheet
8949793a-4057-51d6-99ba-40cc79fa264f,284e696c-3949-5c06-ba88-16fccaa4ade9,,8469f799-0d87-44b4-84e9-b18f6a443ba3,share_purchase,500,2025-11-16,Imported from hidar 2018 (Ethiopian) collection sheet
84b27118-32e9-5e06-a525-3668f035c210,f5ed49cd-2af4-523f-9a48-b4c14551e8eb,,8469f799-0d87-44b4-84e9-b18f6a443ba3,savings_deposit,500,2025-11-16,Imported from hidar 2018 (Ethiopian) collection sheet
7ace3ecc-9cc7-5fe6-964e-94af53aa8494,efb40953-7213-50c9-9529-b8fc3cdb7d92,,8469f799-0d87-44b4-84e9-b18f6a443ba3,savings_deposit,1000,2025-11-16,Imported from hidar 2018 (Ethiopian) collection sheet
e8394042-c495-50cc-b16a-a1a23fdfd30d,efb40953-7213-50c9-9529-b8fc3cdb7d92,,8469f799-0d87-44b4-84e9-b18f6a443ba3,share_purchase,2500,2025-11-16,Imported from hidar 2018 (Ethiopian) collection sheet
5f733d1f-7c79-5665-a4dc-8fab16641039,ae168754-dc53-53bb-8759-fdf401fd7c06,,8469f799-0d87-44b4-84e9-b18f6a443ba3,savings_deposit,1000,2025-11-16,Imported from hidar 2018 (Ethiopian) collection sheet
bfdbcc95-ea8c-5729-9063-bf72a2f8600e,bef556d7-3b69-5f7b-9805-f9f2d36e7ad4,,8469f799-0d87-44b4-84e9-b18f6a443ba3,savings_deposit,500,2025-11-16,Imported from hidar 2018 (Ethiopian) collection sheet
b045e10d-6153-52bd-852a-091c292f019b,bef556d7-3b69-5f7b-9805-f9f2d36e7ad4,,8469f799-0d87-44b4-84e9-b18f6a443ba3,share_purchase,1000,2025-11-16,Imported from hidar 2018 (Ethiopian) collection sheet
a0f45398-fb59-5641-9dea-bef0769c4ecd,570068f9-c44a-5f37-b264-42d09d4fc9d0,,8469f799-0d87-44b4-84e9-b18f6a443ba3,savings_deposit,2000,2025-11-16,Imported from hidar 2018 (Ethiopian) collection sheet
841340e6-86ab-5035-a3f0-9fc9bdc3e535,96d80a6e-8b0c-5f54-a94f-6a423e77e285,,8469f799-0d87-44b4-84e9-b18f6a443ba3,savings_deposit,2000,2025-11-16,Imported from hidar 2018 (Ethiopian) collection sheet
fc51c28f-2e12-52a4-9f77-9a1f0997f4f5,607b812d-459f-5cab-9340-d4ac3326e983,,8469f799-0d87-44b4-84e9-b18f6a443ba3,savings_deposit,1500,2025-11-16,Imported from hidar 2018 (Ethiopian) collection sheet
3e655f9f-5468-5d38-9c80-b24858658c41,5906d4be-3a6d-51fc-8fe6-4e5654c5c962,,8469f799-0d87-44b4-84e9-b18f6a443ba3,savings_deposit,1000,2025-11-16,Imported from hidar 2018 (Ethiopian) collection sheet
6089a99d-682b-5f97-b738-150ae3769f81,84fe73ed-e690-590d-8b51-d82f682ef24d,,8469f799-0d87-44b4-84e9-b18f6a443ba3,savings_deposit,500,2025-11-16,Imported from hidar 2018 (Ethiopian) collection sheet
bbef9e68-e57d-5eed-a583-ac1bd3d86fc6,c411ed30-b985-51c0-819a-9c20ee637977,,8469f799-0d87-44b4-84e9-b18f6a443ba3,savings_deposit,1000,2025-11-16,Imported from hidar 2018 (Ethiopian) collection sheet
685e340a-555c-559c-8dda-e1192ff2c354,c411ed30-b985-51c0-819a-9c20ee637977,,8469f799-0d87-44b4-84e9-b18f6a443ba3,share_purchase,1000,2025-11-16,Imported from hidar 2018 (Ethiopian) collection sheet
51dabf56-c9a4-597a-a8d7-f271fe07ec11,fbf6ab5b-094d-5b83-aed6-66f7c8169e36,,8469f799-0d87-44b4-84e9-b18f6a443ba3,savings_deposit,1000,2025-11-16,Imported from hidar 2018 (Ethiopian) collection sheet
339908ab-70da-5817-a0b1-1c57ef1614f5,fbf6ab5b-094d-5b83-aed6-66f7c8169e36,,8469f799-0d87-44b4-84e9-b18f6a443ba3,share_purchase,2000,2025-11-16,Imported from hidar 2018 (Ethiopian) collection sheet
347bd99d-5d44-5211-b165-1883fd996a3c,e4ccf2e5-774e-5b15-99a6-973a2b66f4ce,,8469f799-0d87-44b4-84e9-b18f6a443ba3,savings_deposit,1000,2025-11-16,Imported from hidar 2018 (Ethiopian) collection sheet
7422d376-9ae2-59df-a7dd-022415438180,e4ccf2e5-774e-5b15-99a6-973a2b66f4ce,,8469f799-0d87-44b4-84e9-b18f6a443ba3,share_purchase,1000,2025-11-16,Imported from hidar 2018 (Ethiopian) collection sheet
587d86ba-4e08-5c73-9772-6bbf2b503621,bdd7c207-732a-5bb1-b133-60543d8c7d92,,8469f799-0d87-44b4-84e9-b18f6a443ba3,savings_deposit,500,2025-11-16,Imported from hidar 2018 (Ethiopian) collection sheet
1425f196-806a-55ff-aa7f-71709c0496ad,bdd7c207-732a-5bb1-b133-60543d8c7d92,,8469f799-0d87-44b4-84e9-b18f6a443ba3,share_purchase,2000,2025-11-16,Imported from hidar 2018 (Ethiopian) collection sheet
85630649-83bb-5e78-94f6-a46a02ad713e,bdd7c207-732a-5bb1-b133-60543d8c7d92,,8469f799-0d87-44b4-84e9-b18f6a443ba3,registration_fee,400,2025-11-16,Imported from hidar 2018 (Ethiopian) collection sheet
de89202f-3dcd-5fa5-9ba4-a2a62de1c22a,bdd7c207-732a-5bb1-b133-60543d8c7d92,,8469f799-0d87-44b4-84e9-b18f6a443ba3,card_fee,150,2025-11-16,Imported from hidar 2018 (Ethiopian) collection sheet
bf033f2c-5874-5138-a972-8f91e04611bf,24c594aa-4181-5c0b-a5b7-45ff7c3fa3b0,,8469f799-0d87-44b4-84e9-b18f6a443ba3,savings_deposit,300,2025-11-16,Imported from hidar 2018 (Ethiopian) collection sheet
ae6d3970-2df0-5f36-bea1-96fe2cc345c7,24c594aa-4181-5c0b-a5b7-45ff7c3fa3b0,,8469f799-0d87-44b4-84e9-b18f6a443ba3,share_purchase,1050,2025-11-16,Imported from hidar 2018 (Ethiopian) collection sheet
a2c6f973-3865-5002-9561-6d90e6d9bcd7,24c594aa-4181-5c0b-a5b7-45ff7c3fa3b0,,8469f799-0d87-44b4-84e9-b18f6a443ba3,registration_fee,400,2025-11-16,Imported from hidar 2018 (Ethiopian) collection sheet
bed6b37d-6862-5830-957a-e2875636c858,24c594aa-4181-5c0b-a5b7-45ff7c3fa3b0,,8469f799-0d87-44b4-84e9-b18f6a443ba3,card_fee,150,2025-11-16,Imported from hidar 2018 (Ethiopian) collection sheet
b358c2a8-d687-570b-86d6-2b3d06703df4,a67cebb5-b09e-5a16-8c5b-c6973fdcbd77,,8469f799-0d87-44b4-84e9-b18f6a443ba3,savings_deposit,450,2025-11-16,Imported from hidar 2018 (Ethiopian) collection sheet
47fb2a06-0ade-56aa-a7be-b11e1d6e44a3,a67cebb5-b09e-5a16-8c5b-c6973fdcbd77,,8469f799-0d87-44b4-84e9-b18f6a443ba3,share_purchase,1000,2025-11-16,Imported from hidar 2018 (Ethiopian) collection sheet
acfa0947-9526-5d30-8428-ed146636da4f,a67cebb5-b09e-5a16-8c5b-c6973fdcbd77,,8469f799-0d87-44b4-84e9-b18f6a443ba3,registration_fee,400,2025-11-16,Imported from hidar 2018 (Ethiopian) collection sheet
b39d6b81-2a6c-5bdd-bf45-866bd1e3cd43,a67cebb5-b09e-5a16-8c5b-c6973fdcbd77,,8469f799-0d87-44b4-84e9-b18f6a443ba3,card_fee,150,2025-11-16,Imported from hidar 2018 (Ethiopian) collection sheet
b833e2ce-5aff-5e74-ab3e-2035a65a03c0,fa0549d4-1b83-5d11-8b62-a4ca6a085063,,8469f799-0d87-44b4-84e9-b18f6a443ba3,savings_deposit,450,2025-11-16,Imported from hidar 2018 (Ethiopian) collection sheet
ca85502c-a3c1-5fd1-b6bb-d9db2c1086e6,fa0549d4-1b83-5d11-8b62-a4ca6a085063,,8469f799-0d87-44b4-84e9-b18f6a443ba3,share_purchase,1000,2025-11-16,Imported from hidar 2018 (Ethiopian) collection sheet
b9198031-5d2d-5073-b34e-2fb3d329c7d1,fa0549d4-1b83-5d11-8b62-a4ca6a085063,,8469f799-0d87-44b4-84e9-b18f6a443ba3,registration_fee,400,2025-11-16,Imported from hidar 2018 (Ethiopian) collection sheet
05754a34-815c-52a7-bd63-411d6dfface6,fa0549d4-1b83-5d11-8b62-a4ca6a085063,,8469f799-0d87-44b4-84e9-b18f6a443ba3,card_fee,150,2025-11-16,Imported from hidar 2018 (Ethiopian) collection sheet
5c2902d5-1acb-500a-8f6c-a8e08dc5d8f1,fa0798ba-fbda-57b6-910d-6ce545d807cb,,8469f799-0d87-44b4-84e9-b18f6a443ba3,savings_deposit,450,2025-11-16,Imported from hidar 2018 (Ethiopian) collection sheet
49df9337-0207-5d81-bf73-ba9cc7abf9b6,fa0798ba-fbda-57b6-910d-6ce545d807cb,,8469f799-0d87-44b4-84e9-b18f6a443ba3,share_purchase,1000,2025-11-16,Imported from hidar 2018 (Ethiopian) collection sheet
56743540-c234-5121-a518-bf65c31de46a,fa0798ba-fbda-57b6-910d-6ce545d807cb,,8469f799-0d87-44b4-84e9-b18f6a443ba3,registration_fee,400,2025-11-16,Imported from hidar 2018 (Ethiopian) collection sheet
50e0af2b-3ffd-5cc9-aa0e-691329a6d9a7,fa0798ba-fbda-57b6-910d-6ce545d807cb,,8469f799-0d87-44b4-84e9-b18f6a443ba3,card_fee,150,2025-11-16,Imported from hidar 2018 (Ethiopian) collection sheet
2ec3771d-7361-5044-9eae-d5dd79753ef4,44494d4f-dbca-596d-ba04-7f0bf8264cef,,8469f799-0d87-44b4-84e9-b18f6a443ba3,savings_deposit,1000,2025-11-16,Imported from hidar 2018 (Ethiopian) collection sheet
20455286-65d4-5256-acb7-44a82de17bd1,44494d4f-dbca-596d-ba04-7f0bf8264cef,,8469f799-0d87-44b4-84e9-b18f6a443ba3,share_purchase,2450,2025-11-16,Imported from hidar 2018 (Ethiopian) collection sheet
17c52f6c-fb6f-5233-b36e-e16a836d5591,44494d4f-dbca-596d-ba04-7f0bf8264cef,,8469f799-0d87-44b4-84e9-b18f6a443ba3,registration_fee,400,2025-11-16,Imported from hidar 2018 (Ethiopian) collection sheet
c6cf7d28-b9fb-5d8c-8fa2-1d56faefce8e,44494d4f-dbca-596d-ba04-7f0bf8264cef,,8469f799-0d87-44b4-84e9-b18f6a443ba3,card_fee,150,2025-11-16,Imported from hidar 2018 (Ethiopian) collection sheet
b2bbfdfd-bbf1-5ddf-b757-37f83ec92186,affc511e-8b76-57f4-9a6f-c2717513f00e,,8469f799-0d87-44b4-84e9-b18f6a443ba3,savings_deposit,400,2025-11-16,Imported from hidar 2018 (Ethiopian) collection sheet
ecea9453-c3aa-542c-96f4-4fc57c1274ee,affc511e-8b76-57f4-9a6f-c2717513f00e,,8469f799-0d87-44b4-84e9-b18f6a443ba3,share_purchase,2000,2025-11-16,Imported from hidar 2018 (Ethiopian) collection sheet
b90c4363-7b91-50c3-b084-445b5aae88c2,affc511e-8b76-57f4-9a6f-c2717513f00e,,8469f799-0d87-44b4-84e9-b18f6a443ba3,registration_fee,400,2025-11-16,Imported from hidar 2018 (Ethiopian) collection sheet
15302252-846b-5edd-ae1c-7c2de4a906cc,affc511e-8b76-57f4-9a6f-c2717513f00e,,8469f799-0d87-44b4-84e9-b18f6a443ba3,card_fee,150,2025-11-16,Imported from hidar 2018 (Ethiopian) collection sheet
a6d30695-23fe-5c73-bbc0-cb525be06ac7,bec2830f-deee-5041-8c34-59d519198cc5,,8469f799-0d87-44b4-84e9-b18f6a443ba3,savings_deposit,400,2025-11-16,Imported from hidar 2018 (Ethiopian) collection sheet
c15d5b2f-4eda-54fa-a9e2-fb71ea74d725,bec2830f-deee-5041-8c34-59d519198cc5,,8469f799-0d87-44b4-84e9-b18f6a443ba3,share_purchase,2000,2025-11-16,Imported from hidar 2018 (Ethiopian) collection sheet
abb28369-b6bd-5167-9019-d0d80a4e7ed6,bec2830f-deee-5041-8c34-59d519198cc5,,8469f799-0d87-44b4-84e9-b18f6a443ba3,registration_fee,400,2025-11-16,Imported from hidar 2018 (Ethiopian) collection sheet
0853b3ca-bc73-511d-9c43-a4412457bd70,bec2830f-deee-5041-8c34-59d519198cc5,,8469f799-0d87-44b4-84e9-b18f6a443ba3,card_fee,150,2025-11-16,Imported from hidar 2018 (Ethiopian) collection sheet
d3040056-99ad-53a9-9c12-ea160ad2911c,7ce9968c-0a19-5d74-9c35-820ff9e1e6e8,,8469f799-0d87-44b4-84e9-b18f6a443ba3,savings_deposit,1050,2025-12-14,Imported from tahsas 2018 (Ethiopian) collection sheet
0ec5a5bc-075b-564f-9d38-405cbb9905e6,e4827c78-8368-58d0-bf8c-92365bc84c75,,8469f799-0d87-44b4-84e9-b18f6a443ba3,savings_deposit,1000,2025-12-14,Imported from tahsas 2018 (Ethiopian) collection sheet
7ee76159-3cdd-5144-9433-34cf18b7d8b4,01d7976b-a494-5020-aac0-73df2dd9e31b,,8469f799-0d87-44b4-84e9-b18f6a443ba3,savings_deposit,550,2025-12-14,Imported from tahsas 2018 (Ethiopian) collection sheet
3608c1bd-0109-51b6-8084-92732d1f4965,76dd954f-2718-5744-aa59-ccb1748016b4,,8469f799-0d87-44b4-84e9-b18f6a443ba3,savings_deposit,500,2025-12-14,Imported from tahsas 2018 (Ethiopian) collection sheet
f37d5eb5-0b7e-5e66-8d00-3fe8b60f8833,76dd954f-2718-5744-aa59-ccb1748016b4,,8469f799-0d87-44b4-84e9-b18f6a443ba3,share_purchase,1000,2025-12-14,Imported from tahsas 2018 (Ethiopian) collection sheet
45c24aa3-dc7f-5eb4-b731-28c2b5875605,b4d56e1e-236f-5e82-8da0-abe9e0b93b56,,8469f799-0d87-44b4-84e9-b18f6a443ba3,savings_deposit,2000,2025-12-14,Imported from tahsas 2018 (Ethiopian) collection sheet
5b7fdbb3-8e0b-5bb1-9f98-3050d29b2276,ec993c4b-d61a-5880-9ca2-8474b057f3f6,,8469f799-0d87-44b4-84e9-b18f6a443ba3,savings_deposit,500,2025-12-14,Imported from tahsas 2018 (Ethiopian) collection sheet
0feb3969-9754-5f10-a936-c38b030941c3,73beb1f6-b7bf-54aa-ab3e-eb494fdb1568,,8469f799-0d87-44b4-84e9-b18f6a443ba3,savings_deposit,2000,2025-12-14,Imported from tahsas 2018 (Ethiopian) collection sheet
04b59e68-8a97-57f4-a162-05fcc743472f,73beb1f6-b7bf-54aa-ab3e-eb494fdb1568,,8469f799-0d87-44b4-84e9-b18f6a443ba3,share_purchase,2032,2025-12-14,Imported from tahsas 2018 (Ethiopian) collection sheet
3af1a938-5bec-587a-bf56-0b08c85adae1,bbe40192-271f-518c-bea6-c1478fc552c2,,8469f799-0d87-44b4-84e9-b18f6a443ba3,savings_deposit,400,2025-12-14,Imported from tahsas 2018 (Ethiopian) collection sheet
0b172fac-4cd7-502e-81ea-2e657a642574,bc3ac27a-453a-57a2-bd51-2bfb86496f27,,8469f799-0d87-44b4-84e9-b18f6a443ba3,savings_deposit,2000,2025-12-14,Imported from tahsas 2018 (Ethiopian) collection sheet
3e13a71f-2da6-5bea-9a80-7c7af46890b7,bac4fd55-4666-50ee-adee-4d2170814631,,8469f799-0d87-44b4-84e9-b18f6a443ba3,savings_deposit,1000,2025-12-14,Imported from tahsas 2018 (Ethiopian) collection sheet
13ea1d80-1f19-5bf5-a9f2-15251fef16e6,bac4fd55-4666-50ee-adee-4d2170814631,,8469f799-0d87-44b4-84e9-b18f6a443ba3,share_purchase,1000,2025-12-14,Imported from tahsas 2018 (Ethiopian) collection sheet
12c687ce-490c-56f6-91d2-f20270678931,3cb63966-4581-5528-b803-034ed796a796,,8469f799-0d87-44b4-84e9-b18f6a443ba3,savings_deposit,500,2025-12-14,Imported from tahsas 2018 (Ethiopian) collection sheet
d16805ed-747a-5435-8185-13cba63804ff,a69a3a62-171b-5523-8fbe-54e569dd29d4,,8469f799-0d87-44b4-84e9-b18f6a443ba3,savings_deposit,500,2025-12-14,Imported from tahsas 2018 (Ethiopian) collection sheet
0b7c3fa0-35e3-5f19-a738-8ee744f8e308,a7f75ced-fef8-5b0f-a28e-cd7f09043280,,8469f799-0d87-44b4-84e9-b18f6a443ba3,savings_deposit,299,2025-12-14,Imported from tahsas 2018 (Ethiopian) collection sheet
b5f46beb-9fe9-567e-9062-c0acf9a0c0f2,b89552e4-4718-56a1-a4f8-7c84e72e0506,,8469f799-0d87-44b4-84e9-b18f6a443ba3,savings_deposit,600,2025-12-14,Imported from tahsas 2018 (Ethiopian) collection sheet
336995b3-2bd7-518c-9b26-5386ee0131c7,6d8f0a03-bc10-579e-a58f-2ffa42fcab6f,,8469f799-0d87-44b4-84e9-b18f6a443ba3,savings_deposit,490,2025-12-14,Imported from tahsas 2018 (Ethiopian) collection sheet
459fff2c-a61b-5937-b3aa-2892b0b9bad9,0c26b4c4-ac4c-5349-b995-958b76f2805e,,8469f799-0d87-44b4-84e9-b18f6a443ba3,savings_deposit,500,2025-12-14,Imported from tahsas 2018 (Ethiopian) collection sheet
e33e0c1c-c00c-5f1d-9a8d-d8d0e3080223,501a3774-7945-502f-8519-cff3445f53cf,,8469f799-0d87-44b4-84e9-b18f6a443ba3,savings_deposit,700,2025-12-14,Imported from tahsas 2018 (Ethiopian) collection sheet
dd7d57bb-ad2e-573c-9fed-298c0ce9a6cc,247c6df0-a05e-541c-a00a-fb077be873f7,,8469f799-0d87-44b4-84e9-b18f6a443ba3,savings_deposit,339,2025-12-14,Imported from tahsas 2018 (Ethiopian) collection sheet
104bd4a7-ab26-524a-a50f-e34ccc9f44c5,d56fc296-2f16-5e5a-9004-d4ad49c5658f,,8469f799-0d87-44b4-84e9-b18f6a443ba3,savings_deposit,1000,2025-12-14,Imported from tahsas 2018 (Ethiopian) collection sheet
7ce1d51a-3034-52f3-a0b5-b456a0ae1e02,5d001133-4abc-5416-8360-8277eeaead7d,,8469f799-0d87-44b4-84e9-b18f6a443ba3,savings_deposit,500,2025-12-14,Imported from tahsas 2018 (Ethiopian) collection sheet
1f531a51-e5a3-5980-8929-38b1b872214e,abe8c6ff-419f-5b7b-9b1e-b2622924be09,,8469f799-0d87-44b4-84e9-b18f6a443ba3,savings_deposit,1000,2025-12-14,Imported from tahsas 2018 (Ethiopian) collection sheet
34396ab3-ae8c-51a3-954e-e7c3e0cff19c,e99acf91-e7a6-5999-8aed-0b4c34b2ee85,,8469f799-0d87-44b4-84e9-b18f6a443ba3,savings_deposit,400,2025-12-14,Imported from tahsas 2018 (Ethiopian) collection sheet
f3c47b29-0d60-5545-a165-d012dfafa4c9,e75e482c-243f-5e13-aaac-15f1302dd157,,8469f799-0d87-44b4-84e9-b18f6a443ba3,savings_deposit,2000,2025-12-14,Imported from tahsas 2018 (Ethiopian) collection sheet
58e0162f-fdfc-5c07-aa35-47e3a301c9a5,7b26a460-4f89-52ff-8930-60889b3fd875,,8469f799-0d87-44b4-84e9-b18f6a443ba3,savings_deposit,2000,2025-12-14,Imported from tahsas 2018 (Ethiopian) collection sheet
3cd3d982-e211-5c29-b4d8-1c21d1a8f893,7b26a460-4f89-52ff-8930-60889b3fd875,,8469f799-0d87-44b4-84e9-b18f6a443ba3,share_purchase,18000,2025-12-14,Imported from tahsas 2018 (Ethiopian) collection sheet
44081039-7d4c-52eb-b583-c6301faade73,3c5a6fea-e69b-5312-9684-694c1ee6ebdf,,8469f799-0d87-44b4-84e9-b18f6a443ba3,savings_deposit,500,2025-12-14,Imported from tahsas 2018 (Ethiopian) collection sheet
7d02f99c-0849-5df6-9e50-4ce51460acde,b828959c-5bea-560a-929d-1a5594da53d8,,8469f799-0d87-44b4-84e9-b18f6a443ba3,savings_deposit,300,2025-12-14,Imported from tahsas 2018 (Ethiopian) collection sheet
76b4d3a3-3201-55ac-a042-b8cd3dc2ce3a,9a84e629-b9ce-5ae9-8a74-bb63c9db97b5,,8469f799-0d87-44b4-84e9-b18f6a443ba3,savings_deposit,307,2025-12-14,Imported from tahsas 2018 (Ethiopian) collection sheet
1265da46-09a7-542f-b211-73ae151cd2c1,a102851d-91d9-5d77-ab52-d018bd9be779,,8469f799-0d87-44b4-84e9-b18f6a443ba3,savings_deposit,1000,2025-12-14,Imported from tahsas 2018 (Ethiopian) collection sheet
452bea48-4d80-5c53-a2d9-8cec8b76136e,4b9a8348-f9f3-52df-8d17-50b8abdeaea6,,8469f799-0d87-44b4-84e9-b18f6a443ba3,savings_deposit,1000,2025-12-14,Imported from tahsas 2018 (Ethiopian) collection sheet
f4cd5a93-57b3-5037-8c5d-90e0f53d9c33,edf171cb-7bb8-5f91-a0e7-0f5f8fecbead,,8469f799-0d87-44b4-84e9-b18f6a443ba3,savings_deposit,300,2025-12-14,Imported from tahsas 2018 (Ethiopian) collection sheet
a0e6c198-b71d-52e4-be8a-b9c5c51b0169,6e18d32a-3bc0-52b7-8bfe-a677c478fa77,,8469f799-0d87-44b4-84e9-b18f6a443ba3,savings_deposit,1000,2025-12-14,Imported from tahsas 2018 (Ethiopian) collection sheet
cf8057f7-7959-53fa-a95a-f71613a7e11e,438c5624-fdbc-5263-965a-9e9da4524827,,8469f799-0d87-44b4-84e9-b18f6a443ba3,savings_deposit,300,2025-12-14,Imported from tahsas 2018 (Ethiopian) collection sheet
ed0cc1a8-815c-5176-81ea-55ab3185a7c7,3f7f10e4-ecdb-55ad-891c-4a5c430edc1f,,8469f799-0d87-44b4-84e9-b18f6a443ba3,savings_deposit,999,2025-12-14,Imported from tahsas 2018 (Ethiopian) collection sheet
83a55ce8-fd21-5dbd-9073-a47654e29192,f33516c1-ea10-5e53-b29f-9f0005ba22ee,,8469f799-0d87-44b4-84e9-b18f6a443ba3,savings_deposit,300,2025-12-14,Imported from tahsas 2018 (Ethiopian) collection sheet
7fffd255-8fb0-535f-b1a2-61332e39ea40,8e67885d-ff02-5d58-a570-e235a003f3ee,,8469f799-0d87-44b4-84e9-b18f6a443ba3,savings_deposit,2000,2025-12-14,Imported from tahsas 2018 (Ethiopian) collection sheet
5059d470-69ac-5862-97e0-f84fff9f027d,8e67885d-ff02-5d58-a570-e235a003f3ee,,8469f799-0d87-44b4-84e9-b18f6a443ba3,share_purchase,833,2025-12-14,Imported from tahsas 2018 (Ethiopian) collection sheet
faa13947-1ccc-59d2-94ab-6c68a31efcae,d95d868a-9299-557a-8903-e93a509d3b45,,8469f799-0d87-44b4-84e9-b18f6a443ba3,savings_deposit,500,2025-12-14,Imported from tahsas 2018 (Ethiopian) collection sheet
29e8bc16-bccf-56d8-8fd9-3c5f3dc7ec50,1d3e31ef-6836-593b-86c9-a7ed487b2815,,8469f799-0d87-44b4-84e9-b18f6a443ba3,savings_deposit,300,2025-12-14,Imported from tahsas 2018 (Ethiopian) collection sheet
fa28a870-3430-5997-85e4-34da9594f78a,1d3e31ef-6836-593b-86c9-a7ed487b2815,,8469f799-0d87-44b4-84e9-b18f6a443ba3,share_purchase,1000,2025-12-14,Imported from tahsas 2018 (Ethiopian) collection sheet
1ae98caf-5264-58c5-a45b-09f0d4ffcd06,2903a34a-7dd7-5a18-bdc2-00f49fb2ea18,,8469f799-0d87-44b4-84e9-b18f6a443ba3,savings_deposit,500,2025-12-14,Imported from tahsas 2018 (Ethiopian) collection sheet
4954e530-2fa2-543c-8475-7e6288dbb3ed,57f27bbf-52f5-59d6-a6cd-46b8e16cf6cc,,8469f799-0d87-44b4-84e9-b18f6a443ba3,savings_deposit,1999,2025-12-14,Imported from tahsas 2018 (Ethiopian) collection sheet
e2daa839-cd39-5b94-9b35-f1022599f5fd,f104d8fc-08c1-5425-af09-a40135783bf7,,8469f799-0d87-44b4-84e9-b18f6a443ba3,savings_deposit,2000,2025-12-14,Imported from tahsas 2018 (Ethiopian) collection sheet
a481e30d-2ade-561d-a0ce-aaeffb6aebe5,f314716f-ef2a-5bee-8da5-c08e35551753,,8469f799-0d87-44b4-84e9-b18f6a443ba3,savings_deposit,309,2025-12-14,Imported from tahsas 2018 (Ethiopian) collection sheet
1b63d200-2b6a-5917-bbe9-38157ec6cd97,48f8809b-e76b-5fe0-8476-816fd1bf7a3d,,8469f799-0d87-44b4-84e9-b18f6a443ba3,savings_deposit,300,2025-12-14,Imported from tahsas 2018 (Ethiopian) collection sheet
35a9ac57-a673-5900-9905-88a32e278a06,48f8809b-e76b-5fe0-8476-816fd1bf7a3d,,8469f799-0d87-44b4-84e9-b18f6a443ba3,share_purchase,500,2025-12-14,Imported from tahsas 2018 (Ethiopian) collection sheet
e4081ecf-2703-5cfa-9025-7006b42be85f,153d50f3-26e2-5d61-bf34-38615c211570,,8469f799-0d87-44b4-84e9-b18f6a443ba3,savings_deposit,996,2025-12-14,Imported from tahsas 2018 (Ethiopian) collection sheet
00d5a5b4-51c1-5903-8ea7-22e3d15334d0,e5b336ba-b0f3-55b3-8c80-2558ac0e5303,,8469f799-0d87-44b4-84e9-b18f6a443ba3,savings_deposit,2000,2025-12-14,Imported from tahsas 2018 (Ethiopian) collection sheet
722c57fa-f3ad-5e82-bcc1-5843d9e69afa,931b0746-94f4-5576-8f61-cae6f5f4e9fb,,8469f799-0d87-44b4-84e9-b18f6a443ba3,savings_deposit,500,2025-12-14,Imported from tahsas 2018 (Ethiopian) collection sheet
3eef172b-ef20-52f4-9c4f-77d8f4016ad2,a3d64128-76ea-59ec-b4bc-75f491ee497a,,8469f799-0d87-44b4-84e9-b18f6a443ba3,savings_deposit,300,2025-12-14,Imported from tahsas 2018 (Ethiopian) collection sheet
e0b3d90b-d2bc-5dfb-a681-8723c1d04030,853361d8-303e-5f8d-a5b8-e3f4eefa0cc0,,8469f799-0d87-44b4-84e9-b18f6a443ba3,savings_deposit,500,2025-12-14,Imported from tahsas 2018 (Ethiopian) collection sheet
030e6d1d-4de7-5685-b01a-33abd8c0c409,53ff7ea7-b493-5696-ac33-638e20ed23d6,,8469f799-0d87-44b4-84e9-b18f6a443ba3,savings_deposit,300,2025-12-14,Imported from tahsas 2018 (Ethiopian) collection sheet
f1dbd501-6e2d-5ba5-a4b9-bef99f65ca0a,ddb4d203-8783-5e23-9a3d-e72378bfa8c5,,8469f799-0d87-44b4-84e9-b18f6a443ba3,savings_deposit,699,2025-12-14,Imported from tahsas 2018 (Ethiopian) collection sheet
9a0b6093-d673-54d9-849d-3df40b98bdbf,40f55d53-b6d1-5f39-87c3-7a1f51dba41f,,8469f799-0d87-44b4-84e9-b18f6a443ba3,savings_deposit,1000,2025-12-14,Imported from tahsas 2018 (Ethiopian) collection sheet
ba308cbd-93d7-5f42-a73f-201313e41482,190f76d1-882b-54af-a156-bf8336cf47bc,,8469f799-0d87-44b4-84e9-b18f6a443ba3,savings_deposit,500,2025-12-14,Imported from tahsas 2018 (Ethiopian) collection sheet
77ebd692-aa37-51fe-85a0-045845d8bb4c,2a9148cc-142c-550b-b7ba-dc80a11f4914,,8469f799-0d87-44b4-84e9-b18f6a443ba3,savings_deposit,1000,2025-12-14,Imported from tahsas 2018 (Ethiopian) collection sheet
16839431-f506-593e-9eeb-f1b49a4cee0e,063b4232-a6e8-5c72-8949-eac343337d09,,8469f799-0d87-44b4-84e9-b18f6a443ba3,savings_deposit,504,2025-12-14,Imported from tahsas 2018 (Ethiopian) collection sheet
51f69b66-d4ee-55c5-a75b-480963f9e6da,291b70c1-e4ab-514f-a557-232a75feb979,,8469f799-0d87-44b4-84e9-b18f6a443ba3,savings_deposit,1000,2025-12-14,Imported from tahsas 2018 (Ethiopian) collection sheet
8208fb53-f2b3-5211-ba73-a0f34bba3c09,234ef2cd-10db-5e9f-b1a9-c0696ebce40d,,8469f799-0d87-44b4-84e9-b18f6a443ba3,savings_deposit,1000,2025-12-14,Imported from tahsas 2018 (Ethiopian) collection sheet
bb60a9eb-8a5e-5cee-828e-6b2fee47c8a3,ed85c919-5c3b-5eb4-95c8-b11e7698c38d,,8469f799-0d87-44b4-84e9-b18f6a443ba3,savings_deposit,500,2025-12-14,Imported from tahsas 2018 (Ethiopian) collection sheet
e6f2c646-7d27-554c-8846-4bfdff9b8ef5,ed85c919-5c3b-5eb4-95c8-b11e7698c38d,,8469f799-0d87-44b4-84e9-b18f6a443ba3,share_purchase,4000,2025-12-14,Imported from tahsas 2018 (Ethiopian) collection sheet
e16c99a7-19f3-52a7-8d54-a7466a44cf4c,3061b4b5-43d6-5a2f-bc12-e65c7d0b2a07,,8469f799-0d87-44b4-84e9-b18f6a443ba3,savings_deposit,580,2025-12-14,Imported from tahsas 2018 (Ethiopian) collection sheet
92f7360d-d201-5a54-aa4f-f3ac15802694,46482174-29d4-5343-8060-527c13d865f2,,8469f799-0d87-44b4-84e9-b18f6a443ba3,savings_deposit,1000,2025-12-14,Imported from tahsas 2018 (Ethiopian) collection sheet
01d123c7-e367-5c94-a178-604171e804aa,46482174-29d4-5343-8060-527c13d865f2,,8469f799-0d87-44b4-84e9-b18f6a443ba3,share_purchase,1000,2025-12-14,Imported from tahsas 2018 (Ethiopian) collection sheet
d2ba3b66-26fe-5484-8187-92a9b3eeaf18,5ddc26e5-de48-59a0-83d7-94f66b9e4603,,8469f799-0d87-44b4-84e9-b18f6a443ba3,savings_deposit,1000,2025-12-14,Imported from tahsas 2018 (Ethiopian) collection sheet
e3c8b831-e052-557b-8a17-a99ed62bc443,5ddc26e5-de48-59a0-83d7-94f66b9e4603,,8469f799-0d87-44b4-84e9-b18f6a443ba3,share_purchase,1000,2025-12-14,Imported from tahsas 2018 (Ethiopian) collection sheet
6ec47605-568b-563f-ae66-f8b28ca2a202,f34fe5ba-00a1-513e-ba67-47de67cfb5e0,,8469f799-0d87-44b4-84e9-b18f6a443ba3,savings_deposit,500,2025-12-14,Imported from tahsas 2018 (Ethiopian) collection sheet
8510b0d0-badb-59df-a9e4-c0d9fbc3b159,e56738c4-4c2f-5a94-9f05-992ceed2b0d3,,8469f799-0d87-44b4-84e9-b18f6a443ba3,savings_deposit,500,2025-12-14,Imported from tahsas 2018 (Ethiopian) collection sheet
a296ce0a-5703-5fcc-9cd6-055b3e5dd180,e56738c4-4c2f-5a94-9f05-992ceed2b0d3,,8469f799-0d87-44b4-84e9-b18f6a443ba3,share_purchase,1000,2025-12-14,Imported from tahsas 2018 (Ethiopian) collection sheet
7ea09de9-abda-57d6-9d01-3e3a951f5147,525ba4e9-91e9-5ad0-9f9c-8861cfbb699d,,8469f799-0d87-44b4-84e9-b18f6a443ba3,savings_deposit,750,2025-12-14,Imported from tahsas 2018 (Ethiopian) collection sheet
f1ff5e8c-5871-58cf-9856-84541bd5484a,525ba4e9-91e9-5ad0-9f9c-8861cfbb699d,,8469f799-0d87-44b4-84e9-b18f6a443ba3,penalty_payment,50,2025-12-14,Imported from tahsas 2018 (Ethiopian) collection sheet
44f12e76-33c9-5462-928e-46f7af7dd769,5cce1f82-3f5e-5e69-920e-b32eba9c0204,,8469f799-0d87-44b4-84e9-b18f6a443ba3,savings_deposit,500,2025-12-14,Imported from tahsas 2018 (Ethiopian) collection sheet
67e9e16a-2e03-5eeb-b41a-b4d2f91443a1,45af6e13-a8f4-56f2-8ef9-b73c7dd5cdd1,,8469f799-0d87-44b4-84e9-b18f6a443ba3,savings_deposit,299,2025-12-14,Imported from tahsas 2018 (Ethiopian) collection sheet
14c113a2-25a5-5158-acc1-c633f641f8cc,6c1cccc7-063d-5548-96bf-c8b76b4609bc,,8469f799-0d87-44b4-84e9-b18f6a443ba3,savings_deposit,500,2025-12-14,Imported from tahsas 2018 (Ethiopian) collection sheet
42233b19-a3e6-593a-bb17-d9bd1f4c882b,f1f985d6-f79a-5a7e-9417-a15eac7249c0,,8469f799-0d87-44b4-84e9-b18f6a443ba3,savings_deposit,1000,2025-12-14,Imported from tahsas 2018 (Ethiopian) collection sheet
353fc88e-c744-5727-9e00-a7c8f89c50a9,fa2151db-7eef-5c30-9e07-8de3985ca350,,8469f799-0d87-44b4-84e9-b18f6a443ba3,savings_deposit,799,2025-12-14,Imported from tahsas 2018 (Ethiopian) collection sheet
45998ea5-ec86-5983-8853-b4e1d9586dd7,57956ee2-c849-545e-b15b-4724a8b68210,,8469f799-0d87-44b4-84e9-b18f6a443ba3,savings_deposit,300,2025-12-14,Imported from tahsas 2018 (Ethiopian) collection sheet
439e321c-92fe-57f6-9ca8-29118339df04,3d0bbb7f-ffd0-58b8-a762-659e62ff49c6,,8469f799-0d87-44b4-84e9-b18f6a443ba3,savings_deposit,300,2025-12-14,Imported from tahsas 2018 (Ethiopian) collection sheet
16b82a4d-35c9-5a75-86cd-51c17bf4270e,3d0bbb7f-ffd0-58b8-a762-659e62ff49c6,,8469f799-0d87-44b4-84e9-b18f6a443ba3,share_purchase,500,2025-12-14,Imported from tahsas 2018 (Ethiopian) collection sheet
d0e9da60-ecea-5395-92f4-8a93dbc9132c,851c52ee-df4c-5558-bf08-b4d8183abfa5,,8469f799-0d87-44b4-84e9-b18f6a443ba3,savings_deposit,916,2025-12-14,Imported from tahsas 2018 (Ethiopian) collection sheet
be109992-c29d-5a0e-ac69-e6e619408378,7c5ca725-9ded-56ac-b940-fac936b46282,,8469f799-0d87-44b4-84e9-b18f6a443ba3,savings_deposit,2000,2025-12-14,Imported from tahsas 2018 (Ethiopian) collection sheet
e50fe470-6c18-5e5d-bc7c-4301c6ee8b8f,aad6fb2e-75fe-52ed-b422-b6f3666b5d3e,,8469f799-0d87-44b4-84e9-b18f6a443ba3,savings_deposit,2000,2025-12-14,Imported from tahsas 2018 (Ethiopian) collection sheet
14369d27-04df-5462-9e8b-74006e2180d8,aad6fb2e-75fe-52ed-b422-b6f3666b5d3e,,8469f799-0d87-44b4-84e9-b18f6a443ba3,share_purchase,300,2025-12-14,Imported from tahsas 2018 (Ethiopian) collection sheet
a6d3fa19-b962-5c52-9db3-2ce90cd8ed30,36fd29c5-a786-5484-b733-86fbfe2c1184,,8469f799-0d87-44b4-84e9-b18f6a443ba3,savings_deposit,500,2025-12-14,Imported from tahsas 2018 (Ethiopian) collection sheet
c07e02e4-24fc-55f3-96ba-c5b1bfbb2958,455b7b7c-a0ec-5e51-9939-03896ecd0f48,,8469f799-0d87-44b4-84e9-b18f6a443ba3,savings_deposit,300,2025-12-14,Imported from tahsas 2018 (Ethiopian) collection sheet
559c2b50-7387-5444-9971-98e3a6ef09fa,92ece406-1c58-5c89-ab67-c39497211f35,,8469f799-0d87-44b4-84e9-b18f6a443ba3,savings_deposit,1000,2025-12-14,Imported from tahsas 2018 (Ethiopian) collection sheet
bef4d63a-4ab2-562c-8997-b426e437ade6,ad62a251-c5c5-57dd-8560-f3108d7e018d,,8469f799-0d87-44b4-84e9-b18f6a443ba3,savings_deposit,1000,2025-12-14,Imported from tahsas 2018 (Ethiopian) collection sheet
d6fda8e8-39ea-5530-9df8-ef3490c32d87,702a64d1-c195-57b1-a80b-b826bdb158e3,,8469f799-0d87-44b4-84e9-b18f6a443ba3,savings_deposit,1235,2025-12-14,Imported from tahsas 2018 (Ethiopian) collection sheet
5fde022f-1d11-5df1-b09c-422cf1900974,a53169c6-8855-52ab-958f-9f12cb9a5575,,8469f799-0d87-44b4-84e9-b18f6a443ba3,savings_deposit,300,2025-12-14,Imported from tahsas 2018 (Ethiopian) collection sheet
8870bbbd-88a6-58d6-a482-b6df7f0212ab,b3753ad4-8917-51cb-bcf2-00be4a652cf5,,8469f799-0d87-44b4-84e9-b18f6a443ba3,savings_deposit,397,2025-12-14,Imported from tahsas 2018 (Ethiopian) collection sheet
5c95fba0-e80f-5e4c-bc59-6c4318de2a68,4eddb914-b607-5910-8203-d43303149149,,8469f799-0d87-44b4-84e9-b18f6a443ba3,savings_deposit,2000,2025-12-14,Imported from tahsas 2018 (Ethiopian) collection sheet
bd8ec57a-3e3b-57e9-baa1-1057888e60ce,4eddb914-b607-5910-8203-d43303149149,,8469f799-0d87-44b4-84e9-b18f6a443ba3,share_purchase,29041,2025-12-14,Imported from tahsas 2018 (Ethiopian) collection sheet
0aac33d0-4134-5ea4-9e38-2e18fa32bb30,e80494f0-91cb-543b-a13a-cf7a4d60e8b2,,8469f799-0d87-44b4-84e9-b18f6a443ba3,savings_deposit,2000,2025-12-14,Imported from tahsas 2018 (Ethiopian) collection sheet
d167c8ba-8ac5-50a2-8127-a9a2874340aa,29989b23-a726-57ee-a9c9-47185b8fec11,,8469f799-0d87-44b4-84e9-b18f6a443ba3,savings_deposit,20,2025-12-14,Imported from tahsas 2018 (Ethiopian) collection sheet
f7f3c824-fa9f-5ba0-a901-c493b074b805,29989b23-a726-57ee-a9c9-47185b8fec11,,8469f799-0d87-44b4-84e9-b18f6a443ba3,penalty_payment,100,2025-12-14,Imported from tahsas 2018 (Ethiopian) collection sheet
284d57e5-c871-5544-ae1f-ed245a46b85d,0fbc5235-dbf9-5b35-a480-3b8a77a7f965,,8469f799-0d87-44b4-84e9-b18f6a443ba3,savings_deposit,500,2025-12-14,Imported from tahsas 2018 (Ethiopian) collection sheet
dd352d57-2283-5b65-bb31-aac276183c85,0a763b72-8599-5994-a69c-29167da29bf0,,8469f799-0d87-44b4-84e9-b18f6a443ba3,savings_deposit,300,2025-12-14,Imported from tahsas 2018 (Ethiopian) collection sheet
b401b858-12e6-5bf8-b69a-37bfc599f520,39b48c41-03c3-5fbf-a867-a7f46fa34122,,8469f799-0d87-44b4-84e9-b18f6a443ba3,savings_deposit,300,2025-12-14,Imported from tahsas 2018 (Ethiopian) collection sheet
e54e0903-2987-53a1-9847-7bc702de6193,ca334b3d-3acd-52a7-983e-ec5b0e203b72,,8469f799-0d87-44b4-84e9-b18f6a443ba3,savings_deposit,1044,2025-12-14,Imported from tahsas 2018 (Ethiopian) collection sheet
5ef60410-d961-5592-93fd-b666cd536a15,3c2609c2-54e1-5a48-9a86-1bc3e84f3051,,8469f799-0d87-44b4-84e9-b18f6a443ba3,savings_deposit,2000,2025-12-14,Imported from tahsas 2018 (Ethiopian) collection sheet
47a3a9e0-2df6-5690-986d-c640aadd5766,125f3d29-ba17-5171-83d2-afeea46bbc03,,8469f799-0d87-44b4-84e9-b18f6a443ba3,savings_deposit,299,2025-12-14,Imported from tahsas 2018 (Ethiopian) collection sheet
16c066ba-cea1-538f-9928-2cce3ba44508,1a488e67-9018-5d60-b55e-10337a44cc31,,8469f799-0d87-44b4-84e9-b18f6a443ba3,savings_deposit,1000,2025-12-14,Imported from tahsas 2018 (Ethiopian) collection sheet
d702dce6-904f-5dae-8ec0-c10d6bed5b9f,1a488e67-9018-5d60-b55e-10337a44cc31,,8469f799-0d87-44b4-84e9-b18f6a443ba3,penalty_payment,50,2025-12-14,Imported from tahsas 2018 (Ethiopian) collection sheet
941e6137-b86d-52da-9e0c-7bce64b99c6d,11f52fd5-83dc-5f81-adbc-b62c4720f4fb,,8469f799-0d87-44b4-84e9-b18f6a443ba3,savings_deposit,600,2025-12-14,Imported from tahsas 2018 (Ethiopian) collection sheet
5b0df9e3-d539-51db-9621-0b2e7bba9354,8032a0c2-dae9-57ba-86fc-1a9d80962ddf,,8469f799-0d87-44b4-84e9-b18f6a443ba3,savings_deposit,999,2025-12-14,Imported from tahsas 2018 (Ethiopian) collection sheet
b21ac473-0fd7-5cc3-9458-23a0e78ff3aa,71f4c2a5-fe70-5477-a35d-3ffbef658197,,8469f799-0d87-44b4-84e9-b18f6a443ba3,savings_deposit,1000,2025-12-14,Imported from tahsas 2018 (Ethiopian) collection sheet
cb93839f-72be-5098-b763-d7ca7cd1cfb8,71f4c2a5-fe70-5477-a35d-3ffbef658197,,8469f799-0d87-44b4-84e9-b18f6a443ba3,share_purchase,534,2025-12-14,Imported from tahsas 2018 (Ethiopian) collection sheet
ce77449d-c950-5b92-a840-83eeeecf8b0f,f2f1058c-5d30-5571-8877-d28487edbe16,,8469f799-0d87-44b4-84e9-b18f6a443ba3,savings_deposit,554,2025-12-14,Imported from tahsas 2018 (Ethiopian) collection sheet
9645c688-4868-5e70-8ff7-270e24013833,34dd36a5-118a-5e12-a67f-3b49d921bb51,,8469f799-0d87-44b4-84e9-b18f6a443ba3,savings_deposit,1000,2025-12-14,Imported from tahsas 2018 (Ethiopian) collection sheet
fe6dc736-7bb3-5167-8e9d-4268c5a32592,6f5c0e57-34ab-5a5f-9d91-ae406320fc26,,8469f799-0d87-44b4-84e9-b18f6a443ba3,savings_deposit,1000,2025-12-14,Imported from tahsas 2018 (Ethiopian) collection sheet
3c307de4-aaa3-55f7-9d8c-69393ca013bb,8cd9b157-768a-527a-90b5-2d0d4628c94a,,8469f799-0d87-44b4-84e9-b18f6a443ba3,savings_deposit,450,2025-12-14,Imported from tahsas 2018 (Ethiopian) collection sheet
662603ec-ca5d-5741-a294-df303ff48049,8cd9b157-768a-527a-90b5-2d0d4628c94a,,8469f799-0d87-44b4-84e9-b18f6a443ba3,penalty_payment,50,2025-12-14,Imported from tahsas 2018 (Ethiopian) collection sheet
e8699496-d966-52c0-85a0-18680feac74d,354b4c37-2e0b-5f50-923f-75e9c0064233,,8469f799-0d87-44b4-84e9-b18f6a443ba3,savings_deposit,500,2025-12-14,Imported from tahsas 2018 (Ethiopian) collection sheet
4b335c3c-9f4c-57e8-9fd0-afd09d5e07fa,977128b0-a9c7-513f-8db5-812416bc280f,,8469f799-0d87-44b4-84e9-b18f6a443ba3,savings_deposit,299,2025-12-14,Imported from tahsas 2018 (Ethiopian) collection sheet
e49cdc64-597f-5e0b-b008-0d9303102e1b,a1f289ae-ae47-540a-9fe1-8887c6c02727,,8469f799-0d87-44b4-84e9-b18f6a443ba3,savings_deposit,299,2025-12-14,Imported from tahsas 2018 (Ethiopian) collection sheet
60125ba3-3cf9-50d5-9cd2-a602affb262f,f4d3c897-4e25-51d1-bd31-b5266a7f6180,,8469f799-0d87-44b4-84e9-b18f6a443ba3,savings_deposit,499,2025-12-14,Imported from tahsas 2018 (Ethiopian) collection sheet
082b9b1f-1415-5e14-a72b-c813f8067d07,cd0872ad-8f7d-5a15-b293-edc89f474de3,,8469f799-0d87-44b4-84e9-b18f6a443ba3,savings_deposit,499,2025-12-14,Imported from tahsas 2018 (Ethiopian) collection sheet
24bd992b-35c7-54f6-95a0-fba5895313c1,2e5e1ac8-b2fe-5bd4-a1e3-f4032579bda0,,8469f799-0d87-44b4-84e9-b18f6a443ba3,savings_deposit,500,2025-12-14,Imported from tahsas 2018 (Ethiopian) collection sheet
3ccd0ed9-fb43-5419-99d4-75bee5c2612b,10f1f992-35ba-5068-a0f7-9f831a267ccb,,8469f799-0d87-44b4-84e9-b18f6a443ba3,savings_deposit,1003,2025-12-14,Imported from tahsas 2018 (Ethiopian) collection sheet
50e8c049-2326-50dd-8a46-faccf7197c53,051eb74f-3bea-595a-a4dc-f08b2b9bf711,,8469f799-0d87-44b4-84e9-b18f6a443ba3,savings_deposit,501,2025-12-14,Imported from tahsas 2018 (Ethiopian) collection sheet
3779d99d-35e5-583b-9b2b-89cc093073d0,4eed4f71-e460-5a5b-9916-34719987c2aa,,8469f799-0d87-44b4-84e9-b18f6a443ba3,savings_deposit,1000,2025-12-14,Imported from tahsas 2018 (Ethiopian) collection sheet
6c52a0de-8090-580f-b3ac-8ef22250480f,3d152d6f-ed5b-5cce-82c4-f386a9ee0ce4,,8469f799-0d87-44b4-84e9-b18f6a443ba3,savings_deposit,330,2025-12-14,Imported from tahsas 2018 (Ethiopian) collection sheet
c21427b0-2bfa-537a-990c-6fb3d6943b03,54dcf52c-ffc8-508a-83e0-26063fb2621a,,8469f799-0d87-44b4-84e9-b18f6a443ba3,savings_deposit,499,2025-12-14,Imported from tahsas 2018 (Ethiopian) collection sheet
aa1cb3b4-5286-5bfb-aa45-7805964d499a,c8989434-079a-5278-9c33-cac561d3427a,,8469f799-0d87-44b4-84e9-b18f6a443ba3,savings_deposit,300,2025-12-14,Imported from tahsas 2018 (Ethiopian) collection sheet
03e80a83-aa40-5dc2-a727-6e4719707a72,c8989434-079a-5278-9c33-cac561d3427a,,8469f799-0d87-44b4-84e9-b18f6a443ba3,share_purchase,3410,2025-12-14,Imported from tahsas 2018 (Ethiopian) collection sheet
1e7462d5-46cb-592c-a449-fa1546321bfe,0a09f5ef-5adc-5dbb-b71c-6ea36ec43987,,8469f799-0d87-44b4-84e9-b18f6a443ba3,savings_deposit,1000,2025-12-14,Imported from tahsas 2018 (Ethiopian) collection sheet
3c598c9c-ef93-5c4d-aded-037cf4186143,2f80699b-30f8-50d9-b2c6-484d7f9dc1ec,,8469f799-0d87-44b4-84e9-b18f6a443ba3,savings_deposit,300,2025-12-14,Imported from tahsas 2018 (Ethiopian) collection sheet
0eb19444-b4ad-564f-95e6-66e7b039c566,d4a87532-6f1f-5375-ab91-a2951df1615b,,8469f799-0d87-44b4-84e9-b18f6a443ba3,savings_deposit,15,2025-12-14,Imported from tahsas 2018 (Ethiopian) collection sheet
fa48a546-94b7-5ede-bf84-d88db4d2d747,d4a87532-6f1f-5375-ab91-a2951df1615b,,8469f799-0d87-44b4-84e9-b18f6a443ba3,penalty_payment,50,2025-12-14,Imported from tahsas 2018 (Ethiopian) collection sheet
7a3ab499-27ae-5025-b107-899fc087d8f3,00996b02-5241-589e-aeb7-425449f40eb8,,8469f799-0d87-44b4-84e9-b18f6a443ba3,savings_deposit,1000,2025-12-14,Imported from tahsas 2018 (Ethiopian) collection sheet
a419cab0-b797-520f-a146-aa8bc9c3d432,00996b02-5241-589e-aeb7-425449f40eb8,,8469f799-0d87-44b4-84e9-b18f6a443ba3,share_purchase,1000,2025-12-14,Imported from tahsas 2018 (Ethiopian) collection sheet
43e1fa53-11ce-5df6-ab4a-cc208749eada,beb33a9f-37f1-5872-8cb9-1e26996f8407,,8469f799-0d87-44b4-84e9-b18f6a443ba3,savings_deposit,500,2025-12-14,Imported from tahsas 2018 (Ethiopian) collection sheet
8008dc8b-eb18-5cbe-8c95-77838002d3a6,76f88045-5002-5b6e-9681-43b735316605,,8469f799-0d87-44b4-84e9-b18f6a443ba3,savings_deposit,300,2025-12-14,Imported from tahsas 2018 (Ethiopian) collection sheet
b6ded239-50de-5f92-9667-83b1d90c3603,76f88045-5002-5b6e-9681-43b735316605,,8469f799-0d87-44b4-84e9-b18f6a443ba3,share_purchase,350,2025-12-14,Imported from tahsas 2018 (Ethiopian) collection sheet
22fcd441-0bf3-5433-91af-ed54fc2105d8,bdb182bc-d9f0-5a24-932e-123d5da6612b,,8469f799-0d87-44b4-84e9-b18f6a443ba3,savings_deposit,300,2025-12-14,Imported from tahsas 2018 (Ethiopian) collection sheet
0f809bec-5766-5f0b-99fb-ad402f7ee23f,991e35bc-30fb-5dc8-ac2b-8018c60eddb2,,8469f799-0d87-44b4-84e9-b18f6a443ba3,savings_deposit,500,2025-12-14,Imported from tahsas 2018 (Ethiopian) collection sheet
be36e468-c7ab-526e-9de5-496326ad12c4,62734299-08da-5759-bcec-2ee0c758799c,,8469f799-0d87-44b4-84e9-b18f6a443ba3,savings_deposit,301,2025-12-14,Imported from tahsas 2018 (Ethiopian) collection sheet
c70e8a66-e499-57f9-8996-1b9352f74262,657f1680-7a2b-5bac-8c63-4b8e6d343813,,8469f799-0d87-44b4-84e9-b18f6a443ba3,savings_deposit,510,2025-12-14,Imported from tahsas 2018 (Ethiopian) collection sheet
d00ce3c1-6709-5358-a1dd-f58ff25a8fc6,869176ce-c515-5353-b0dd-d5925b52340d,,8469f799-0d87-44b4-84e9-b18f6a443ba3,savings_deposit,300,2025-12-14,Imported from tahsas 2018 (Ethiopian) collection sheet
2b72b415-2b06-5664-86ff-4c6eebcd037a,1de9385b-94da-5913-8519-c4d9da1f84a0,,8469f799-0d87-44b4-84e9-b18f6a443ba3,savings_deposit,800,2025-12-14,Imported from tahsas 2018 (Ethiopian) collection sheet
b967e616-3574-5eea-a8fa-8932c2e9cf97,1de9385b-94da-5913-8519-c4d9da1f84a0,,8469f799-0d87-44b4-84e9-b18f6a443ba3,penalty_payment,100,2025-12-14,Imported from tahsas 2018 (Ethiopian) collection sheet
ad65cc64-28b7-5620-ab4e-20fe96b16086,aee4b7df-f455-5168-970e-5b37cd8740d3,,8469f799-0d87-44b4-84e9-b18f6a443ba3,savings_deposit,500,2025-12-14,Imported from tahsas 2018 (Ethiopian) collection sheet
a6c31da3-1aa4-52fb-b9ef-cc1eeac11c36,d7d27b5f-57d6-5506-9ce7-7ab56fd82b56,,8469f799-0d87-44b4-84e9-b18f6a443ba3,savings_deposit,500,2025-12-14,Imported from tahsas 2018 (Ethiopian) collection sheet
bd1099b5-5a2c-5313-91e2-90d34e4275a8,3bbb05b3-76ad-58f1-891b-6777e08fe734,,8469f799-0d87-44b4-84e9-b18f6a443ba3,savings_deposit,500,2025-12-14,Imported from tahsas 2018 (Ethiopian) collection sheet
0721db2b-e7cf-5219-b0ef-ec3f3f57f87a,f4772095-a982-5f67-9483-de5bd0269aa2,,8469f799-0d87-44b4-84e9-b18f6a443ba3,savings_deposit,700,2025-12-14,Imported from tahsas 2018 (Ethiopian) collection sheet
37c45e40-f46f-572a-bdf3-d9f881e83a67,b1242fc4-085a-59d9-bd25-3d53db393a95,,8469f799-0d87-44b4-84e9-b18f6a443ba3,savings_deposit,300,2025-12-14,Imported from tahsas 2018 (Ethiopian) collection sheet
1bbcce2b-6c2f-585f-a815-d2c17bf76e44,73e6cb68-bbf3-5dd1-84d3-1cba1163b07f,,8469f799-0d87-44b4-84e9-b18f6a443ba3,savings_deposit,300,2025-12-14,Imported from tahsas 2018 (Ethiopian) collection sheet
ea1f8fe1-c78a-526d-8ed3-684b5d926151,a4356662-e458-54c8-9ee5-b90949d068cd,,8469f799-0d87-44b4-84e9-b18f6a443ba3,savings_deposit,500,2025-12-14,Imported from tahsas 2018 (Ethiopian) collection sheet
dbcb76e1-ae86-535a-ba73-5270f1898d21,72a8896e-535f-58b2-9a53-39bcdd203fce,,8469f799-0d87-44b4-84e9-b18f6a443ba3,savings_deposit,300,2025-12-14,Imported from tahsas 2018 (Ethiopian) collection sheet
4a7c0b62-b9d0-5347-9fd2-8687d6b447f6,a6ebd1b9-8689-5540-b5c3-376f9dc47bdb,,8469f799-0d87-44b4-84e9-b18f6a443ba3,savings_deposit,1000,2025-12-14,Imported from tahsas 2018 (Ethiopian) collection sheet
4615f031-6ca5-582d-a488-d4b8e24f7294,60c2f8aa-0358-56b0-9984-d4186f05f767,,8469f799-0d87-44b4-84e9-b18f6a443ba3,savings_deposit,460,2025-12-14,Imported from tahsas 2018 (Ethiopian) collection sheet
1bd5d520-8dc2-5a34-911f-128fa069817a,cb6fbfe0-6561-5ae8-abb0-22e11f38b62b,,8469f799-0d87-44b4-84e9-b18f6a443ba3,savings_deposit,500,2025-12-14,Imported from tahsas 2018 (Ethiopian) collection sheet
7dd57735-25da-563a-850d-af36fd0fa39e,1ad8f71e-4f15-52fb-8ad6-158e2ccac339,,8469f799-0d87-44b4-84e9-b18f6a443ba3,savings_deposit,500,2025-12-14,Imported from tahsas 2018 (Ethiopian) collection sheet
7f746c7c-fa4d-5c9f-b2f0-0e72aa4c8038,1ad8f71e-4f15-52fb-8ad6-158e2ccac339,,8469f799-0d87-44b4-84e9-b18f6a443ba3,share_purchase,500,2025-12-14,Imported from tahsas 2018 (Ethiopian) collection sheet
a2a5b211-787a-566e-ba75-3cee3a6184d4,f76d7cab-6a2e-5d14-89da-26ccafbd3be0,,8469f799-0d87-44b4-84e9-b18f6a443ba3,savings_deposit,500,2025-12-14,Imported from tahsas 2018 (Ethiopian) collection sheet
ea827640-37cd-5ef4-8c5b-44d1472637b9,f76d7cab-6a2e-5d14-89da-26ccafbd3be0,,8469f799-0d87-44b4-84e9-b18f6a443ba3,share_purchase,500,2025-12-14,Imported from tahsas 2018 (Ethiopian) collection sheet
5bc7777d-5708-5eae-9eea-07f2ee8400bf,fc4352be-369e-5598-8274-98a6cae1f207,,8469f799-0d87-44b4-84e9-b18f6a443ba3,savings_deposit,500,2025-12-14,Imported from tahsas 2018 (Ethiopian) collection sheet
7b5b0088-5d58-5466-ae6b-a3ce3a09665d,c3a66182-f9eb-55b0-a3f4-fe924a4dec95,,8469f799-0d87-44b4-84e9-b18f6a443ba3,savings_deposit,500,2025-12-14,Imported from tahsas 2018 (Ethiopian) collection sheet
968da5e5-3e8e-5750-bbbb-e473639a7214,75f95f5d-bdcc-5624-9532-315ba2d8cf68,,8469f799-0d87-44b4-84e9-b18f6a443ba3,savings_deposit,300,2025-12-14,Imported from tahsas 2018 (Ethiopian) collection sheet
0a81d7c9-28fe-5c48-b5b3-a3be6fb00603,d3faf4eb-9546-5aa9-9995-1d985500ac16,,8469f799-0d87-44b4-84e9-b18f6a443ba3,savings_deposit,500,2025-12-14,Imported from tahsas 2018 (Ethiopian) collection sheet
ced5503e-5220-5359-8a3b-f9d222845c16,d3faf4eb-9546-5aa9-9995-1d985500ac16,,8469f799-0d87-44b4-84e9-b18f6a443ba3,share_purchase,500,2025-12-14,Imported from tahsas 2018 (Ethiopian) collection sheet
e731b357-5b69-58f4-8e57-1eae7abe91fb,6c8bee9a-74b1-5e90-afac-e0a6e165fcef,,8469f799-0d87-44b4-84e9-b18f6a443ba3,savings_deposit,300,2025-12-14,Imported from tahsas 2018 (Ethiopian) collection sheet
3abf6b48-abd6-5e5e-915f-bd2783b73ede,6c8bee9a-74b1-5e90-afac-e0a6e165fcef,,8469f799-0d87-44b4-84e9-b18f6a443ba3,share_purchase,2700,2025-12-14,Imported from tahsas 2018 (Ethiopian) collection sheet
aa9e7efe-14b9-571a-90d8-816ea3cfbde9,53198375-0834-5854-95d3-f14812d02e9f,,8469f799-0d87-44b4-84e9-b18f6a443ba3,savings_deposit,500,2025-12-14,Imported from tahsas 2018 (Ethiopian) collection sheet
06299b13-09f0-5d11-9b69-50d6f02eba77,53198375-0834-5854-95d3-f14812d02e9f,,8469f799-0d87-44b4-84e9-b18f6a443ba3,share_purchase,2500,2025-12-14,Imported from tahsas 2018 (Ethiopian) collection sheet
1c6d75a1-5a52-567b-9054-dde860ac976a,653a7e72-171e-5a5b-a8bc-a744f16e7542,,8469f799-0d87-44b4-84e9-b18f6a443ba3,savings_deposit,1000,2025-12-14,Imported from tahsas 2018 (Ethiopian) collection sheet
60e8b976-cb60-56c6-ba44-1c4217ac73a7,653a7e72-171e-5a5b-a8bc-a744f16e7542,,8469f799-0d87-44b4-84e9-b18f6a443ba3,share_purchase,1000,2025-12-14,Imported from tahsas 2018 (Ethiopian) collection sheet
e75cddfe-1c62-56cd-8519-53dc78ed7ed9,439dca62-e8ee-5687-96ba-ed76048724b5,,8469f799-0d87-44b4-84e9-b18f6a443ba3,savings_deposit,500,2025-12-14,Imported from tahsas 2018 (Ethiopian) collection sheet
e80913d3-1d6a-5dec-a234-7fc23eca338f,9bcb279d-1071-5ff0-aae5-53ea184ce725,,8469f799-0d87-44b4-84e9-b18f6a443ba3,savings_deposit,500,2025-12-14,Imported from tahsas 2018 (Ethiopian) collection sheet
e5d59808-2fa4-57b9-a95c-80d6f5d00a15,fdf165ea-a6ad-5b9a-a7ed-146969ee7817,,8469f799-0d87-44b4-84e9-b18f6a443ba3,savings_deposit,500,2025-12-14,Imported from tahsas 2018 (Ethiopian) collection sheet
0cff0d80-69bd-5939-a4c7-9de68a466fe9,319312c6-6801-528d-b138-81bcf7aba92e,,8469f799-0d87-44b4-84e9-b18f6a443ba3,savings_deposit,749,2025-12-14,Imported from tahsas 2018 (Ethiopian) collection sheet
31d81ef9-933f-5279-a10e-cedcdbc8c699,c5281824-d45c-5e75-baa4-aa7ba6b9b4eb,,8469f799-0d87-44b4-84e9-b18f6a443ba3,savings_deposit,300,2025-12-14,Imported from tahsas 2018 (Ethiopian) collection sheet
15c25928-99cc-51ba-957e-595bb0c30185,c4233303-1584-59c8-aeac-bf513bb11394,,8469f799-0d87-44b4-84e9-b18f6a443ba3,savings_deposit,500,2025-12-14,Imported from tahsas 2018 (Ethiopian) collection sheet
63e2b142-4230-5dd4-8cbd-b94b098a9367,0bc38e75-0d03-50eb-9d02-a102d730494c,,8469f799-0d87-44b4-84e9-b18f6a443ba3,savings_deposit,1000,2025-12-14,Imported from tahsas 2018 (Ethiopian) collection sheet
4dc1c034-f12d-5d36-9c9a-ed1bbf55c7f3,0bc38e75-0d03-50eb-9d02-a102d730494c,,8469f799-0d87-44b4-84e9-b18f6a443ba3,share_purchase,1157,2025-12-14,Imported from tahsas 2018 (Ethiopian) collection sheet
ad7b6ba7-99cc-563d-91b1-3cf1e52557ba,a771f0ce-7daf-5dc3-8fdf-a04e8fe108cc,,8469f799-0d87-44b4-84e9-b18f6a443ba3,savings_deposit,500,2025-12-14,Imported from tahsas 2018 (Ethiopian) collection sheet
b0bab5cc-006b-5045-bce2-38b056fe2797,fdaaa5b7-6f56-5f9a-8cb6-1134927a1df1,,8469f799-0d87-44b4-84e9-b18f6a443ba3,savings_deposit,1000,2025-12-14,Imported from tahsas 2018 (Ethiopian) collection sheet
bd3dd0c0-0c88-51c5-9949-b8a1a3e23033,fdaaa5b7-6f56-5f9a-8cb6-1134927a1df1,,8469f799-0d87-44b4-84e9-b18f6a443ba3,penalty_payment,50,2025-12-14,Imported from tahsas 2018 (Ethiopian) collection sheet
ea9b9aab-edc3-58c8-b093-e09eab51c7fe,7fae6c72-43fe-5d36-982a-f1436b8aa936,,8469f799-0d87-44b4-84e9-b18f6a443ba3,savings_deposit,2050,2025-12-14,Imported from tahsas 2018 (Ethiopian) collection sheet
012dee48-b786-5593-bce1-a56152995a2a,7fae6c72-43fe-5d36-982a-f1436b8aa936,,8469f799-0d87-44b4-84e9-b18f6a443ba3,penalty_payment,50,2025-12-14,Imported from tahsas 2018 (Ethiopian) collection sheet
b8230bc7-8c80-5ea7-9438-7ce5db8fbbc3,dc05a34e-7603-5430-8644-1006b5eb9ce8,,8469f799-0d87-44b4-84e9-b18f6a443ba3,savings_deposit,500,2025-12-14,Imported from tahsas 2018 (Ethiopian) collection sheet
3509f2ea-4370-5282-8527-4badabff1b66,dc05a34e-7603-5430-8644-1006b5eb9ce8,,8469f799-0d87-44b4-84e9-b18f6a443ba3,share_purchase,1000,2025-12-14,Imported from tahsas 2018 (Ethiopian) collection sheet
91c4c1ca-34a1-5fed-a870-5fb4d4337fb2,00504940-bbb4-52dd-9bed-81b31d16e60c,,8469f799-0d87-44b4-84e9-b18f6a443ba3,savings_deposit,300,2025-12-14,Imported from tahsas 2018 (Ethiopian) collection sheet
5b4b8198-d62a-5131-a80d-a227fc6acf76,4c1c461a-ae9f-5b76-980a-956c802b4225,,8469f799-0d87-44b4-84e9-b18f6a443ba3,savings_deposit,300,2025-12-14,Imported from tahsas 2018 (Ethiopian) collection sheet
a5801573-bdf0-5b7f-b18f-50a8f9774bfc,4c1c461a-ae9f-5b76-980a-956c802b4225,,8469f799-0d87-44b4-84e9-b18f6a443ba3,share_purchase,1000,2025-12-14,Imported from tahsas 2018 (Ethiopian) collection sheet
29912666-a7f5-516e-b2e5-e77049ef01f7,5b09d4aa-c1b0-512a-a1dc-de6bb23c0fa2,,8469f799-0d87-44b4-84e9-b18f6a443ba3,savings_deposit,400,2025-12-14,Imported from tahsas 2018 (Ethiopian) collection sheet
f3a1a9bb-f2c7-56d6-ac92-2d2e59e9826e,5b09d4aa-c1b0-512a-a1dc-de6bb23c0fa2,,8469f799-0d87-44b4-84e9-b18f6a443ba3,share_purchase,1000,2025-12-14,Imported from tahsas 2018 (Ethiopian) collection sheet
dcb377ce-5586-5601-8268-2da7802f960f,c329ec45-0d67-5af4-907e-eab82908bd82,,8469f799-0d87-44b4-84e9-b18f6a443ba3,penalty_payment,50,2025-12-14,Imported from tahsas 2018 (Ethiopian) collection sheet
56730011-c7e6-5b53-a5ee-bfee55a46f8f,7de65b59-a390-528f-9574-24528382dc93,,8469f799-0d87-44b4-84e9-b18f6a443ba3,savings_deposit,500,2025-12-14,Imported from tahsas 2018 (Ethiopian) collection sheet
a0569d0a-40f1-5c4f-9d8d-022b9670b6f0,094105d3-95fc-5ef8-9498-a9da1f7bd987,,8469f799-0d87-44b4-84e9-b18f6a443ba3,savings_deposit,500,2025-12-14,Imported from tahsas 2018 (Ethiopian) collection sheet
6db9b5e5-33e2-5e20-acbd-7e8811fcbc9b,6c7e695e-1c69-5ba8-8e86-11220259cea5,,8469f799-0d87-44b4-84e9-b18f6a443ba3,savings_deposit,300,2025-12-14,Imported from tahsas 2018 (Ethiopian) collection sheet
46fedcec-5f4f-5acf-8093-052f37afc489,640b242e-d25d-5d03-ac35-6d4ada4340a4,,8469f799-0d87-44b4-84e9-b18f6a443ba3,savings_deposit,500,2025-12-14,Imported from tahsas 2018 (Ethiopian) collection sheet
391defd4-e99f-5c27-9a65-5c2072b75fe6,640b242e-d25d-5d03-ac35-6d4ada4340a4,,8469f799-0d87-44b4-84e9-b18f6a443ba3,share_purchase,500,2025-12-14,Imported from tahsas 2018 (Ethiopian) collection sheet
9fb1a483-49bb-5812-b1c5-30b02a59754a,b6399dcf-1caa-5da3-bb09-d4f79922e2ed,,8469f799-0d87-44b4-84e9-b18f6a443ba3,savings_deposit,500,2025-12-14,Imported from tahsas 2018 (Ethiopian) collection sheet
c4276208-21e1-5494-b416-9fb75728ca54,fcee7f90-a4ed-5bb4-bc0a-7f04623c694a,,8469f799-0d87-44b4-84e9-b18f6a443ba3,savings_deposit,500,2025-12-14,Imported from tahsas 2018 (Ethiopian) collection sheet
4124569d-3dda-511f-9977-687fc4abc9b1,980a1405-2a66-53ba-b246-90cc1bcd9824,,8469f799-0d87-44b4-84e9-b18f6a443ba3,savings_deposit,500,2025-12-14,Imported from tahsas 2018 (Ethiopian) collection sheet
d2e59c0e-5aee-5603-a14c-7c160d3f641a,ae5e0f27-63ff-5cfe-b320-5839eccb0f39,,8469f799-0d87-44b4-84e9-b18f6a443ba3,savings_deposit,300,2025-12-14,Imported from tahsas 2018 (Ethiopian) collection sheet
626b1ef8-6024-5a1c-97f2-2d17c486fd09,ef277d2b-5aa9-5a2b-aa4a-b0a2d5730154,,8469f799-0d87-44b4-84e9-b18f6a443ba3,savings_deposit,1000,2025-12-14,Imported from tahsas 2018 (Ethiopian) collection sheet
633fc5b5-6ea8-5ad6-abd9-b0f52e14dbd4,ef277d2b-5aa9-5a2b-aa4a-b0a2d5730154,,8469f799-0d87-44b4-84e9-b18f6a443ba3,share_purchase,1450,2025-12-14,Imported from tahsas 2018 (Ethiopian) collection sheet
2e10ba0d-89f5-5dbf-b2ec-9f49824aebe9,ef277d2b-5aa9-5a2b-aa4a-b0a2d5730154,,8469f799-0d87-44b4-84e9-b18f6a443ba3,penalty_payment,50,2025-12-14,Imported from tahsas 2018 (Ethiopian) collection sheet
1487ed72-6ae5-5e1c-b08a-63a39cc4ebd9,f21a7119-21e1-5886-a094-aeef9ea90120,,8469f799-0d87-44b4-84e9-b18f6a443ba3,savings_deposit,499,2025-12-14,Imported from tahsas 2018 (Ethiopian) collection sheet
6d251ea2-228a-5ff9-a07c-401efc7ce772,286ecb3c-8211-53a0-97be-24e354b06a1d,,8469f799-0d87-44b4-84e9-b18f6a443ba3,savings_deposit,300,2025-12-14,Imported from tahsas 2018 (Ethiopian) collection sheet
45539e52-d71a-5ee2-ad3e-e05511c5b9b4,737a8d1b-4900-52ab-a075-9e94a6135e5a,,8469f799-0d87-44b4-84e9-b18f6a443ba3,savings_deposit,600,2025-12-14,Imported from tahsas 2018 (Ethiopian) collection sheet
3a2d30cd-9bac-568b-9c5b-ce510e3f487d,737a8d1b-4900-52ab-a075-9e94a6135e5a,,8469f799-0d87-44b4-84e9-b18f6a443ba3,share_purchase,449,2025-12-14,Imported from tahsas 2018 (Ethiopian) collection sheet
12804069-a61a-55ea-a12c-6a68bc616565,22d76f64-4d03-57bd-9591-22362b1ef93d,,8469f799-0d87-44b4-84e9-b18f6a443ba3,savings_deposit,500,2025-12-14,Imported from tahsas 2018 (Ethiopian) collection sheet
c40e9ee8-c6cf-536a-be80-572ad72c5241,22d76f64-4d03-57bd-9591-22362b1ef93d,,8469f799-0d87-44b4-84e9-b18f6a443ba3,share_purchase,300,2025-12-14,Imported from tahsas 2018 (Ethiopian) collection sheet
41536e5c-5ae5-56d6-85eb-ea5a951f2fb6,f20f195e-d014-50ac-891d-111561cc1b23,,8469f799-0d87-44b4-84e9-b18f6a443ba3,savings_deposit,500,2025-12-14,Imported from tahsas 2018 (Ethiopian) collection sheet
43a21817-ae0f-55ce-b80b-88952fe9e842,d82e3094-7b6c-5331-b605-63ab2e240d21,,8469f799-0d87-44b4-84e9-b18f6a443ba3,savings_deposit,1000,2025-12-14,Imported from tahsas 2018 (Ethiopian) collection sheet
31d56428-dd90-569a-82e6-ada161bdfd04,47ec08e9-732a-5965-8cd9-d5cd3b4e9c48,,8469f799-0d87-44b4-84e9-b18f6a443ba3,savings_deposit,500,2025-12-14,Imported from tahsas 2018 (Ethiopian) collection sheet
5ea4f237-5fa5-5b9d-961a-0cbc05a36c86,760554fa-d88d-565f-8205-3c6ef1abd75c,,8469f799-0d87-44b4-84e9-b18f6a443ba3,savings_deposit,400,2025-12-14,Imported from tahsas 2018 (Ethiopian) collection sheet
16d2f59c-a841-55eb-b4da-ec34c38de46f,85a64810-64c3-58ca-86e7-eb62fc6c2060,,8469f799-0d87-44b4-84e9-b18f6a443ba3,savings_deposit,500,2025-12-14,Imported from tahsas 2018 (Ethiopian) collection sheet
f02bf695-b6a4-5a75-81e4-be706bdf9219,a2e78812-b8db-5915-ac41-4c459014f26f,,8469f799-0d87-44b4-84e9-b18f6a443ba3,savings_deposit,400,2025-12-14,Imported from tahsas 2018 (Ethiopian) collection sheet
ff5609d5-f197-53ad-aa7f-06727fb7b120,a2e78812-b8db-5915-ac41-4c459014f26f,,8469f799-0d87-44b4-84e9-b18f6a443ba3,share_purchase,1000,2025-12-14,Imported from tahsas 2018 (Ethiopian) collection sheet
f4b4de91-ff89-5f17-b699-7fcd6695aec4,48348d28-35b4-5a0c-b871-86b6516eadc9,,8469f799-0d87-44b4-84e9-b18f6a443ba3,savings_deposit,500,2025-12-14,Imported from tahsas 2018 (Ethiopian) collection sheet
755ed7df-6193-54c3-a84c-0afe9eb519ad,48348d28-35b4-5a0c-b871-86b6516eadc9,,8469f799-0d87-44b4-84e9-b18f6a443ba3,share_purchase,1000,2025-12-14,Imported from tahsas 2018 (Ethiopian) collection sheet
01b9fd41-832c-5046-bd37-37cdb2539dcd,2cb9dc21-141f-5c94-a3a2-53c9146b95d9,,8469f799-0d87-44b4-84e9-b18f6a443ba3,savings_deposit,1999,2025-12-14,Imported from tahsas 2018 (Ethiopian) collection sheet
9214a796-9c50-5c91-ad50-22fcb8481e97,28376a0f-18b1-5402-b40c-67d5b9b27df0,,8469f799-0d87-44b4-84e9-b18f6a443ba3,savings_deposit,165,2025-12-14,Imported from tahsas 2018 (Ethiopian) collection sheet
f2c267e5-acee-5082-8339-11691685dea3,d2aa5e5c-dcdc-5a92-a779-db8c38bcc089,,8469f799-0d87-44b4-84e9-b18f6a443ba3,savings_deposit,1500,2025-12-14,Imported from tahsas 2018 (Ethiopian) collection sheet
189eb266-1df0-5907-99c2-50d32a3c0850,d2aa5e5c-dcdc-5a92-a779-db8c38bcc089,,8469f799-0d87-44b4-84e9-b18f6a443ba3,share_purchase,1098.96,2025-12-14,Imported from tahsas 2018 (Ethiopian) collection sheet
92546765-fdb2-5aaa-ad74-94733ebe9ff3,d2aa5e5c-dcdc-5a92-a779-db8c38bcc089,,8469f799-0d87-44b4-84e9-b18f6a443ba3,penalty_payment,298.04,2025-12-14,Imported from tahsas 2018 (Ethiopian) collection sheet
0fb81cc7-b0c1-5209-8f00-810c5e3246f4,b32fac1a-aa87-568b-b93b-e5763112b61d,,8469f799-0d87-44b4-84e9-b18f6a443ba3,savings_deposit,500,2025-12-14,Imported from tahsas 2018 (Ethiopian) collection sheet
b654a5c0-bb81-5dfa-813f-a2ea6a389846,414b6ffc-f127-5a64-9f70-c41106f36639,,8469f799-0d87-44b4-84e9-b18f6a443ba3,savings_deposit,1000,2025-12-14,Imported from tahsas 2018 (Ethiopian) collection sheet
85f38a5f-640b-5c51-8428-e37e49a2b59e,049218fa-9e5a-5b66-b2bd-8b33630b5130,,8469f799-0d87-44b4-84e9-b18f6a443ba3,savings_deposit,519,2025-12-14,Imported from tahsas 2018 (Ethiopian) collection sheet
aefa8f25-016c-520a-bc1c-de39f9e6a9b4,049218fa-9e5a-5b66-b2bd-8b33630b5130,,8469f799-0d87-44b4-84e9-b18f6a443ba3,share_purchase,300,2025-12-14,Imported from tahsas 2018 (Ethiopian) collection sheet
ff8c89f2-33b4-5383-9340-de72a7f7dcdb,35fdeddd-15b6-5e4f-ae4d-0470a098c6bb,,8469f799-0d87-44b4-84e9-b18f6a443ba3,savings_deposit,1000,2025-12-14,Imported from tahsas 2018 (Ethiopian) collection sheet
fcf36080-eba6-5116-9cd7-45b11b28efa2,643e30d9-af60-5c78-a1d6-74388a9af0f9,,8469f799-0d87-44b4-84e9-b18f6a443ba3,savings_deposit,1000,2025-12-14,Imported from tahsas 2018 (Ethiopian) collection sheet
ed2789dc-11bc-51b1-ab81-8cff5aa15229,643e30d9-af60-5c78-a1d6-74388a9af0f9,,8469f799-0d87-44b4-84e9-b18f6a443ba3,share_purchase,1000,2025-12-14,Imported from tahsas 2018 (Ethiopian) collection sheet
42b7e9d9-8ba8-5156-8bc2-bb68e9a0ec23,0c0a5dc8-0a60-5d67-9aba-378c65dfad91,,8469f799-0d87-44b4-84e9-b18f6a443ba3,savings_deposit,500,2025-12-14,Imported from tahsas 2018 (Ethiopian) collection sheet
2b19c283-edd3-5b78-9246-4b0e7164a374,ee30f5a8-ebf0-571f-8963-210de6efc8b0,,8469f799-0d87-44b4-84e9-b18f6a443ba3,penalty_payment,253,2025-12-14,Imported from tahsas 2018 (Ethiopian) collection sheet
d23ee455-2c99-5f88-9b30-3fd79c525cd0,18ec1064-0d14-5d84-9814-8e1007ab8ec7,,8469f799-0d87-44b4-84e9-b18f6a443ba3,savings_deposit,500,2025-12-14,Imported from tahsas 2018 (Ethiopian) collection sheet
f4b80096-a2a5-5fd3-933e-142efafe282a,18ec1064-0d14-5d84-9814-8e1007ab8ec7,,8469f799-0d87-44b4-84e9-b18f6a443ba3,share_purchase,2000,2025-12-14,Imported from tahsas 2018 (Ethiopian) collection sheet
4594c9a4-de90-5d7c-b435-06a5dee84f49,f88d8e5f-0ed1-5e58-bdfc-8df9e93c0195,,8469f799-0d87-44b4-84e9-b18f6a443ba3,savings_deposit,500,2025-12-14,Imported from tahsas 2018 (Ethiopian) collection sheet
73717543-b288-5a00-a4a3-e36bb0cc1639,f88d8e5f-0ed1-5e58-bdfc-8df9e93c0195,,8469f799-0d87-44b4-84e9-b18f6a443ba3,share_purchase,1000,2025-12-14,Imported from tahsas 2018 (Ethiopian) collection sheet
80b5adb7-543f-5154-a88c-a884556f624e,7e79d9ef-cc12-51b8-8044-3ca5e1e3d377,,8469f799-0d87-44b4-84e9-b18f6a443ba3,savings_deposit,600,2025-12-14,Imported from tahsas 2018 (Ethiopian) collection sheet
71047edb-7e60-5a0a-b21a-f3d4fe23d4d1,7e79d9ef-cc12-51b8-8044-3ca5e1e3d377,,8469f799-0d87-44b4-84e9-b18f6a443ba3,share_purchase,500,2025-12-14,Imported from tahsas 2018 (Ethiopian) collection sheet
e9b834d3-ac82-55d5-81de-0f90f0f92422,7e79d9ef-cc12-51b8-8044-3ca5e1e3d377,,8469f799-0d87-44b4-84e9-b18f6a443ba3,penalty_payment,50,2025-12-14,Imported from tahsas 2018 (Ethiopian) collection sheet
6b271828-d13d-55f4-b0a1-a8403fe18082,40cd2138-10ea-53af-a42e-8bb58521e9ae,,8469f799-0d87-44b4-84e9-b18f6a443ba3,savings_deposit,600,2025-12-14,Imported from tahsas 2018 (Ethiopian) collection sheet
a34c6556-3909-567e-8ff7-85b1a67d8f07,fd4fc03e-beed-599e-a862-bf1ebb489d28,,8469f799-0d87-44b4-84e9-b18f6a443ba3,savings_deposit,600,2025-12-14,Imported from tahsas 2018 (Ethiopian) collection sheet
a405e612-0dfe-596b-bbcd-cd15b5f63aca,a31db2ec-9d4a-5d1a-b551-cc423673ea8a,,8469f799-0d87-44b4-84e9-b18f6a443ba3,savings_deposit,300,2025-12-14,Imported from tahsas 2018 (Ethiopian) collection sheet
ed5ea274-d2df-5f2f-9576-db65faa7d538,7b0770a8-2173-5070-80f4-3cc171ab8378,,8469f799-0d87-44b4-84e9-b18f6a443ba3,savings_deposit,500,2025-12-14,Imported from tahsas 2018 (Ethiopian) collection sheet
edff18ee-1a75-5b3f-aef9-62fe944668e0,7b0770a8-2173-5070-80f4-3cc171ab8378,,8469f799-0d87-44b4-84e9-b18f6a443ba3,share_purchase,4500,2025-12-14,Imported from tahsas 2018 (Ethiopian) collection sheet
2ef58c20-a043-5ec8-ad8c-c1e4f42d919a,a4abc03d-99d2-5421-9712-1e1eb35acc37,,8469f799-0d87-44b4-84e9-b18f6a443ba3,savings_deposit,502,2025-12-14,Imported from tahsas 2018 (Ethiopian) collection sheet
acb7dd6c-a0aa-588a-adee-76a35dd3c384,f7a5e560-da9b-5bf0-96c3-9a087507a3a5,,8469f799-0d87-44b4-84e9-b18f6a443ba3,savings_deposit,500,2025-12-14,Imported from tahsas 2018 (Ethiopian) collection sheet
cd132076-8d31-5736-bb32-c3b0e48aac18,a9e1deed-561a-5838-8766-2fb2c036ea29,,8469f799-0d87-44b4-84e9-b18f6a443ba3,savings_deposit,1000,2025-12-14,Imported from tahsas 2018 (Ethiopian) collection sheet
bf2e2c4a-7d2e-51b8-902e-b385f4325b4e,2e2b55a7-2c48-5b27-ab85-e84cfe6ba873,,8469f799-0d87-44b4-84e9-b18f6a443ba3,savings_deposit,1000,2025-12-14,Imported from tahsas 2018 (Ethiopian) collection sheet
81d85239-fb41-5bb1-8ba0-88a1a5338cf8,26cf5d2f-1d72-5d7f-ada9-7379077b11ae,,8469f799-0d87-44b4-84e9-b18f6a443ba3,savings_deposit,500,2025-12-14,Imported from tahsas 2018 (Ethiopian) collection sheet
e3049c8c-5e35-542a-8fb4-7c061d265a49,d413f918-479b-57e9-87d9-23d6708d8d81,,8469f799-0d87-44b4-84e9-b18f6a443ba3,savings_deposit,500,2025-12-14,Imported from tahsas 2018 (Ethiopian) collection sheet
28611f3b-72f0-5777-900a-21168e4345b7,f2915524-e894-5bde-aecd-da2bed49a70c,,8469f799-0d87-44b4-84e9-b18f6a443ba3,savings_deposit,300,2025-12-14,Imported from tahsas 2018 (Ethiopian) collection sheet
3303cff7-8750-53d8-be04-6c609f996258,8cbc921c-b09b-5afb-8361-fa63c61ffd8a,,8469f799-0d87-44b4-84e9-b18f6a443ba3,savings_deposit,500,2025-12-14,Imported from tahsas 2018 (Ethiopian) collection sheet
3c99cd90-c3de-5e8e-8d37-be364ad56a8e,1f0dbffc-ffca-5b20-b4fb-3b17fbe5a239,,8469f799-0d87-44b4-84e9-b18f6a443ba3,savings_deposit,1000,2025-12-14,Imported from tahsas 2018 (Ethiopian) collection sheet
7faa50bb-e96b-5f7c-a385-cb414850bed7,1f0dbffc-ffca-5b20-b4fb-3b17fbe5a239,,8469f799-0d87-44b4-84e9-b18f6a443ba3,share_purchase,1000,2025-12-14,Imported from tahsas 2018 (Ethiopian) collection sheet
4d140186-14ee-5348-82c9-da80ca51ec1f,b5824845-954a-56c9-92b3-946cdcce91f7,,8469f799-0d87-44b4-84e9-b18f6a443ba3,savings_deposit,600,2025-12-14,Imported from tahsas 2018 (Ethiopian) collection sheet
8689cf39-f39e-595c-a989-6bffc10355f5,a69c8787-2423-5b77-bc34-87f8260086ef,,8469f799-0d87-44b4-84e9-b18f6a443ba3,savings_deposit,504,2025-12-14,Imported from tahsas 2018 (Ethiopian) collection sheet
ebb544c9-1003-59e2-a7e7-839fab08e753,0799c4e9-58bc-5b55-b3bb-822f9120af53,,8469f799-0d87-44b4-84e9-b18f6a443ba3,savings_deposit,1000,2025-12-14,Imported from tahsas 2018 (Ethiopian) collection sheet
55a4794b-c9d1-5a85-b5b9-157a38d560a9,404705d2-d41d-5bd5-8836-1b5feb5214f8,,8469f799-0d87-44b4-84e9-b18f6a443ba3,savings_deposit,1000,2025-12-14,Imported from tahsas 2018 (Ethiopian) collection sheet
47524fff-fddd-508b-a69f-f850b2efc803,404705d2-d41d-5bd5-8836-1b5feb5214f8,,8469f799-0d87-44b4-84e9-b18f6a443ba3,share_purchase,2000,2025-12-14,Imported from tahsas 2018 (Ethiopian) collection sheet
ff82c46f-e468-51fc-ae1f-8d7b55508994,6137a13d-bb02-50d8-a60c-81b54bebaab0,,8469f799-0d87-44b4-84e9-b18f6a443ba3,savings_deposit,2000,2025-12-14,Imported from tahsas 2018 (Ethiopian) collection sheet
b95f2142-dc79-502f-be1c-bb606948d96b,6137a13d-bb02-50d8-a60c-81b54bebaab0,,8469f799-0d87-44b4-84e9-b18f6a443ba3,share_purchase,2000,2025-12-14,Imported from tahsas 2018 (Ethiopian) collection sheet
1048b887-4c3b-5a2e-b500-c85efd502553,e0a1cd41-f09b-584c-a323-5e24952b99ee,,8469f799-0d87-44b4-84e9-b18f6a443ba3,savings_deposit,1000,2025-12-14,Imported from tahsas 2018 (Ethiopian) collection sheet
491422b9-fb8f-5451-9fc9-55fb47671555,e0a1cd41-f09b-584c-a323-5e24952b99ee,,8469f799-0d87-44b4-84e9-b18f6a443ba3,share_purchase,2000,2025-12-14,Imported from tahsas 2018 (Ethiopian) collection sheet
341c1ed2-ef75-5f5c-b375-439e31786bd7,b3d4ad0c-ee3c-53a5-a951-a9759c819236,,8469f799-0d87-44b4-84e9-b18f6a443ba3,savings_deposit,500,2025-12-14,Imported from tahsas 2018 (Ethiopian) collection sheet
d386d214-aa52-5d9b-b1bc-f7239882989a,b3d4ad0c-ee3c-53a5-a951-a9759c819236,,8469f799-0d87-44b4-84e9-b18f6a443ba3,share_purchase,1000,2025-12-14,Imported from tahsas 2018 (Ethiopian) collection sheet
70af1e83-046f-548d-87ca-5516a76fba64,8fc8de0b-78bc-545e-8408-2189a31760ec,,8469f799-0d87-44b4-84e9-b18f6a443ba3,savings_deposit,2000,2025-12-14,Imported from tahsas 2018 (Ethiopian) collection sheet
38814718-2ba6-59c2-a59f-a38991f02fa4,8fc8de0b-78bc-545e-8408-2189a31760ec,,8469f799-0d87-44b4-84e9-b18f6a443ba3,share_purchase,1000,2025-12-14,Imported from tahsas 2018 (Ethiopian) collection sheet
d704124a-6f86-551e-a274-6591a9da32d4,59b2b2dc-7289-54a6-9435-57bf25be75c7,,8469f799-0d87-44b4-84e9-b18f6a443ba3,savings_deposit,2000,2025-12-14,Imported from tahsas 2018 (Ethiopian) collection sheet
b437b9c8-4877-5848-97fa-be47a72359d0,95154953-c3dd-55eb-9284-60060b3e99a8,,8469f799-0d87-44b4-84e9-b18f6a443ba3,savings_deposit,2000,2025-12-14,Imported from tahsas 2018 (Ethiopian) collection sheet
9b200277-ee20-5597-9125-b9156bb259c2,95154953-c3dd-55eb-9284-60060b3e99a8,,8469f799-0d87-44b4-84e9-b18f6a443ba3,share_purchase,24000,2025-12-14,Imported from tahsas 2018 (Ethiopian) collection sheet
c94d9164-49f8-5788-8881-caa7d6a80af6,06fa8212-7f04-5497-a2b6-310f1c798b46,,8469f799-0d87-44b4-84e9-b18f6a443ba3,savings_deposit,1000,2025-12-14,Imported from tahsas 2018 (Ethiopian) collection sheet
fae8fd96-780b-5091-a914-5d38850f3ce9,06fa8212-7f04-5497-a2b6-310f1c798b46,,8469f799-0d87-44b4-84e9-b18f6a443ba3,share_purchase,1000,2025-12-14,Imported from tahsas 2018 (Ethiopian) collection sheet
209cf0d2-570d-54a2-aaab-375e3688e523,e2de7857-57f4-52de-9b30-0d0c74d7933f,,8469f799-0d87-44b4-84e9-b18f6a443ba3,savings_deposit,500,2025-12-14,Imported from tahsas 2018 (Ethiopian) collection sheet
bff3b015-4bf4-5fc8-8f82-2e24e61fe572,e2de7857-57f4-52de-9b30-0d0c74d7933f,,8469f799-0d87-44b4-84e9-b18f6a443ba3,share_purchase,1000,2025-12-14,Imported from tahsas 2018 (Ethiopian) collection sheet
8765cc21-ebaf-53f1-9730-8b1c39b5c0ca,14097ace-d5d4-58a0-b4e8-d735db008348,,8469f799-0d87-44b4-84e9-b18f6a443ba3,savings_deposit,2000,2025-12-14,Imported from tahsas 2018 (Ethiopian) collection sheet
fd7a3241-838c-58b1-bc84-1ef45bf8a152,35075fef-07f6-5252-8183-cc3a2f16eb41,,8469f799-0d87-44b4-84e9-b18f6a443ba3,savings_deposit,500,2025-12-14,Imported from tahsas 2018 (Ethiopian) collection sheet
6c977ab3-67a2-5a51-979d-aa795be26d0e,35075fef-07f6-5252-8183-cc3a2f16eb41,,8469f799-0d87-44b4-84e9-b18f6a443ba3,share_purchase,5000,2025-12-14,Imported from tahsas 2018 (Ethiopian) collection sheet
2750eff8-aa69-5951-9818-748f86c5e379,cf50d566-4405-5b00-b14c-0d5020d22c31,,8469f799-0d87-44b4-84e9-b18f6a443ba3,savings_deposit,500,2025-12-14,Imported from tahsas 2018 (Ethiopian) collection sheet
a0a99663-691e-5d39-be98-9a791b414ec5,5aaf0160-4ec6-5a7c-b189-1ba82739d136,,8469f799-0d87-44b4-84e9-b18f6a443ba3,savings_deposit,1000,2025-12-14,Imported from tahsas 2018 (Ethiopian) collection sheet
b991ba2b-de4f-5685-a022-8db214c42c02,fc282955-0b0a-54ad-8057-22d4d660b8f3,,8469f799-0d87-44b4-84e9-b18f6a443ba3,savings_deposit,1000,2025-12-14,Imported from tahsas 2018 (Ethiopian) collection sheet
81774e7a-3437-54d3-8424-d670160b0e43,7ff58eac-03b8-5c06-83a7-d23117961668,,8469f799-0d87-44b4-84e9-b18f6a443ba3,savings_deposit,2000,2025-12-14,Imported from tahsas 2018 (Ethiopian) collection sheet
d23e0e32-8143-5474-b615-f9ff86a78b3c,7ff58eac-03b8-5c06-83a7-d23117961668,,8469f799-0d87-44b4-84e9-b18f6a443ba3,share_purchase,10000,2025-12-14,Imported from tahsas 2018 (Ethiopian) collection sheet
1afd2e3a-6d27-5f1d-a3ff-24149c3b72e2,9fcf7196-5811-531b-9d09-c74999451007,,8469f799-0d87-44b4-84e9-b18f6a443ba3,savings_deposit,1000,2025-12-14,Imported from tahsas 2018 (Ethiopian) collection sheet
162f0d28-41a0-53d4-a7f3-b26f47169d07,9fcf7196-5811-531b-9d09-c74999451007,,8469f799-0d87-44b4-84e9-b18f6a443ba3,share_purchase,1000,2025-12-14,Imported from tahsas 2018 (Ethiopian) collection sheet
5c4b08f0-e4b2-5c53-a8b2-7e8d6aac307d,b2efb9cd-1182-562a-9d94-094f7d382bee,,8469f799-0d87-44b4-84e9-b18f6a443ba3,savings_deposit,300,2025-12-14,Imported from tahsas 2018 (Ethiopian) collection sheet
da265a4d-4010-54d3-ac20-f37562ca9656,3912ff00-0f6f-5b2c-9347-85cf4836d771,,8469f799-0d87-44b4-84e9-b18f6a443ba3,savings_deposit,300,2025-12-14,Imported from tahsas 2018 (Ethiopian) collection sheet
b323f73d-6609-5b70-85dc-6a43f38c45ae,4c6be39b-4741-5654-aa09-b6dafa25137a,,8469f799-0d87-44b4-84e9-b18f6a443ba3,savings_deposit,1000,2025-12-14,Imported from tahsas 2018 (Ethiopian) collection sheet
a6aecfda-1723-5ac4-946e-5083417db64c,50b83ed9-e5bb-5b8d-8732-2ec2c6a7205b,,8469f799-0d87-44b4-84e9-b18f6a443ba3,savings_deposit,2000,2025-12-14,Imported from tahsas 2018 (Ethiopian) collection sheet
18fb473c-8d0c-5c31-9348-e060534630f1,50b83ed9-e5bb-5b8d-8732-2ec2c6a7205b,,8469f799-0d87-44b4-84e9-b18f6a443ba3,share_purchase,500,2025-12-14,Imported from tahsas 2018 (Ethiopian) collection sheet
fbc2da24-1b21-5239-bd0e-5ca548edbd19,18556b09-0ab4-5885-9547-840bf5c1f616,,8469f799-0d87-44b4-84e9-b18f6a443ba3,savings_deposit,2000,2025-12-14,Imported from tahsas 2018 (Ethiopian) collection sheet
702c2255-5f03-5b88-a0f1-27471d180ac1,18556b09-0ab4-5885-9547-840bf5c1f616,,8469f799-0d87-44b4-84e9-b18f6a443ba3,share_purchase,3000,2025-12-14,Imported from tahsas 2018 (Ethiopian) collection sheet
5eda3633-d990-5b36-8558-82f5c6d816d1,0d708cf3-ad24-508c-9c92-a1ec38825d05,,8469f799-0d87-44b4-84e9-b18f6a443ba3,savings_deposit,300,2025-12-14,Imported from tahsas 2018 (Ethiopian) collection sheet
dace4adb-ba5d-5f6a-82d0-ad7ec56d869e,0d708cf3-ad24-508c-9c92-a1ec38825d05,,8469f799-0d87-44b4-84e9-b18f6a443ba3,share_purchase,1000,2025-12-14,Imported from tahsas 2018 (Ethiopian) collection sheet
af962acb-c474-58cd-8ebc-5345d2c195d2,f36e90f7-c963-52f0-bbf6-27b03512f8aa,,8469f799-0d87-44b4-84e9-b18f6a443ba3,savings_deposit,300,2025-12-14,Imported from tahsas 2018 (Ethiopian) collection sheet
92932c96-d70c-5495-bf80-459220623e97,d4f2023e-279b-5701-8eef-b0a0e9d3688a,,8469f799-0d87-44b4-84e9-b18f6a443ba3,savings_deposit,300,2025-12-14,Imported from tahsas 2018 (Ethiopian) collection sheet
60f6b65f-cd42-55ab-a99a-0ad03b70fda7,d4f2023e-279b-5701-8eef-b0a0e9d3688a,,8469f799-0d87-44b4-84e9-b18f6a443ba3,share_purchase,1000,2025-12-14,Imported from tahsas 2018 (Ethiopian) collection sheet
181a54d1-69ad-51ab-91f0-ddb81924582c,6b0460be-2f71-5133-afa7-dd554cdffd51,,8469f799-0d87-44b4-84e9-b18f6a443ba3,savings_deposit,500,2025-12-14,Imported from tahsas 2018 (Ethiopian) collection sheet
81d309cc-0b32-5543-abed-723e6560c791,a98c7ead-82e7-5f45-864a-3bf83a0a2643,,8469f799-0d87-44b4-84e9-b18f6a443ba3,savings_deposit,500,2025-12-14,Imported from tahsas 2018 (Ethiopian) collection sheet
060621c3-6086-5097-b12d-710620053d68,a05a8645-6102-52e9-8c87-199ab572e309,,8469f799-0d87-44b4-84e9-b18f6a443ba3,savings_deposit,1000,2025-12-14,Imported from tahsas 2018 (Ethiopian) collection sheet
bbefa7a7-0c9d-5a0b-bfe7-ab58a565b149,284e696c-3949-5c06-ba88-16fccaa4ade9,,8469f799-0d87-44b4-84e9-b18f6a443ba3,savings_deposit,1000,2025-12-14,Imported from tahsas 2018 (Ethiopian) collection sheet
faed856c-6f8a-5b8b-87e8-b0e909a7be1e,f5ed49cd-2af4-523f-9a48-b4c14551e8eb,,8469f799-0d87-44b4-84e9-b18f6a443ba3,savings_deposit,500,2025-12-14,Imported from tahsas 2018 (Ethiopian) collection sheet
67dd12e4-0a54-55a7-b768-f282c7ee0169,efb40953-7213-50c9-9529-b8fc3cdb7d92,,8469f799-0d87-44b4-84e9-b18f6a443ba3,savings_deposit,1000,2025-12-14,Imported from tahsas 2018 (Ethiopian) collection sheet
ab566727-4e8b-5b72-b51e-ea982695ed69,efb40953-7213-50c9-9529-b8fc3cdb7d92,,8469f799-0d87-44b4-84e9-b18f6a443ba3,share_purchase,2000,2025-12-14,Imported from tahsas 2018 (Ethiopian) collection sheet
a73b03f0-2ac4-58bb-8c11-b071f32ec594,ae168754-dc53-53bb-8759-fdf401fd7c06,,8469f799-0d87-44b4-84e9-b18f6a443ba3,savings_deposit,500,2025-12-14,Imported from tahsas 2018 (Ethiopian) collection sheet
8bbe1aa5-063c-5454-b4da-d530bb6be27d,ae168754-dc53-53bb-8759-fdf401fd7c06,,8469f799-0d87-44b4-84e9-b18f6a443ba3,share_purchase,500,2025-12-14,Imported from tahsas 2018 (Ethiopian) collection sheet
60d3bdf7-6029-534e-bf66-68e1642ee637,bef556d7-3b69-5f7b-9805-f9f2d36e7ad4,,8469f799-0d87-44b4-84e9-b18f6a443ba3,savings_deposit,500,2025-12-14,Imported from tahsas 2018 (Ethiopian) collection sheet
511e7e21-7986-555e-88db-745575da57a3,570068f9-c44a-5f37-b264-42d09d4fc9d0,,8469f799-0d87-44b4-84e9-b18f6a443ba3,savings_deposit,1000,2025-12-14,Imported from tahsas 2018 (Ethiopian) collection sheet
7d34198b-2be7-50bd-92d8-fc2fd07d33c6,570068f9-c44a-5f37-b264-42d09d4fc9d0,,8469f799-0d87-44b4-84e9-b18f6a443ba3,share_purchase,1000,2025-12-14,Imported from tahsas 2018 (Ethiopian) collection sheet
d68642fa-d128-55c8-882f-59b16ba99a89,96d80a6e-8b0c-5f54-a94f-6a423e77e285,,8469f799-0d87-44b4-84e9-b18f6a443ba3,savings_deposit,2000,2025-12-14,Imported from tahsas 2018 (Ethiopian) collection sheet
25b25e1b-ecf4-515d-b8be-c20b573a7a8d,607b812d-459f-5cab-9340-d4ac3326e983,,8469f799-0d87-44b4-84e9-b18f6a443ba3,savings_deposit,500,2025-12-14,Imported from tahsas 2018 (Ethiopian) collection sheet
d0e2f3a6-f2fe-50c7-af4a-b4582ed38c00,607b812d-459f-5cab-9340-d4ac3326e983,,8469f799-0d87-44b4-84e9-b18f6a443ba3,share_purchase,1000,2025-12-14,Imported from tahsas 2018 (Ethiopian) collection sheet
bd2cea4f-6a78-599b-8911-fb74da0a874e,5906d4be-3a6d-51fc-8fe6-4e5654c5c962,,8469f799-0d87-44b4-84e9-b18f6a443ba3,savings_deposit,1000,2025-12-14,Imported from tahsas 2018 (Ethiopian) collection sheet
f05b66d5-c3cd-5dd9-bba8-a4ec4566d64a,84fe73ed-e690-590d-8b51-d82f682ef24d,,8469f799-0d87-44b4-84e9-b18f6a443ba3,savings_deposit,500,2025-12-14,Imported from tahsas 2018 (Ethiopian) collection sheet
f96ceaa4-c57a-5b56-9398-7100623e0fc7,c411ed30-b985-51c0-819a-9c20ee637977,,8469f799-0d87-44b4-84e9-b18f6a443ba3,savings_deposit,2000,2025-12-14,Imported from tahsas 2018 (Ethiopian) collection sheet
dad2ae3d-4271-55a5-ab15-d8de582af113,c411ed30-b985-51c0-819a-9c20ee637977,,8469f799-0d87-44b4-84e9-b18f6a443ba3,share_purchase,2000,2025-12-14,Imported from tahsas 2018 (Ethiopian) collection sheet
fafbf8eb-0505-5e83-a020-482ba6711962,fbf6ab5b-094d-5b83-aed6-66f7c8169e36,,8469f799-0d87-44b4-84e9-b18f6a443ba3,savings_deposit,1000,2025-12-14,Imported from tahsas 2018 (Ethiopian) collection sheet
875e18c6-c849-55a7-a382-e1fa66b8ad47,fbf6ab5b-094d-5b83-aed6-66f7c8169e36,,8469f799-0d87-44b4-84e9-b18f6a443ba3,share_purchase,2000,2025-12-14,Imported from tahsas 2018 (Ethiopian) collection sheet
ac1ced36-e2c2-512a-a080-e4551d83a25f,e4ccf2e5-774e-5b15-99a6-973a2b66f4ce,,8469f799-0d87-44b4-84e9-b18f6a443ba3,savings_deposit,1000,2025-12-14,Imported from tahsas 2018 (Ethiopian) collection sheet
56f34406-9cf6-5314-a2ab-1f5fed3e0d76,e4ccf2e5-774e-5b15-99a6-973a2b66f4ce,,8469f799-0d87-44b4-84e9-b18f6a443ba3,share_purchase,1000,2025-12-14,Imported from tahsas 2018 (Ethiopian) collection sheet
fb4fe92e-4bc8-5a60-a893-b60f909add0b,bdd7c207-732a-5bb1-b133-60543d8c7d92,,8469f799-0d87-44b4-84e9-b18f6a443ba3,savings_deposit,1000,2025-12-14,Imported from tahsas 2018 (Ethiopian) collection sheet
88eb5502-3f56-59dd-afc2-8a29797e66b0,bdd7c207-732a-5bb1-b133-60543d8c7d92,,8469f799-0d87-44b4-84e9-b18f6a443ba3,share_purchase,2000,2025-12-14,Imported from tahsas 2018 (Ethiopian) collection sheet
2ac30d63-4a2c-51ed-9a70-aab6689d522e,24c594aa-4181-5c0b-a5b7-45ff7c3fa3b0,,8469f799-0d87-44b4-84e9-b18f6a443ba3,savings_deposit,500,2025-12-14,Imported from tahsas 2018 (Ethiopian) collection sheet
06f4743c-cc3f-5277-9013-4998f9e04de6,a67cebb5-b09e-5a16-8c5b-c6973fdcbd77,,8469f799-0d87-44b4-84e9-b18f6a443ba3,savings_deposit,1000,2025-12-14,Imported from tahsas 2018 (Ethiopian) collection sheet
fc7ca1b1-834b-511e-842f-1955aa154160,a67cebb5-b09e-5a16-8c5b-c6973fdcbd77,,8469f799-0d87-44b4-84e9-b18f6a443ba3,share_purchase,1000,2025-12-14,Imported from tahsas 2018 (Ethiopian) collection sheet
b6307df8-7c9d-5661-9b50-fa4587d9e18e,fa0549d4-1b83-5d11-8b62-a4ca6a085063,,8469f799-0d87-44b4-84e9-b18f6a443ba3,savings_deposit,1000,2025-12-14,Imported from tahsas 2018 (Ethiopian) collection sheet
3301cf9f-334f-5a56-8c1b-c4742379b968,fa0549d4-1b83-5d11-8b62-a4ca6a085063,,8469f799-0d87-44b4-84e9-b18f6a443ba3,share_purchase,1000,2025-12-14,Imported from tahsas 2018 (Ethiopian) collection sheet
134c0d24-bc60-5a6a-8390-f497e06d07ab,fa0798ba-fbda-57b6-910d-6ce545d807cb,,8469f799-0d87-44b4-84e9-b18f6a443ba3,savings_deposit,1000,2025-12-14,Imported from tahsas 2018 (Ethiopian) collection sheet
97b7b033-8588-5934-ac4e-9796dbfc1d37,fa0798ba-fbda-57b6-910d-6ce545d807cb,,8469f799-0d87-44b4-84e9-b18f6a443ba3,share_purchase,1000,2025-12-14,Imported from tahsas 2018 (Ethiopian) collection sheet
ddc3049a-6a52-5cf3-aa4c-a187e4c0db52,44494d4f-dbca-596d-ba04-7f0bf8264cef,,8469f799-0d87-44b4-84e9-b18f6a443ba3,savings_deposit,2000,2025-12-14,Imported from tahsas 2018 (Ethiopian) collection sheet
f42f56c9-394b-50c5-9d45-76401ed14bc1,44494d4f-dbca-596d-ba04-7f0bf8264cef,,8469f799-0d87-44b4-84e9-b18f6a443ba3,share_purchase,2000,2025-12-14,Imported from tahsas 2018 (Ethiopian) collection sheet
4a2566cc-742d-5097-81e5-5b9177b66379,affc511e-8b76-57f4-9a6f-c2717513f00e,,8469f799-0d87-44b4-84e9-b18f6a443ba3,savings_deposit,500,2025-12-14,Imported from tahsas 2018 (Ethiopian) collection sheet
5e08c037-fb0e-54c6-9056-cc3b4a0aed0d,bec2830f-deee-5041-8c34-59d519198cc5,,8469f799-0d87-44b4-84e9-b18f6a443ba3,savings_deposit,500,2025-12-14,Imported from tahsas 2018 (Ethiopian) collection sheet
8b0b89e1-d9c0-5253-b31a-65c85a7d9e79,724b2186-00c5-596f-8fcf-f163b5e7b692,,8469f799-0d87-44b4-84e9-b18f6a443ba3,savings_deposit,1450,2025-12-14,Imported from tahsas 2018 (Ethiopian) collection sheet
dc888f2b-bf21-55e7-a509-796d27474407,724b2186-00c5-596f-8fcf-f163b5e7b692,,8469f799-0d87-44b4-84e9-b18f6a443ba3,share_purchase,18000,2025-12-14,Imported from tahsas 2018 (Ethiopian) collection sheet
9a67ae3c-8d38-5d6b-9748-bcccf4a1a4b8,724b2186-00c5-596f-8fcf-f163b5e7b692,,8469f799-0d87-44b4-84e9-b18f6a443ba3,registration_fee,400,2025-12-14,Imported from tahsas 2018 (Ethiopian) collection sheet
300fbe9e-6db4-5819-b1c5-c4672b7e1f90,724b2186-00c5-596f-8fcf-f163b5e7b692,,8469f799-0d87-44b4-84e9-b18f6a443ba3,card_fee,150,2025-12-14,Imported from tahsas 2018 (Ethiopian) collection sheet
75f6bb88-a357-529a-a7d2-a3ac01389ab6,cb63cdfa-da1f-5520-ab57-db6d7c17cb52,,8469f799-0d87-44b4-84e9-b18f6a443ba3,savings_deposit,1450,2025-12-14,Imported from tahsas 2018 (Ethiopian) collection sheet
e984e16a-d686-53b0-8615-7a8061f323da,cb63cdfa-da1f-5520-ab57-db6d7c17cb52,,8469f799-0d87-44b4-84e9-b18f6a443ba3,share_purchase,18000,2025-12-14,Imported from tahsas 2018 (Ethiopian) collection sheet
924d83c9-c282-5fd3-8518-1618d45ac418,cb63cdfa-da1f-5520-ab57-db6d7c17cb52,,8469f799-0d87-44b4-84e9-b18f6a443ba3,registration_fee,400,2025-12-14,Imported from tahsas 2018 (Ethiopian) collection sheet
c59479a4-f637-5298-96d1-c95a777a78f3,cb63cdfa-da1f-5520-ab57-db6d7c17cb52,,8469f799-0d87-44b4-84e9-b18f6a443ba3,card_fee,150,2025-12-14,Imported from tahsas 2018 (Ethiopian) collection sheet
b7636786-0b38-5519-a771-3b8011aba5db,93877516-e6ab-5857-8ecf-88ad98cb9ebd,,8469f799-0d87-44b4-84e9-b18f6a443ba3,savings_deposit,450,2025-12-14,Imported from tahsas 2018 (Ethiopian) collection sheet
635a557c-3210-5049-92d9-8a51435b8c71,93877516-e6ab-5857-8ecf-88ad98cb9ebd,,8469f799-0d87-44b4-84e9-b18f6a443ba3,share_purchase,1000,2025-12-14,Imported from tahsas 2018 (Ethiopian) collection sheet
afe3775a-9d67-5b4e-be13-95e7f42ce42d,93877516-e6ab-5857-8ecf-88ad98cb9ebd,,8469f799-0d87-44b4-84e9-b18f6a443ba3,registration_fee,400,2025-12-14,Imported from tahsas 2018 (Ethiopian) collection sheet
14d8b7b4-6b1b-50e6-8f59-aff0f23d94ff,93877516-e6ab-5857-8ecf-88ad98cb9ebd,,8469f799-0d87-44b4-84e9-b18f6a443ba3,card_fee,150,2025-12-14,Imported from tahsas 2018 (Ethiopian) collection sheet
1a0b3f5c-070e-53bb-af82-0dc7a251c03f,7ce9968c-0a19-5d74-9c35-820ff9e1e6e8,,8469f799-0d87-44b4-84e9-b18f6a443ba3,savings_deposit,1050,2026-01-11,Imported from ter 2018 (Ethiopian) collection sheet
1716992e-ab3d-57ce-a60c-115b8d148de0,e4827c78-8368-58d0-bf8c-92365bc84c75,,8469f799-0d87-44b4-84e9-b18f6a443ba3,savings_deposit,1000,2026-01-11,Imported from ter 2018 (Ethiopian) collection sheet
eaab569f-5b95-5293-99e9-d8450edc670c,76dd954f-2718-5744-aa59-ccb1748016b4,,8469f799-0d87-44b4-84e9-b18f6a443ba3,savings_deposit,500,2026-01-11,Imported from ter 2018 (Ethiopian) collection sheet
7d5df572-d692-5ea9-a263-feb454b44edd,b4d56e1e-236f-5e82-8da0-abe9e0b93b56,,8469f799-0d87-44b4-84e9-b18f6a443ba3,savings_deposit,1166,2026-01-11,Imported from ter 2018 (Ethiopian) collection sheet
141064dc-af26-576d-94b5-12b9126a61fb,ec993c4b-d61a-5880-9ca2-8474b057f3f6,,8469f799-0d87-44b4-84e9-b18f6a443ba3,savings_deposit,500,2026-01-11,Imported from ter 2018 (Ethiopian) collection sheet
4dd137ef-b4b1-5b34-9cb6-8e6581147478,73beb1f6-b7bf-54aa-ab3e-eb494fdb1568,,8469f799-0d87-44b4-84e9-b18f6a443ba3,savings_deposit,2000,2026-01-11,Imported from ter 2018 (Ethiopian) collection sheet
c2c0a8dc-4d7b-558b-9124-80e1e3c2c209,73beb1f6-b7bf-54aa-ab3e-eb494fdb1568,,8469f799-0d87-44b4-84e9-b18f6a443ba3,share_purchase,2032,2026-01-11,Imported from ter 2018 (Ethiopian) collection sheet
a5742337-f7cc-59a4-a764-00c1023ce03a,bbe40192-271f-518c-bea6-c1478fc552c2,,8469f799-0d87-44b4-84e9-b18f6a443ba3,savings_deposit,400,2026-01-11,Imported from ter 2018 (Ethiopian) collection sheet
a146014e-1d9c-5f05-b9e6-c667e3b7862c,bac4fd55-4666-50ee-adee-4d2170814631,,8469f799-0d87-44b4-84e9-b18f6a443ba3,savings_deposit,2000,2026-01-11,Imported from ter 2018 (Ethiopian) collection sheet
7be12e84-0532-5d55-addd-3d46050aa167,3cb63966-4581-5528-b803-034ed796a796,,8469f799-0d87-44b4-84e9-b18f6a443ba3,savings_deposit,500,2026-01-11,Imported from ter 2018 (Ethiopian) collection sheet
6aa85ba3-bccc-55ba-8129-c370d2fc51e4,a69a3a62-171b-5523-8fbe-54e569dd29d4,,8469f799-0d87-44b4-84e9-b18f6a443ba3,savings_deposit,500,2026-01-11,Imported from ter 2018 (Ethiopian) collection sheet
96693017-6588-58d5-aa98-25eaae1e6ba6,a7f75ced-fef8-5b0f-a28e-cd7f09043280,,8469f799-0d87-44b4-84e9-b18f6a443ba3,savings_deposit,299,2026-01-11,Imported from ter 2018 (Ethiopian) collection sheet
bc5eb111-118a-5ef7-a973-8a89a78c5966,b89552e4-4718-56a1-a4f8-7c84e72e0506,,8469f799-0d87-44b4-84e9-b18f6a443ba3,savings_deposit,600,2026-01-11,Imported from ter 2018 (Ethiopian) collection sheet
58303896-4bcc-512e-8914-c5b357d2adca,0c26b4c4-ac4c-5349-b995-958b76f2805e,,8469f799-0d87-44b4-84e9-b18f6a443ba3,savings_deposit,500,2026-01-11,Imported from ter 2018 (Ethiopian) collection sheet
3ca66fde-9bf7-56de-adee-c8e203d12929,501a3774-7945-502f-8519-cff3445f53cf,,8469f799-0d87-44b4-84e9-b18f6a443ba3,savings_deposit,700,2026-01-11,Imported from ter 2018 (Ethiopian) collection sheet
acce76ea-1109-54a9-81af-eb2ee590fa21,247c6df0-a05e-541c-a00a-fb077be873f7,,8469f799-0d87-44b4-84e9-b18f6a443ba3,savings_deposit,339,2026-01-11,Imported from ter 2018 (Ethiopian) collection sheet
9686dbad-5223-5f77-848d-70274c35741a,d56fc296-2f16-5e5a-9004-d4ad49c5658f,,8469f799-0d87-44b4-84e9-b18f6a443ba3,savings_deposit,1000,2026-01-11,Imported from ter 2018 (Ethiopian) collection sheet
68351fe7-b067-5002-b8ac-fbd929ed5141,5d001133-4abc-5416-8360-8277eeaead7d,,8469f799-0d87-44b4-84e9-b18f6a443ba3,savings_deposit,500,2026-01-11,Imported from ter 2018 (Ethiopian) collection sheet
b7292a2e-ab00-566a-aaac-8c5847e1302c,abe8c6ff-419f-5b7b-9b1e-b2622924be09,,8469f799-0d87-44b4-84e9-b18f6a443ba3,savings_deposit,1000,2026-01-11,Imported from ter 2018 (Ethiopian) collection sheet
ad8868b6-a76f-581a-9092-72a3c9c1d21c,e99acf91-e7a6-5999-8aed-0b4c34b2ee85,,8469f799-0d87-44b4-84e9-b18f6a443ba3,savings_deposit,300,2026-01-11,Imported from ter 2018 (Ethiopian) collection sheet
c651707c-d022-5337-a5ea-7595e27551ac,e99acf91-e7a6-5999-8aed-0b4c34b2ee85,,8469f799-0d87-44b4-84e9-b18f6a443ba3,penalty_payment,100,2026-01-11,Imported from ter 2018 (Ethiopian) collection sheet
375f6197-bbbc-5caf-af4e-1bdebde563e8,e75e482c-243f-5e13-aaac-15f1302dd157,,8469f799-0d87-44b4-84e9-b18f6a443ba3,savings_deposit,2000,2026-01-11,Imported from ter 2018 (Ethiopian) collection sheet
a05e43bb-7242-54c2-b133-7f0b396e25ed,7b26a460-4f89-52ff-8930-60889b3fd875,,8469f799-0d87-44b4-84e9-b18f6a443ba3,savings_deposit,2000,2026-01-11,Imported from ter 2018 (Ethiopian) collection sheet
d2032a0f-dd5d-574a-bf27-91ada3800d93,3c5a6fea-e69b-5312-9684-694c1ee6ebdf,,8469f799-0d87-44b4-84e9-b18f6a443ba3,savings_deposit,500,2026-01-11,Imported from ter 2018 (Ethiopian) collection sheet
153c4f82-72a1-5127-8604-392dc048c68c,b828959c-5bea-560a-929d-1a5594da53d8,,8469f799-0d87-44b4-84e9-b18f6a443ba3,savings_deposit,300,2026-01-11,Imported from ter 2018 (Ethiopian) collection sheet
ddb7400e-524d-53f1-8269-86d2bd3a5599,9a84e629-b9ce-5ae9-8a74-bb63c9db97b5,,8469f799-0d87-44b4-84e9-b18f6a443ba3,savings_deposit,944,2026-01-11,Imported from ter 2018 (Ethiopian) collection sheet
e30ddaf9-3efa-584a-9ce6-c4408c189e81,a102851d-91d9-5d77-ab52-d018bd9be779,,8469f799-0d87-44b4-84e9-b18f6a443ba3,savings_deposit,1000,2026-01-11,Imported from ter 2018 (Ethiopian) collection sheet
8e2d6b10-d09c-5290-a053-4836c1ed313d,4b9a8348-f9f3-52df-8d17-50b8abdeaea6,,8469f799-0d87-44b4-84e9-b18f6a443ba3,savings_deposit,1000,2026-01-11,Imported from ter 2018 (Ethiopian) collection sheet
6a516234-2061-5168-89ae-84204e61824f,edf171cb-7bb8-5f91-a0e7-0f5f8fecbead,,8469f799-0d87-44b4-84e9-b18f6a443ba3,savings_deposit,500,2026-01-11,Imported from ter 2018 (Ethiopian) collection sheet
10c1f17e-55fc-5adc-b8f2-7bcaabd8474d,6e18d32a-3bc0-52b7-8bfe-a677c478fa77,,8469f799-0d87-44b4-84e9-b18f6a443ba3,savings_deposit,1000,2026-01-11,Imported from ter 2018 (Ethiopian) collection sheet
53a80f08-bda1-5f6d-8bf8-bda2dc798f78,438c5624-fdbc-5263-965a-9e9da4524827,,8469f799-0d87-44b4-84e9-b18f6a443ba3,savings_deposit,300,2026-01-11,Imported from ter 2018 (Ethiopian) collection sheet
10ae063f-f3d2-5ada-9471-f172ff26f0b8,3f7f10e4-ecdb-55ad-891c-4a5c430edc1f,,8469f799-0d87-44b4-84e9-b18f6a443ba3,savings_deposit,999,2026-01-11,Imported from ter 2018 (Ethiopian) collection sheet
b0849f82-0f37-52e5-b228-04552066e560,f33516c1-ea10-5e53-b29f-9f0005ba22ee,,8469f799-0d87-44b4-84e9-b18f6a443ba3,savings_deposit,300,2026-01-11,Imported from ter 2018 (Ethiopian) collection sheet
1c003bd4-fedc-5b93-aa9f-540bf6ec2901,8e67885d-ff02-5d58-a570-e235a003f3ee,,8469f799-0d87-44b4-84e9-b18f6a443ba3,savings_deposit,2000,2026-01-11,Imported from ter 2018 (Ethiopian) collection sheet
e57289ee-16df-52bc-9117-bd6fda40ada1,8e67885d-ff02-5d58-a570-e235a003f3ee,,8469f799-0d87-44b4-84e9-b18f6a443ba3,share_purchase,500,2026-01-11,Imported from ter 2018 (Ethiopian) collection sheet
c28780ce-69ce-5d0e-80e7-1e3de47e9a3d,d95d868a-9299-557a-8903-e93a509d3b45,,8469f799-0d87-44b4-84e9-b18f6a443ba3,savings_deposit,500,2026-01-11,Imported from ter 2018 (Ethiopian) collection sheet
5348ed17-19b7-5ad6-a1e3-f4c49a84e4dc,1d3e31ef-6836-593b-86c9-a7ed487b2815,,8469f799-0d87-44b4-84e9-b18f6a443ba3,savings_deposit,400,2026-01-11,Imported from ter 2018 (Ethiopian) collection sheet
4def10ba-cbed-5385-aca2-f6f72a10b821,1d3e31ef-6836-593b-86c9-a7ed487b2815,,8469f799-0d87-44b4-84e9-b18f6a443ba3,share_purchase,1000,2026-01-11,Imported from ter 2018 (Ethiopian) collection sheet
9eda875c-bf44-58c9-8c91-4a6cf164e519,2903a34a-7dd7-5a18-bdc2-00f49fb2ea18,,8469f799-0d87-44b4-84e9-b18f6a443ba3,savings_deposit,500,2026-01-11,Imported from ter 2018 (Ethiopian) collection sheet
cad89fe9-0d93-59d8-a7c2-34239738c7d6,57f27bbf-52f5-59d6-a6cd-46b8e16cf6cc,,8469f799-0d87-44b4-84e9-b18f6a443ba3,savings_deposit,1999,2026-01-11,Imported from ter 2018 (Ethiopian) collection sheet
64c39066-edd9-56e2-a5eb-16116b4a2aa6,7bce6fd2-030a-5f79-8ff5-8fd865b85427,,8469f799-0d87-44b4-84e9-b18f6a443ba3,savings_deposit,1000,2026-01-11,Imported from ter 2018 (Ethiopian) collection sheet
7968bd95-434a-5661-a430-e5f6efd6a74a,7bce6fd2-030a-5f79-8ff5-8fd865b85427,,8469f799-0d87-44b4-84e9-b18f6a443ba3,penalty_payment,50,2026-01-11,Imported from ter 2018 (Ethiopian) collection sheet
66ed380c-282f-50af-80db-8d9566bb8d5e,f104d8fc-08c1-5425-af09-a40135783bf7,,8469f799-0d87-44b4-84e9-b18f6a443ba3,savings_deposit,2000,2026-01-11,Imported from ter 2018 (Ethiopian) collection sheet
de05e106-cfdc-5877-80c2-8b9a9e56e236,f314716f-ef2a-5bee-8da5-c08e35551753,,8469f799-0d87-44b4-84e9-b18f6a443ba3,savings_deposit,209,2026-01-11,Imported from ter 2018 (Ethiopian) collection sheet
8e4e8b52-8441-55b4-9c70-8b233b9fc0c9,f314716f-ef2a-5bee-8da5-c08e35551753,,8469f799-0d87-44b4-84e9-b18f6a443ba3,penalty_payment,100,2026-01-11,Imported from ter 2018 (Ethiopian) collection sheet
14395f6a-f916-50e9-80b0-aaa183ed0e70,48f8809b-e76b-5fe0-8476-816fd1bf7a3d,,8469f799-0d87-44b4-84e9-b18f6a443ba3,savings_deposit,500,2026-01-11,Imported from ter 2018 (Ethiopian) collection sheet
dd778c83-5f65-52f2-862e-f019f92f94e5,48f8809b-e76b-5fe0-8476-816fd1bf7a3d,,8469f799-0d87-44b4-84e9-b18f6a443ba3,share_purchase,300,2026-01-11,Imported from ter 2018 (Ethiopian) collection sheet
e37b0101-3af6-5948-906c-5b67e23d0840,153d50f3-26e2-5d61-bf34-38615c211570,,8469f799-0d87-44b4-84e9-b18f6a443ba3,savings_deposit,996,2026-01-11,Imported from ter 2018 (Ethiopian) collection sheet
a6526e02-1621-57d9-ae88-936ca411c961,e5b336ba-b0f3-55b3-8c80-2558ac0e5303,,8469f799-0d87-44b4-84e9-b18f6a443ba3,savings_deposit,860,2026-01-11,Imported from ter 2018 (Ethiopian) collection sheet
f3621dfc-320d-581d-a470-70299820a4b1,74de8801-16da-5088-ac85-37183499a068,,8469f799-0d87-44b4-84e9-b18f6a443ba3,savings_deposit,29,2026-01-11,Imported from ter 2018 (Ethiopian) collection sheet
d680ee56-858c-546c-bfdc-c0b72e0a1266,74de8801-16da-5088-ac85-37183499a068,,8469f799-0d87-44b4-84e9-b18f6a443ba3,penalty_payment,243,2026-01-11,Imported from ter 2018 (Ethiopian) collection sheet
2df8354e-2ecf-5693-9041-1886b6268c38,931b0746-94f4-5576-8f61-cae6f5f4e9fb,,8469f799-0d87-44b4-84e9-b18f6a443ba3,savings_deposit,500,2026-01-11,Imported from ter 2018 (Ethiopian) collection sheet
c0e016c3-1c2b-5d35-9305-65edee4707a4,a3d64128-76ea-59ec-b4bc-75f491ee497a,,8469f799-0d87-44b4-84e9-b18f6a443ba3,savings_deposit,200,2026-01-11,Imported from ter 2018 (Ethiopian) collection sheet
c246e510-a824-57e9-8441-b2029460a793,a3d64128-76ea-59ec-b4bc-75f491ee497a,,8469f799-0d87-44b4-84e9-b18f6a443ba3,penalty_payment,100,2026-01-11,Imported from ter 2018 (Ethiopian) collection sheet
119ff4b7-e6e6-501b-8303-a31aa1a12b43,53ff7ea7-b493-5696-ac33-638e20ed23d6,,8469f799-0d87-44b4-84e9-b18f6a443ba3,savings_deposit,300,2026-01-11,Imported from ter 2018 (Ethiopian) collection sheet
cb7f09cb-1e82-5d76-bb50-0fc747a2e4a6,40f55d53-b6d1-5f39-87c3-7a1f51dba41f,,8469f799-0d87-44b4-84e9-b18f6a443ba3,savings_deposit,1000,2026-01-11,Imported from ter 2018 (Ethiopian) collection sheet
5ab9543c-014b-52cb-94d6-b6a772dcc0ae,190f76d1-882b-54af-a156-bf8336cf47bc,,8469f799-0d87-44b4-84e9-b18f6a443ba3,savings_deposit,500,2026-01-11,Imported from ter 2018 (Ethiopian) collection sheet
2c558f2c-29ef-5483-a86c-073a872aad34,2a9148cc-142c-550b-b7ba-dc80a11f4914,,8469f799-0d87-44b4-84e9-b18f6a443ba3,savings_deposit,500,2026-01-11,Imported from ter 2018 (Ethiopian) collection sheet
c31cb74e-2a28-524c-a1dc-c06f048a5be1,2a9148cc-142c-550b-b7ba-dc80a11f4914,,8469f799-0d87-44b4-84e9-b18f6a443ba3,share_purchase,500,2026-01-11,Imported from ter 2018 (Ethiopian) collection sheet
ff6e2105-6b6b-5acc-ba3a-064de43486c1,063b4232-a6e8-5c72-8949-eac343337d09,,8469f799-0d87-44b4-84e9-b18f6a443ba3,savings_deposit,500,2026-01-11,Imported from ter 2018 (Ethiopian) collection sheet
1714c056-a715-53cd-86e8-25769f38f0b5,e2583ea5-bea6-58c0-88f9-1dd731746ec6,,8469f799-0d87-44b4-84e9-b18f6a443ba3,savings_deposit,996,2026-01-11,Imported from ter 2018 (Ethiopian) collection sheet
f7530922-c90b-5aeb-b3ea-a647e259008f,e2583ea5-bea6-58c0-88f9-1dd731746ec6,,8469f799-0d87-44b4-84e9-b18f6a443ba3,share_purchase,1500,2026-01-11,Imported from ter 2018 (Ethiopian) collection sheet
02012382-60c6-5ad3-92de-218f4b2d0faa,e2583ea5-bea6-58c0-88f9-1dd731746ec6,,8469f799-0d87-44b4-84e9-b18f6a443ba3,penalty_payment,104,2026-01-11,Imported from ter 2018 (Ethiopian) collection sheet
d565dfe3-f4ee-5f6d-ab59-8fe09571e6b6,291b70c1-e4ab-514f-a557-232a75feb979,,8469f799-0d87-44b4-84e9-b18f6a443ba3,savings_deposit,1000,2026-01-11,Imported from ter 2018 (Ethiopian) collection sheet
7f318fcd-72cb-5e71-b38a-1156db6ab296,234ef2cd-10db-5e9f-b1a9-c0696ebce40d,,8469f799-0d87-44b4-84e9-b18f6a443ba3,savings_deposit,1000,2026-01-11,Imported from ter 2018 (Ethiopian) collection sheet
6a7fee68-526b-56df-aae7-b4b0686d9b2c,ed85c919-5c3b-5eb4-95c8-b11e7698c38d,,8469f799-0d87-44b4-84e9-b18f6a443ba3,savings_deposit,500,2026-01-11,Imported from ter 2018 (Ethiopian) collection sheet
9fa541dc-45a7-548c-9ef5-02937737abbf,8c7cc508-4acf-5805-95a1-d2256303fc96,,8469f799-0d87-44b4-84e9-b18f6a443ba3,savings_deposit,500,2026-01-11,Imported from ter 2018 (Ethiopian) collection sheet
65d786dc-367f-52bb-970a-38f1898fd4bc,8c7cc508-4acf-5805-95a1-d2256303fc96,,8469f799-0d87-44b4-84e9-b18f6a443ba3,penalty_payment,150,2026-01-11,Imported from ter 2018 (Ethiopian) collection sheet
81265fa2-57db-57f5-8e94-e2a3d6a170f9,c0ec6910-d9a3-55c0-a9e2-a88a91225030,,8469f799-0d87-44b4-84e9-b18f6a443ba3,savings_deposit,585,2026-01-11,Imported from ter 2018 (Ethiopian) collection sheet
ba22d053-9863-5edf-92b2-e0c7518dcb80,c0ec6910-d9a3-55c0-a9e2-a88a91225030,,8469f799-0d87-44b4-84e9-b18f6a443ba3,share_purchase,500,2026-01-11,Imported from ter 2018 (Ethiopian) collection sheet
3e4a5174-3646-51e2-8b42-1f18f0b5c0e1,c0ec6910-d9a3-55c0-a9e2-a88a91225030,,8469f799-0d87-44b4-84e9-b18f6a443ba3,penalty_payment,113,2026-01-11,Imported from ter 2018 (Ethiopian) collection sheet
ca9b9d07-cf1c-52b0-98d9-dfc789bbc196,3061b4b5-43d6-5a2f-bc12-e65c7d0b2a07,,8469f799-0d87-44b4-84e9-b18f6a443ba3,savings_deposit,580,2026-01-11,Imported from ter 2018 (Ethiopian) collection sheet
085b59e5-0cdc-5b57-b0fc-f7a2f295fce7,46482174-29d4-5343-8060-527c13d865f2,,8469f799-0d87-44b4-84e9-b18f6a443ba3,savings_deposit,1000,2026-01-11,Imported from ter 2018 (Ethiopian) collection sheet
2b3064e2-45e7-5e86-abcf-3f6b132d0fe9,5ddc26e5-de48-59a0-83d7-94f66b9e4603,,8469f799-0d87-44b4-84e9-b18f6a443ba3,savings_deposit,1000,2026-01-11,Imported from ter 2018 (Ethiopian) collection sheet
522356db-60ef-56df-bcc3-0e01397ec081,5ddc26e5-de48-59a0-83d7-94f66b9e4603,,8469f799-0d87-44b4-84e9-b18f6a443ba3,share_purchase,1000,2026-01-11,Imported from ter 2018 (Ethiopian) collection sheet
b39669f0-bdfa-56ee-85e4-b09d30bb679b,f34fe5ba-00a1-513e-ba67-47de67cfb5e0,,8469f799-0d87-44b4-84e9-b18f6a443ba3,savings_deposit,500,2026-01-11,Imported from ter 2018 (Ethiopian) collection sheet
dfa0b52b-227a-5249-a75b-91383680f191,5cce1f82-3f5e-5e69-920e-b32eba9c0204,,8469f799-0d87-44b4-84e9-b18f6a443ba3,savings_deposit,500,2026-01-11,Imported from ter 2018 (Ethiopian) collection sheet
50b71d2b-0668-56eb-aa0a-bc15892add1f,45af6e13-a8f4-56f2-8ef9-b73c7dd5cdd1,,8469f799-0d87-44b4-84e9-b18f6a443ba3,savings_deposit,299,2026-01-11,Imported from ter 2018 (Ethiopian) collection sheet
93642bcb-5427-5690-89a2-fdda2b065dd2,b26cc191-dfba-5022-9572-99257f2fd021,,8469f799-0d87-44b4-84e9-b18f6a443ba3,savings_deposit,600,2026-01-11,Imported from ter 2018 (Ethiopian) collection sheet
37595ed8-9f39-5395-9522-a728287ceeba,b26cc191-dfba-5022-9572-99257f2fd021,,8469f799-0d87-44b4-84e9-b18f6a443ba3,penalty_payment,50,2026-01-11,Imported from ter 2018 (Ethiopian) collection sheet
8cf5209c-9cba-528a-a845-ba9517034652,f1f985d6-f79a-5a7e-9417-a15eac7249c0,,8469f799-0d87-44b4-84e9-b18f6a443ba3,savings_deposit,1000,2026-01-11,Imported from ter 2018 (Ethiopian) collection sheet
58468139-51e5-54f5-a632-7f53af64950d,fa2151db-7eef-5c30-9e07-8de3985ca350,,8469f799-0d87-44b4-84e9-b18f6a443ba3,savings_deposit,799,2026-01-11,Imported from ter 2018 (Ethiopian) collection sheet
f0c5021b-c3d3-5163-b765-be86ac363db1,57956ee2-c849-545e-b15b-4724a8b68210,,8469f799-0d87-44b4-84e9-b18f6a443ba3,savings_deposit,300,2026-01-11,Imported from ter 2018 (Ethiopian) collection sheet
6f73e9f6-280c-5c8b-86b2-f744e093d443,3d0bbb7f-ffd0-58b8-a762-659e62ff49c6,,8469f799-0d87-44b4-84e9-b18f6a443ba3,savings_deposit,300,2026-01-11,Imported from ter 2018 (Ethiopian) collection sheet
5be6de35-481b-599c-8e45-c0ab94c2f744,3d0bbb7f-ffd0-58b8-a762-659e62ff49c6,,8469f799-0d87-44b4-84e9-b18f6a443ba3,share_purchase,500,2026-01-11,Imported from ter 2018 (Ethiopian) collection sheet
cdad6fcf-5ea9-532d-995a-9374e291d0a5,851c52ee-df4c-5558-bf08-b4d8183abfa5,,8469f799-0d87-44b4-84e9-b18f6a443ba3,savings_deposit,916,2026-01-11,Imported from ter 2018 (Ethiopian) collection sheet
836e8f2e-081c-54c2-b44b-8fedfd29192c,7c5ca725-9ded-56ac-b940-fac936b46282,,8469f799-0d87-44b4-84e9-b18f6a443ba3,savings_deposit,360,2026-01-11,Imported from ter 2018 (Ethiopian) collection sheet
7e942ffb-e62e-55e5-990f-eac922445569,aad6fb2e-75fe-52ed-b422-b6f3666b5d3e,,8469f799-0d87-44b4-84e9-b18f6a443ba3,savings_deposit,1000,2026-01-11,Imported from ter 2018 (Ethiopian) collection sheet
b60ebf6c-37c1-5c21-99af-01e2249aa247,aad6fb2e-75fe-52ed-b422-b6f3666b5d3e,,8469f799-0d87-44b4-84e9-b18f6a443ba3,share_purchase,1300,2026-01-11,Imported from ter 2018 (Ethiopian) collection sheet
3d0acaae-28ff-5599-89ba-028ace4b4518,36fd29c5-a786-5484-b733-86fbfe2c1184,,8469f799-0d87-44b4-84e9-b18f6a443ba3,savings_deposit,500,2026-01-11,Imported from ter 2018 (Ethiopian) collection sheet
91b770fb-ee06-506b-877a-e44e80cf1cb0,455b7b7c-a0ec-5e51-9939-03896ecd0f48,,8469f799-0d87-44b4-84e9-b18f6a443ba3,savings_deposit,300,2026-01-11,Imported from ter 2018 (Ethiopian) collection sheet
8f4c04c3-992b-5ecb-a4e1-d0d98dc7a90f,92ece406-1c58-5c89-ab67-c39497211f35,,8469f799-0d87-44b4-84e9-b18f6a443ba3,savings_deposit,900,2026-01-11,Imported from ter 2018 (Ethiopian) collection sheet
37d38575-3fa3-5698-a2f5-1af0a96f650a,92ece406-1c58-5c89-ab67-c39497211f35,,8469f799-0d87-44b4-84e9-b18f6a443ba3,penalty_payment,100,2026-01-11,Imported from ter 2018 (Ethiopian) collection sheet
dbdbb83d-c96a-5487-a5cd-df373371b9cc,ad62a251-c5c5-57dd-8560-f3108d7e018d,,8469f799-0d87-44b4-84e9-b18f6a443ba3,savings_deposit,900,2026-01-11,Imported from ter 2018 (Ethiopian) collection sheet
4b355aa2-ca69-5757-ad79-170f7b1dd562,ad62a251-c5c5-57dd-8560-f3108d7e018d,,8469f799-0d87-44b4-84e9-b18f6a443ba3,penalty_payment,100,2026-01-11,Imported from ter 2018 (Ethiopian) collection sheet
0123a325-44ff-5cc6-bc9d-c2f1910d2a35,a53169c6-8855-52ab-958f-9f12cb9a5575,,8469f799-0d87-44b4-84e9-b18f6a443ba3,savings_deposit,200,2026-01-11,Imported from ter 2018 (Ethiopian) collection sheet
5489d230-2dc5-563d-a479-0cbb212fdda7,a53169c6-8855-52ab-958f-9f12cb9a5575,,8469f799-0d87-44b4-84e9-b18f6a443ba3,penalty_payment,100,2026-01-11,Imported from ter 2018 (Ethiopian) collection sheet
9d023717-2855-5cd6-a6fb-8eab6937d7cf,b3753ad4-8917-51cb-bcf2-00be4a652cf5,,8469f799-0d87-44b4-84e9-b18f6a443ba3,savings_deposit,401,2026-01-11,Imported from ter 2018 (Ethiopian) collection sheet
7d23a858-c208-55ae-9287-728c59a71690,4eddb914-b607-5910-8203-d43303149149,,8469f799-0d87-44b4-84e9-b18f6a443ba3,savings_deposit,1232,2026-01-11,Imported from ter 2018 (Ethiopian) collection sheet
42427c12-8282-54e1-9d05-29dee4b8b24c,e80494f0-91cb-543b-a13a-cf7a4d60e8b2,,8469f799-0d87-44b4-84e9-b18f6a443ba3,savings_deposit,2000,2026-01-11,Imported from ter 2018 (Ethiopian) collection sheet
c13dffc2-41d1-5b3d-9a11-295dc4b779d0,29989b23-a726-57ee-a9c9-47185b8fec11,,8469f799-0d87-44b4-84e9-b18f6a443ba3,savings_deposit,400,2026-01-11,Imported from ter 2018 (Ethiopian) collection sheet
b30b1c8c-3f1d-580d-ac42-5151e2ce7dbc,29989b23-a726-57ee-a9c9-47185b8fec11,,8469f799-0d87-44b4-84e9-b18f6a443ba3,penalty_payment,100,2026-01-11,Imported from ter 2018 (Ethiopian) collection sheet
50ee6e4b-f8b4-52ec-bdef-9175e1402a23,0a763b72-8599-5994-a69c-29167da29bf0,,8469f799-0d87-44b4-84e9-b18f6a443ba3,savings_deposit,300,2026-01-11,Imported from ter 2018 (Ethiopian) collection sheet
8598026b-41fa-55d3-96ef-3a27fa887f19,39b48c41-03c3-5fbf-a867-a7f46fa34122,,8469f799-0d87-44b4-84e9-b18f6a443ba3,savings_deposit,300,2026-01-11,Imported from ter 2018 (Ethiopian) collection sheet
dca7fcdf-c315-5a6f-ae25-84f8cbb5fb56,ca334b3d-3acd-52a7-983e-ec5b0e203b72,,8469f799-0d87-44b4-84e9-b18f6a443ba3,savings_deposit,1044,2026-01-11,Imported from ter 2018 (Ethiopian) collection sheet
2dabcac2-a16a-5984-bb28-9a35791ee69f,3c2609c2-54e1-5a48-9a86-1bc3e84f3051,,8469f799-0d87-44b4-84e9-b18f6a443ba3,savings_deposit,2000,2026-01-11,Imported from ter 2018 (Ethiopian) collection sheet
96d3c5a7-fadd-512c-99e1-b5682b94cfe0,125f3d29-ba17-5171-83d2-afeea46bbc03,,8469f799-0d87-44b4-84e9-b18f6a443ba3,savings_deposit,299,2026-01-11,Imported from ter 2018 (Ethiopian) collection sheet
09eb89b8-0ea6-56f5-93ff-81c202566f58,1a488e67-9018-5d60-b55e-10337a44cc31,,8469f799-0d87-44b4-84e9-b18f6a443ba3,savings_deposit,500,2026-01-11,Imported from ter 2018 (Ethiopian) collection sheet
8cbbfcb7-6e25-5624-ab5c-d6ac249f4209,8032a0c2-dae9-57ba-86fc-1a9d80962ddf,,8469f799-0d87-44b4-84e9-b18f6a443ba3,savings_deposit,999,2026-01-11,Imported from ter 2018 (Ethiopian) collection sheet
057dac0d-9e1a-5573-ac65-709a4f94091c,71f4c2a5-fe70-5477-a35d-3ffbef658197,,8469f799-0d87-44b4-84e9-b18f6a443ba3,savings_deposit,1000,2026-01-11,Imported from ter 2018 (Ethiopian) collection sheet
2b3ddedd-be30-5e56-a27d-cc94543cfe2e,71f4c2a5-fe70-5477-a35d-3ffbef658197,,8469f799-0d87-44b4-84e9-b18f6a443ba3,share_purchase,434,2026-01-11,Imported from ter 2018 (Ethiopian) collection sheet
7596cc87-749f-56f8-a42b-5fa0de5ae7f5,71f4c2a5-fe70-5477-a35d-3ffbef658197,,8469f799-0d87-44b4-84e9-b18f6a443ba3,penalty_payment,100,2026-01-11,Imported from ter 2018 (Ethiopian) collection sheet
6f5c52ad-1262-582b-90f9-2cf3c8288ad9,f2f1058c-5d30-5571-8877-d28487edbe16,,8469f799-0d87-44b4-84e9-b18f6a443ba3,savings_deposit,404,2026-01-11,Imported from ter 2018 (Ethiopian) collection sheet
bd432c49-4639-5e12-b0f9-429578c4111c,f2f1058c-5d30-5571-8877-d28487edbe16,,8469f799-0d87-44b4-84e9-b18f6a443ba3,penalty_payment,100,2026-01-11,Imported from ter 2018 (Ethiopian) collection sheet
b7e0979e-edc9-54ff-a424-03ee1522ab5e,34dd36a5-118a-5e12-a67f-3b49d921bb51,,8469f799-0d87-44b4-84e9-b18f6a443ba3,savings_deposit,1000,2026-01-11,Imported from ter 2018 (Ethiopian) collection sheet
faeefc89-7ae2-576a-af0d-446261859572,6f5c0e57-34ab-5a5f-9d91-ae406320fc26,,8469f799-0d87-44b4-84e9-b18f6a443ba3,savings_deposit,1000,2026-01-11,Imported from ter 2018 (Ethiopian) collection sheet
724af6b3-01ad-5eb7-b853-8b2011a42011,8cd9b157-768a-527a-90b5-2d0d4628c94a,,8469f799-0d87-44b4-84e9-b18f6a443ba3,savings_deposit,400,2026-01-11,Imported from ter 2018 (Ethiopian) collection sheet
c6a17b2f-00ef-55c8-8227-4460c13f7964,8cd9b157-768a-527a-90b5-2d0d4628c94a,,8469f799-0d87-44b4-84e9-b18f6a443ba3,penalty_payment,100,2026-01-11,Imported from ter 2018 (Ethiopian) collection sheet
202058d9-3642-5dd0-95ef-3e04da364246,354b4c37-2e0b-5f50-923f-75e9c0064233,,8469f799-0d87-44b4-84e9-b18f6a443ba3,savings_deposit,500,2026-01-11,Imported from ter 2018 (Ethiopian) collection sheet
5a07a42d-2075-5f5f-bebf-5440dfbf68ad,977128b0-a9c7-513f-8db5-812416bc280f,,8469f799-0d87-44b4-84e9-b18f6a443ba3,savings_deposit,632,2026-01-11,Imported from ter 2018 (Ethiopian) collection sheet
a3539b23-77b0-5ccd-b9cb-f5697ec64fd1,a1f289ae-ae47-540a-9fe1-8887c6c02727,,8469f799-0d87-44b4-84e9-b18f6a443ba3,savings_deposit,32,2026-01-11,Imported from ter 2018 (Ethiopian) collection sheet
ba61fe2d-0f42-5aa5-b5a8-039794130a12,a1f289ae-ae47-540a-9fe1-8887c6c02727,,8469f799-0d87-44b4-84e9-b18f6a443ba3,penalty_payment,100,2026-01-11,Imported from ter 2018 (Ethiopian) collection sheet
3f307f15-2eec-5a02-a765-1b6f116eda14,f4d3c897-4e25-51d1-bd31-b5266a7f6180,,8469f799-0d87-44b4-84e9-b18f6a443ba3,savings_deposit,499,2026-01-11,Imported from ter 2018 (Ethiopian) collection sheet
4b46a310-2365-5f24-a2ff-b42682b9ebc0,cd0872ad-8f7d-5a15-b293-edc89f474de3,,8469f799-0d87-44b4-84e9-b18f6a443ba3,savings_deposit,699,2026-01-11,Imported from ter 2018 (Ethiopian) collection sheet
f8d991c7-950d-5313-87d8-fe5c2b5178db,2e5e1ac8-b2fe-5bd4-a1e3-f4032579bda0,,8469f799-0d87-44b4-84e9-b18f6a443ba3,savings_deposit,500,2026-01-11,Imported from ter 2018 (Ethiopian) collection sheet
1c8c2cb4-0073-55f0-8866-7d196fa022de,10f1f992-35ba-5068-a0f7-9f831a267ccb,,8469f799-0d87-44b4-84e9-b18f6a443ba3,savings_deposit,1003,2026-01-11,Imported from ter 2018 (Ethiopian) collection sheet
6f341e06-29a6-52dc-86e8-5791424ff57d,051eb74f-3bea-595a-a4dc-f08b2b9bf711,,8469f799-0d87-44b4-84e9-b18f6a443ba3,savings_deposit,500,2026-01-11,Imported from ter 2018 (Ethiopian) collection sheet
d8575a42-c776-5dbb-81c4-a69608b5f843,051eb74f-3bea-595a-a4dc-f08b2b9bf711,,8469f799-0d87-44b4-84e9-b18f6a443ba3,share_purchase,1216,2026-01-11,Imported from ter 2018 (Ethiopian) collection sheet
b96a534c-03d5-5051-99d5-f9999a5fe5d0,4eed4f71-e460-5a5b-9916-34719987c2aa,,8469f799-0d87-44b4-84e9-b18f6a443ba3,savings_deposit,1000,2026-01-11,Imported from ter 2018 (Ethiopian) collection sheet
57287d34-6fd0-5b1f-a8db-596a27b1eabf,3d152d6f-ed5b-5cce-82c4-f386a9ee0ce4,,8469f799-0d87-44b4-84e9-b18f6a443ba3,savings_deposit,330,2026-01-11,Imported from ter 2018 (Ethiopian) collection sheet
d9cc0966-527f-51ce-beb1-3d0eb0df1363,54dcf52c-ffc8-508a-83e0-26063fb2621a,,8469f799-0d87-44b4-84e9-b18f6a443ba3,savings_deposit,499,2026-01-11,Imported from ter 2018 (Ethiopian) collection sheet
2d520f6f-c4a8-59aa-a7be-f7dabee06f75,c8989434-079a-5278-9c33-cac561d3427a,,8469f799-0d87-44b4-84e9-b18f6a443ba3,savings_deposit,300,2026-01-11,Imported from ter 2018 (Ethiopian) collection sheet
38de9de4-adac-54c1-b3a0-1a8251fdb49e,c8989434-079a-5278-9c33-cac561d3427a,,8469f799-0d87-44b4-84e9-b18f6a443ba3,share_purchase,2620,2026-01-11,Imported from ter 2018 (Ethiopian) collection sheet
07aa18f6-3ba5-5663-8ebd-9dccfd6b9e81,0a09f5ef-5adc-5dbb-b71c-6ea36ec43987,,8469f799-0d87-44b4-84e9-b18f6a443ba3,savings_deposit,1000,2026-01-11,Imported from ter 2018 (Ethiopian) collection sheet
717d2beb-6c11-51c5-89a7-3c351118c2d8,2f80699b-30f8-50d9-b2c6-484d7f9dc1ec,,8469f799-0d87-44b4-84e9-b18f6a443ba3,savings_deposit,200,2026-01-11,Imported from ter 2018 (Ethiopian) collection sheet
f994a685-e102-5b3a-b640-7c6bd27b497b,2f80699b-30f8-50d9-b2c6-484d7f9dc1ec,,8469f799-0d87-44b4-84e9-b18f6a443ba3,penalty_payment,100,2026-01-11,Imported from ter 2018 (Ethiopian) collection sheet
d5e9a5ee-46ee-51f3-a07f-279bba1da017,170f7791-7bf0-577c-a043-64fb779a31d9,,8469f799-0d87-44b4-84e9-b18f6a443ba3,savings_deposit,2000,2026-01-11,Imported from ter 2018 (Ethiopian) collection sheet
264bea6e-5ca6-542b-a2fe-149c99d77121,170f7791-7bf0-577c-a043-64fb779a31d9,,8469f799-0d87-44b4-84e9-b18f6a443ba3,share_purchase,1000,2026-01-11,Imported from ter 2018 (Ethiopian) collection sheet
7607f3b4-519f-54c6-b3a6-e7a62d010be3,170f7791-7bf0-577c-a043-64fb779a31d9,,8469f799-0d87-44b4-84e9-b18f6a443ba3,penalty_payment,50,2026-01-11,Imported from ter 2018 (Ethiopian) collection sheet
9de3f7fc-6d44-51ec-b26e-49b554a9e987,00996b02-5241-589e-aeb7-425449f40eb8,,8469f799-0d87-44b4-84e9-b18f6a443ba3,savings_deposit,1000,2026-01-11,Imported from ter 2018 (Ethiopian) collection sheet
fbf4754c-247f-531c-8a3e-6a7e61a315a2,00996b02-5241-589e-aeb7-425449f40eb8,,8469f799-0d87-44b4-84e9-b18f6a443ba3,share_purchase,1000,2026-01-11,Imported from ter 2018 (Ethiopian) collection sheet
99f6d544-7364-56a6-8dc7-4330bbb2cdc2,beb33a9f-37f1-5872-8cb9-1e26996f8407,,8469f799-0d87-44b4-84e9-b18f6a443ba3,savings_deposit,500,2026-01-11,Imported from ter 2018 (Ethiopian) collection sheet
b7b0ef46-ef49-5f22-a21f-1f7139e10c4a,76f88045-5002-5b6e-9681-43b735316605,,8469f799-0d87-44b4-84e9-b18f6a443ba3,savings_deposit,575,2026-01-11,Imported from ter 2018 (Ethiopian) collection sheet
6b4c62ac-c673-5682-8aa8-d7ab12b076e4,bdb182bc-d9f0-5a24-932e-123d5da6612b,,8469f799-0d87-44b4-84e9-b18f6a443ba3,savings_deposit,200,2026-01-11,Imported from ter 2018 (Ethiopian) collection sheet
f8565c01-151c-58af-be7a-25306ebe6694,bdb182bc-d9f0-5a24-932e-123d5da6612b,,8469f799-0d87-44b4-84e9-b18f6a443ba3,penalty_payment,100,2026-01-11,Imported from ter 2018 (Ethiopian) collection sheet
2397e99a-035a-55fb-b66d-c08851ea2082,991e35bc-30fb-5dc8-ac2b-8018c60eddb2,,8469f799-0d87-44b4-84e9-b18f6a443ba3,savings_deposit,400,2026-01-11,Imported from ter 2018 (Ethiopian) collection sheet
e4012cfe-3149-5a74-a150-d3c6d61b1b8b,991e35bc-30fb-5dc8-ac2b-8018c60eddb2,,8469f799-0d87-44b4-84e9-b18f6a443ba3,penalty_payment,100,2026-01-11,Imported from ter 2018 (Ethiopian) collection sheet
4c7d1ded-f2b0-56c4-957f-4548e9e78544,62734299-08da-5759-bcec-2ee0c758799c,,8469f799-0d87-44b4-84e9-b18f6a443ba3,savings_deposit,301,2026-01-11,Imported from ter 2018 (Ethiopian) collection sheet
b21300c1-24ae-558b-9a6d-6a8ae1a3ed2b,657f1680-7a2b-5bac-8c63-4b8e6d343813,,8469f799-0d87-44b4-84e9-b18f6a443ba3,savings_deposit,499,2026-01-11,Imported from ter 2018 (Ethiopian) collection sheet
27341537-d9a4-5e49-a8a6-b77c9522cad4,869176ce-c515-5353-b0dd-d5925b52340d,,8469f799-0d87-44b4-84e9-b18f6a443ba3,savings_deposit,300,2026-01-11,Imported from ter 2018 (Ethiopian) collection sheet
a38c4388-9b7b-5f07-b982-58aac0725ed3,3bbb05b3-76ad-58f1-891b-6777e08fe734,,8469f799-0d87-44b4-84e9-b18f6a443ba3,savings_deposit,500,2026-01-11,Imported from ter 2018 (Ethiopian) collection sheet
68bd2152-8f98-577f-b8f3-ab134b40c516,f4772095-a982-5f67-9483-de5bd0269aa2,,8469f799-0d87-44b4-84e9-b18f6a443ba3,savings_deposit,700,2026-01-11,Imported from ter 2018 (Ethiopian) collection sheet
e8cdd2d6-902a-5c3d-b7f4-0d6a19593f98,b1242fc4-085a-59d9-bd25-3d53db393a95,,8469f799-0d87-44b4-84e9-b18f6a443ba3,savings_deposit,300,2026-01-11,Imported from ter 2018 (Ethiopian) collection sheet
c1ae4c1b-3794-5178-9ffb-7810903c20ab,73e6cb68-bbf3-5dd1-84d3-1cba1163b07f,,8469f799-0d87-44b4-84e9-b18f6a443ba3,savings_deposit,300,2026-01-11,Imported from ter 2018 (Ethiopian) collection sheet
bdb003c2-a5cd-5e05-9b4a-f2aca7184723,a4356662-e458-54c8-9ee5-b90949d068cd,,8469f799-0d87-44b4-84e9-b18f6a443ba3,savings_deposit,500,2026-01-11,Imported from ter 2018 (Ethiopian) collection sheet
e5454ca6-4062-5095-86c0-770fb3d27b3c,72a8896e-535f-58b2-9a53-39bcdd203fce,,8469f799-0d87-44b4-84e9-b18f6a443ba3,savings_deposit,300,2026-01-11,Imported from ter 2018 (Ethiopian) collection sheet
e5fd7348-2676-50c5-8a2f-2e13ab303a2d,a6ebd1b9-8689-5540-b5c3-376f9dc47bdb,,8469f799-0d87-44b4-84e9-b18f6a443ba3,savings_deposit,1000,2026-01-11,Imported from ter 2018 (Ethiopian) collection sheet
e5c39f3e-37c3-500e-a63e-1cfe96fc0fa4,60c2f8aa-0358-56b0-9984-d4186f05f767,,8469f799-0d87-44b4-84e9-b18f6a443ba3,savings_deposit,360,2026-01-11,Imported from ter 2018 (Ethiopian) collection sheet
d4ce26f0-4220-544a-807d-d301ad44f741,60c2f8aa-0358-56b0-9984-d4186f05f767,,8469f799-0d87-44b4-84e9-b18f6a443ba3,penalty_payment,100,2026-01-11,Imported from ter 2018 (Ethiopian) collection sheet
f302dda5-be61-5a12-b60e-d192cf3b9aab,cb6fbfe0-6561-5ae8-abb0-22e11f38b62b,,8469f799-0d87-44b4-84e9-b18f6a443ba3,savings_deposit,500,2026-01-11,Imported from ter 2018 (Ethiopian) collection sheet
74c13aed-aa72-52ba-9469-4daef41f1a70,c25c27a2-8d3d-5fa4-99d5-1712bde7ef39,,8469f799-0d87-44b4-84e9-b18f6a443ba3,savings_deposit,1000,2026-01-11,Imported from ter 2018 (Ethiopian) collection sheet
1aaa0c9d-25a8-5789-bcd0-b2d3d2cdb9aa,c25c27a2-8d3d-5fa4-99d5-1712bde7ef39,,8469f799-0d87-44b4-84e9-b18f6a443ba3,share_purchase,796,2026-01-11,Imported from ter 2018 (Ethiopian) collection sheet
1a7ef826-419a-5451-acfa-3a12dc4786d2,c25c27a2-8d3d-5fa4-99d5-1712bde7ef39,,8469f799-0d87-44b4-84e9-b18f6a443ba3,penalty_payment,104,2026-01-11,Imported from ter 2018 (Ethiopian) collection sheet
88041100-fb65-504e-887f-b6be252d010a,1ad8f71e-4f15-52fb-8ad6-158e2ccac339,,8469f799-0d87-44b4-84e9-b18f6a443ba3,savings_deposit,500,2026-01-11,Imported from ter 2018 (Ethiopian) collection sheet
a6b31851-facd-56f6-be96-9a745e944728,1ad8f71e-4f15-52fb-8ad6-158e2ccac339,,8469f799-0d87-44b4-84e9-b18f6a443ba3,share_purchase,500,2026-01-11,Imported from ter 2018 (Ethiopian) collection sheet
a4ac9f58-843c-5f11-b1bd-0c7c12ce19b7,f76d7cab-6a2e-5d14-89da-26ccafbd3be0,,8469f799-0d87-44b4-84e9-b18f6a443ba3,savings_deposit,500,2026-01-11,Imported from ter 2018 (Ethiopian) collection sheet
de4dc5f5-f4b0-59af-a3dd-67d469aa4156,fc4352be-369e-5598-8274-98a6cae1f207,,8469f799-0d87-44b4-84e9-b18f6a443ba3,savings_deposit,500,2026-01-11,Imported from ter 2018 (Ethiopian) collection sheet
88b4f434-e081-5855-95b5-db91166e0dc6,c3a66182-f9eb-55b0-a3f4-fe924a4dec95,,8469f799-0d87-44b4-84e9-b18f6a443ba3,savings_deposit,400,2026-01-11,Imported from ter 2018 (Ethiopian) collection sheet
c1f356e9-fc1f-5933-acb7-aca26d4ba506,c3a66182-f9eb-55b0-a3f4-fe924a4dec95,,8469f799-0d87-44b4-84e9-b18f6a443ba3,penalty_payment,100,2026-01-11,Imported from ter 2018 (Ethiopian) collection sheet
4c7573be-24a0-5a3d-84ec-31557c962727,75f95f5d-bdcc-5624-9532-315ba2d8cf68,,8469f799-0d87-44b4-84e9-b18f6a443ba3,savings_deposit,300,2026-01-11,Imported from ter 2018 (Ethiopian) collection sheet
5247d746-6bae-5ef5-bc1b-125107974192,d3faf4eb-9546-5aa9-9995-1d985500ac16,,8469f799-0d87-44b4-84e9-b18f6a443ba3,savings_deposit,500,2026-01-11,Imported from ter 2018 (Ethiopian) collection sheet
35bd5726-7519-5f19-b3de-624e3f89821f,d3faf4eb-9546-5aa9-9995-1d985500ac16,,8469f799-0d87-44b4-84e9-b18f6a443ba3,share_purchase,500,2026-01-11,Imported from ter 2018 (Ethiopian) collection sheet
81ab9c76-daca-5b3a-b747-ec9f0ca3f377,6c8bee9a-74b1-5e90-afac-e0a6e165fcef,,8469f799-0d87-44b4-84e9-b18f6a443ba3,savings_deposit,300,2026-01-11,Imported from ter 2018 (Ethiopian) collection sheet
73125a71-d7d8-525d-a2c3-5dee4c9611ed,6c8bee9a-74b1-5e90-afac-e0a6e165fcef,,8469f799-0d87-44b4-84e9-b18f6a443ba3,share_purchase,1700,2026-01-11,Imported from ter 2018 (Ethiopian) collection sheet
4a6de123-c39a-5225-9857-fce352ccabaa,53198375-0834-5854-95d3-f14812d02e9f,,8469f799-0d87-44b4-84e9-b18f6a443ba3,savings_deposit,500,2026-01-11,Imported from ter 2018 (Ethiopian) collection sheet
62b36321-31ab-5053-be3e-78de3e7ac08a,53198375-0834-5854-95d3-f14812d02e9f,,8469f799-0d87-44b4-84e9-b18f6a443ba3,share_purchase,2000,2026-01-11,Imported from ter 2018 (Ethiopian) collection sheet
a117ed0f-c578-5eeb-8de5-078c8b2fae6a,653a7e72-171e-5a5b-a8bc-a744f16e7542,,8469f799-0d87-44b4-84e9-b18f6a443ba3,savings_deposit,1000,2026-01-11,Imported from ter 2018 (Ethiopian) collection sheet
a7157b88-0c34-57f2-a2d9-c46e0af7c7f9,653a7e72-171e-5a5b-a8bc-a744f16e7542,,8469f799-0d87-44b4-84e9-b18f6a443ba3,share_purchase,1000,2026-01-11,Imported from ter 2018 (Ethiopian) collection sheet
e1f0c2e8-ffd2-52e1-9589-1b1d3df88245,439dca62-e8ee-5687-96ba-ed76048724b5,,8469f799-0d87-44b4-84e9-b18f6a443ba3,savings_deposit,400,2026-01-11,Imported from ter 2018 (Ethiopian) collection sheet
ebb760f9-8432-5ef6-9b28-6ea2bcd7e65c,439dca62-e8ee-5687-96ba-ed76048724b5,,8469f799-0d87-44b4-84e9-b18f6a443ba3,penalty_payment,100,2026-01-11,Imported from ter 2018 (Ethiopian) collection sheet
86e32d3b-d0fb-54dd-9f79-996bfd1d612b,9bcb279d-1071-5ff0-aae5-53ea184ce725,,8469f799-0d87-44b4-84e9-b18f6a443ba3,savings_deposit,500,2026-01-11,Imported from ter 2018 (Ethiopian) collection sheet
03d79eda-2596-57a8-81f1-df715fb44bd8,fdf165ea-a6ad-5b9a-a7ed-146969ee7817,,8469f799-0d87-44b4-84e9-b18f6a443ba3,savings_deposit,500,2026-01-11,Imported from ter 2018 (Ethiopian) collection sheet
f1481d94-7310-5e7c-afcb-26f186010563,319312c6-6801-528d-b138-81bcf7aba92e,,8469f799-0d87-44b4-84e9-b18f6a443ba3,savings_deposit,749,2026-01-11,Imported from ter 2018 (Ethiopian) collection sheet
0e9fc039-1537-5330-a689-a58bfabe94e6,c4233303-1584-59c8-aeac-bf513bb11394,,8469f799-0d87-44b4-84e9-b18f6a443ba3,savings_deposit,500,2026-01-11,Imported from ter 2018 (Ethiopian) collection sheet
b7751382-fcb1-5ef2-bd45-c98418bebcc1,c4233303-1584-59c8-aeac-bf513bb11394,,8469f799-0d87-44b4-84e9-b18f6a443ba3,share_purchase,500,2026-01-11,Imported from ter 2018 (Ethiopian) collection sheet
c3b620f6-a790-50f7-8b50-29cc68dc3516,0bc38e75-0d03-50eb-9d02-a102d730494c,,8469f799-0d87-44b4-84e9-b18f6a443ba3,savings_deposit,1000,2026-01-11,Imported from ter 2018 (Ethiopian) collection sheet
1b70481d-f85e-5338-a2ec-495566c23b52,0bc38e75-0d03-50eb-9d02-a102d730494c,,8469f799-0d87-44b4-84e9-b18f6a443ba3,share_purchase,1157,2026-01-11,Imported from ter 2018 (Ethiopian) collection sheet
b9c1893b-ddc2-5884-85d2-7e8aaacfdcde,a771f0ce-7daf-5dc3-8fdf-a04e8fe108cc,,8469f799-0d87-44b4-84e9-b18f6a443ba3,savings_deposit,400,2026-01-11,Imported from ter 2018 (Ethiopian) collection sheet
19ca1a69-d3f3-531f-a67e-cf001e03d7fa,a771f0ce-7daf-5dc3-8fdf-a04e8fe108cc,,8469f799-0d87-44b4-84e9-b18f6a443ba3,penalty_payment,100,2026-01-11,Imported from ter 2018 (Ethiopian) collection sheet
c64a650e-3b58-5d33-a430-f26918e7efb1,fdaaa5b7-6f56-5f9a-8cb6-1134927a1df1,,8469f799-0d87-44b4-84e9-b18f6a443ba3,savings_deposit,500,2026-01-11,Imported from ter 2018 (Ethiopian) collection sheet
0c4d934e-b89b-5a17-912f-3d44e52cf65a,dc05a34e-7603-5430-8644-1006b5eb9ce8,,8469f799-0d87-44b4-84e9-b18f6a443ba3,savings_deposit,500,2026-01-11,Imported from ter 2018 (Ethiopian) collection sheet
4e9a35dc-d9f8-5527-bcbe-e71ba86ef9be,dc05a34e-7603-5430-8644-1006b5eb9ce8,,8469f799-0d87-44b4-84e9-b18f6a443ba3,share_purchase,1000,2026-01-11,Imported from ter 2018 (Ethiopian) collection sheet
38989bc9-a14a-5331-92de-442b8f51092a,1312a235-bded-5cc9-9115-fbe26eb8d4ff,,8469f799-0d87-44b4-84e9-b18f6a443ba3,savings_deposit,600,2026-01-11,Imported from ter 2018 (Ethiopian) collection sheet
3041a2df-09ab-5abf-bb11-85498ecadbc5,1312a235-bded-5cc9-9115-fbe26eb8d4ff,,8469f799-0d87-44b4-84e9-b18f6a443ba3,penalty_payment,50,2026-01-11,Imported from ter 2018 (Ethiopian) collection sheet
cf1028b4-3e87-5ba6-8c9d-504e1b9fbba4,00504940-bbb4-52dd-9bed-81b31d16e60c,,8469f799-0d87-44b4-84e9-b18f6a443ba3,savings_deposit,300,2026-01-11,Imported from ter 2018 (Ethiopian) collection sheet
96e707e7-4aa8-5152-b2ca-b2674dded8ff,4c1c461a-ae9f-5b76-980a-956c802b4225,,8469f799-0d87-44b4-84e9-b18f6a443ba3,savings_deposit,300,2026-01-11,Imported from ter 2018 (Ethiopian) collection sheet
9443f5ca-cb68-5a70-aa80-de42d0734541,5b09d4aa-c1b0-512a-a1dc-de6bb23c0fa2,,8469f799-0d87-44b4-84e9-b18f6a443ba3,savings_deposit,300,2026-01-11,Imported from ter 2018 (Ethiopian) collection sheet
58b3d7d7-ab60-5594-9c01-6bc66a8cf9b7,7de65b59-a390-528f-9574-24528382dc93,,8469f799-0d87-44b4-84e9-b18f6a443ba3,savings_deposit,500,2026-01-11,Imported from ter 2018 (Ethiopian) collection sheet
4bd2a07d-fea8-58bc-ba5d-e660cae205c5,094105d3-95fc-5ef8-9498-a9da1f7bd987,,8469f799-0d87-44b4-84e9-b18f6a443ba3,savings_deposit,500,2026-01-11,Imported from ter 2018 (Ethiopian) collection sheet
051d9373-d261-5319-bcf0-d149f8fa90f8,6c7e695e-1c69-5ba8-8e86-11220259cea5,,8469f799-0d87-44b4-84e9-b18f6a443ba3,savings_deposit,800,2026-01-11,Imported from ter 2018 (Ethiopian) collection sheet
52fa6963-53b6-5c1e-8c63-562286ed309f,640b242e-d25d-5d03-ac35-6d4ada4340a4,,8469f799-0d87-44b4-84e9-b18f6a443ba3,savings_deposit,500,2026-01-11,Imported from ter 2018 (Ethiopian) collection sheet
dbb5fc06-d606-5107-957c-cbf3f4cbfe4d,640b242e-d25d-5d03-ac35-6d4ada4340a4,,8469f799-0d87-44b4-84e9-b18f6a443ba3,share_purchase,500,2026-01-11,Imported from ter 2018 (Ethiopian) collection sheet
4620f40f-e417-55a0-978c-f4425f7ea67f,fcee7f90-a4ed-5bb4-bc0a-7f04623c694a,,8469f799-0d87-44b4-84e9-b18f6a443ba3,savings_deposit,400,2026-01-11,Imported from ter 2018 (Ethiopian) collection sheet
f1ccb5b2-ef5d-501a-bd52-86c7774e0f82,fcee7f90-a4ed-5bb4-bc0a-7f04623c694a,,8469f799-0d87-44b4-84e9-b18f6a443ba3,penalty_payment,100,2026-01-11,Imported from ter 2018 (Ethiopian) collection sheet
79362f84-40bf-5600-bc5c-fe29869771ba,980a1405-2a66-53ba-b246-90cc1bcd9824,,8469f799-0d87-44b4-84e9-b18f6a443ba3,savings_deposit,500,2026-01-11,Imported from ter 2018 (Ethiopian) collection sheet
a990c490-8284-5fb7-9555-578babf667f9,ae5e0f27-63ff-5cfe-b320-5839eccb0f39,,8469f799-0d87-44b4-84e9-b18f6a443ba3,savings_deposit,300,2026-01-11,Imported from ter 2018 (Ethiopian) collection sheet
d914267c-f676-55ce-96fe-e32b103933d4,ef277d2b-5aa9-5a2b-aa4a-b0a2d5730154,,8469f799-0d87-44b4-84e9-b18f6a443ba3,savings_deposit,500,2026-01-11,Imported from ter 2018 (Ethiopian) collection sheet
621df3b8-25d2-5ca9-93b6-3e680912d7c0,ef277d2b-5aa9-5a2b-aa4a-b0a2d5730154,,8469f799-0d87-44b4-84e9-b18f6a443ba3,share_purchase,2000,2026-01-11,Imported from ter 2018 (Ethiopian) collection sheet
7910cd23-24fe-5955-bdb7-a9d0d29c0809,286ecb3c-8211-53a0-97be-24e354b06a1d,,8469f799-0d87-44b4-84e9-b18f6a443ba3,savings_deposit,300,2026-01-11,Imported from ter 2018 (Ethiopian) collection sheet
aa72e5bb-1f82-57b5-bfdd-eb7f9834e08e,ddc514dd-8a84-5b7e-a501-88fdbfec0106,,8469f799-0d87-44b4-84e9-b18f6a443ba3,savings_deposit,1000,2026-01-11,Imported from ter 2018 (Ethiopian) collection sheet
88afe877-0eab-5923-8d77-a40d222173ae,ddc514dd-8a84-5b7e-a501-88fdbfec0106,,8469f799-0d87-44b4-84e9-b18f6a443ba3,share_purchase,1000,2026-01-11,Imported from ter 2018 (Ethiopian) collection sheet
fdf9ad3a-4c18-5c59-a6be-72bd0a5c695d,737a8d1b-4900-52ab-a075-9e94a6135e5a,,8469f799-0d87-44b4-84e9-b18f6a443ba3,savings_deposit,600,2026-01-11,Imported from ter 2018 (Ethiopian) collection sheet
03e9b9a6-8393-50da-b7d7-a80449a57672,737a8d1b-4900-52ab-a075-9e94a6135e5a,,8469f799-0d87-44b4-84e9-b18f6a443ba3,share_purchase,449,2026-01-11,Imported from ter 2018 (Ethiopian) collection sheet
7beb8da5-4981-5271-9fac-e8a633a10127,22d76f64-4d03-57bd-9591-22362b1ef93d,,8469f799-0d87-44b4-84e9-b18f6a443ba3,savings_deposit,500,2026-01-11,Imported from ter 2018 (Ethiopian) collection sheet
b2f0e195-0b99-5e71-af6d-8afc3d344ef9,f20f195e-d014-50ac-891d-111561cc1b23,,8469f799-0d87-44b4-84e9-b18f6a443ba3,savings_deposit,500,2026-01-11,Imported from ter 2018 (Ethiopian) collection sheet
05caf36d-7973-5c46-9680-a68eea8e9db1,d82e3094-7b6c-5331-b605-63ab2e240d21,,8469f799-0d87-44b4-84e9-b18f6a443ba3,savings_deposit,900,2026-01-11,Imported from ter 2018 (Ethiopian) collection sheet
18c063c5-0c49-5c41-8a58-f10a1debf79e,d82e3094-7b6c-5331-b605-63ab2e240d21,,8469f799-0d87-44b4-84e9-b18f6a443ba3,penalty_payment,100,2026-01-11,Imported from ter 2018 (Ethiopian) collection sheet
909def63-3354-5f13-9a78-6dd135d0bb24,47ec08e9-732a-5965-8cd9-d5cd3b4e9c48,,8469f799-0d87-44b4-84e9-b18f6a443ba3,savings_deposit,500,2026-01-11,Imported from ter 2018 (Ethiopian) collection sheet
7a80c6d9-3638-5859-ab28-c50436289423,760554fa-d88d-565f-8205-3c6ef1abd75c,,8469f799-0d87-44b4-84e9-b18f6a443ba3,savings_deposit,400,2026-01-11,Imported from ter 2018 (Ethiopian) collection sheet
2ea1dddb-66c0-580c-8214-30f0d98a0814,85a64810-64c3-58ca-86e7-eb62fc6c2060,,8469f799-0d87-44b4-84e9-b18f6a443ba3,savings_deposit,500,2026-01-11,Imported from ter 2018 (Ethiopian) collection sheet
68ae4eeb-c4a3-57b4-be07-be2057a0c4d0,a2e78812-b8db-5915-ac41-4c459014f26f,,8469f799-0d87-44b4-84e9-b18f6a443ba3,savings_deposit,400,2026-01-11,Imported from ter 2018 (Ethiopian) collection sheet
f9ee0fb3-f564-581b-8437-994bf740e285,a2e78812-b8db-5915-ac41-4c459014f26f,,8469f799-0d87-44b4-84e9-b18f6a443ba3,share_purchase,1000,2026-01-11,Imported from ter 2018 (Ethiopian) collection sheet
c4a490d2-fbfe-5804-b960-36e88a5d2a53,48348d28-35b4-5a0c-b871-86b6516eadc9,,8469f799-0d87-44b4-84e9-b18f6a443ba3,savings_deposit,1000,2026-01-11,Imported from ter 2018 (Ethiopian) collection sheet
b15ae47b-6b11-51cd-a449-568668a147f5,2cb9dc21-141f-5c94-a3a2-53c9146b95d9,,8469f799-0d87-44b4-84e9-b18f6a443ba3,savings_deposit,1899,2026-01-11,Imported from ter 2018 (Ethiopian) collection sheet
f705562d-8ff3-503a-86df-e5206e0a0bb7,2cb9dc21-141f-5c94-a3a2-53c9146b95d9,,8469f799-0d87-44b4-84e9-b18f6a443ba3,penalty_payment,100,2026-01-11,Imported from ter 2018 (Ethiopian) collection sheet
0f319a7b-bdf6-57b6-a944-14da736a734f,414b6ffc-f127-5a64-9f70-c41106f36639,,8469f799-0d87-44b4-84e9-b18f6a443ba3,savings_deposit,1000,2026-01-11,Imported from ter 2018 (Ethiopian) collection sheet
2dfa0a95-3078-540e-b502-5572811349af,51987227-8d50-5cc6-b629-42d0dc1ec837,,8469f799-0d87-44b4-84e9-b18f6a443ba3,savings_deposit,500,2026-01-11,Imported from ter 2018 (Ethiopian) collection sheet
bcdf54e2-35dc-5e99-9945-8c8a3cfecb32,51987227-8d50-5cc6-b629-42d0dc1ec837,,8469f799-0d87-44b4-84e9-b18f6a443ba3,share_purchase,500,2026-01-11,Imported from ter 2018 (Ethiopian) collection sheet
72550cdc-bf8e-507c-ad14-adca478d41ad,643e30d9-af60-5c78-a1d6-74388a9af0f9,,8469f799-0d87-44b4-84e9-b18f6a443ba3,savings_deposit,1900,2026-01-11,Imported from ter 2018 (Ethiopian) collection sheet
c4d5354c-ff8f-5e40-ad33-592592bd4481,643e30d9-af60-5c78-a1d6-74388a9af0f9,,8469f799-0d87-44b4-84e9-b18f6a443ba3,penalty_payment,100,2026-01-11,Imported from ter 2018 (Ethiopian) collection sheet
fb82b642-dc41-5a62-87d9-71667f86509a,0c0a5dc8-0a60-5d67-9aba-378c65dfad91,,8469f799-0d87-44b4-84e9-b18f6a443ba3,savings_deposit,500,2026-01-11,Imported from ter 2018 (Ethiopian) collection sheet
6bb0d220-3190-551f-b829-bc8238428617,f88d8e5f-0ed1-5e58-bdfc-8df9e93c0195,,8469f799-0d87-44b4-84e9-b18f6a443ba3,savings_deposit,500,2026-01-11,Imported from ter 2018 (Ethiopian) collection sheet
a810e728-afbf-50d2-b7c4-ffc5f0f2ad2d,f88d8e5f-0ed1-5e58-bdfc-8df9e93c0195,,8469f799-0d87-44b4-84e9-b18f6a443ba3,share_purchase,1000,2026-01-11,Imported from ter 2018 (Ethiopian) collection sheet
9f63ad11-f74a-5d87-a516-373df767bb91,40cd2138-10ea-53af-a42e-8bb58521e9ae,,8469f799-0d87-44b4-84e9-b18f6a443ba3,savings_deposit,400,2026-01-11,Imported from ter 2018 (Ethiopian) collection sheet
4cddf02b-8968-5584-9692-c56e821b303e,fd4fc03e-beed-599e-a862-bf1ebb489d28,,8469f799-0d87-44b4-84e9-b18f6a443ba3,savings_deposit,400,2026-01-11,Imported from ter 2018 (Ethiopian) collection sheet
8d09fd49-5098-508c-b6e0-815f093d7658,a31db2ec-9d4a-5d1a-b551-cc423673ea8a,,8469f799-0d87-44b4-84e9-b18f6a443ba3,savings_deposit,300,2026-01-11,Imported from ter 2018 (Ethiopian) collection sheet
cb4a313e-4310-515f-bebd-e766a4edc2ea,7b0770a8-2173-5070-80f4-3cc171ab8378,,8469f799-0d87-44b4-84e9-b18f6a443ba3,savings_deposit,1000,2026-01-11,Imported from ter 2018 (Ethiopian) collection sheet
cebef3c7-a8f3-5a42-b5e9-80d4242ecbb0,a4abc03d-99d2-5421-9712-1e1eb35acc37,,8469f799-0d87-44b4-84e9-b18f6a443ba3,savings_deposit,577,2026-01-11,Imported from ter 2018 (Ethiopian) collection sheet
7e6bff49-d84e-5e64-aa11-4d3aa52e07f8,f7a5e560-da9b-5bf0-96c3-9a087507a3a5,,8469f799-0d87-44b4-84e9-b18f6a443ba3,savings_deposit,400,2026-01-11,Imported from ter 2018 (Ethiopian) collection sheet
a8da2105-f7b9-55f2-ab90-baada94c4a67,f7a5e560-da9b-5bf0-96c3-9a087507a3a5,,8469f799-0d87-44b4-84e9-b18f6a443ba3,penalty_payment,100,2026-01-11,Imported from ter 2018 (Ethiopian) collection sheet
e83d0f23-4e63-540f-ace9-466267877dbe,a9e1deed-561a-5838-8766-2fb2c036ea29,,8469f799-0d87-44b4-84e9-b18f6a443ba3,savings_deposit,900,2026-01-11,Imported from ter 2018 (Ethiopian) collection sheet
9191ba27-ca7d-5146-a506-3616ae5f5f45,a9e1deed-561a-5838-8766-2fb2c036ea29,,8469f799-0d87-44b4-84e9-b18f6a443ba3,penalty_payment,100,2026-01-11,Imported from ter 2018 (Ethiopian) collection sheet
f64786f8-eb28-5c97-ae70-8dffb71dbf28,26cf5d2f-1d72-5d7f-ada9-7379077b11ae,,8469f799-0d87-44b4-84e9-b18f6a443ba3,savings_deposit,500,2026-01-11,Imported from ter 2018 (Ethiopian) collection sheet
fd2bd8a1-ae9b-587a-af35-7dd438414e96,d413f918-479b-57e9-87d9-23d6708d8d81,,8469f799-0d87-44b4-84e9-b18f6a443ba3,savings_deposit,500,2026-01-11,Imported from ter 2018 (Ethiopian) collection sheet
d357a75e-2279-5631-ad62-1c6fff7ca81e,f2915524-e894-5bde-aecd-da2bed49a70c,,8469f799-0d87-44b4-84e9-b18f6a443ba3,savings_deposit,400,2026-01-11,Imported from ter 2018 (Ethiopian) collection sheet
d88e834b-6dc9-5927-9abe-8e47325adbb1,8cbc921c-b09b-5afb-8361-fa63c61ffd8a,,8469f799-0d87-44b4-84e9-b18f6a443ba3,savings_deposit,400,2026-01-11,Imported from ter 2018 (Ethiopian) collection sheet
03216f5b-21e9-5453-ba22-1e0fb2325a11,1f0dbffc-ffca-5b20-b4fb-3b17fbe5a239,,8469f799-0d87-44b4-84e9-b18f6a443ba3,savings_deposit,1000,2026-01-11,Imported from ter 2018 (Ethiopian) collection sheet
97bd4924-7311-55a4-a3f2-0284bcb17990,1f0dbffc-ffca-5b20-b4fb-3b17fbe5a239,,8469f799-0d87-44b4-84e9-b18f6a443ba3,share_purchase,1000,2026-01-11,Imported from ter 2018 (Ethiopian) collection sheet
1576e332-6f1d-5d98-9e59-d1a526695815,b5824845-954a-56c9-92b3-946cdcce91f7,,8469f799-0d87-44b4-84e9-b18f6a443ba3,savings_deposit,600,2026-01-11,Imported from ter 2018 (Ethiopian) collection sheet
6b3ccd41-52d4-5e1f-80c4-d11bbde6bbb7,a69c8787-2423-5b77-bc34-87f8260086ef,,8469f799-0d87-44b4-84e9-b18f6a443ba3,savings_deposit,399,2026-01-11,Imported from ter 2018 (Ethiopian) collection sheet
beac174e-6858-5f1f-bba6-ad3370cc9d7b,a69c8787-2423-5b77-bc34-87f8260086ef,,8469f799-0d87-44b4-84e9-b18f6a443ba3,penalty_payment,100,2026-01-11,Imported from ter 2018 (Ethiopian) collection sheet
af08f5e2-b071-5f24-8f8f-7c82356f01f0,0799c4e9-58bc-5b55-b3bb-822f9120af53,,8469f799-0d87-44b4-84e9-b18f6a443ba3,savings_deposit,1000,2026-01-11,Imported from ter 2018 (Ethiopian) collection sheet
b6074a3c-2ee5-5544-9d6c-21faa354f523,404705d2-d41d-5bd5-8836-1b5feb5214f8,,8469f799-0d87-44b4-84e9-b18f6a443ba3,savings_deposit,1000,2026-01-11,Imported from ter 2018 (Ethiopian) collection sheet
c3eb19a7-8ec7-5aee-9d45-423e7ad2dfd0,404705d2-d41d-5bd5-8836-1b5feb5214f8,,8469f799-0d87-44b4-84e9-b18f6a443ba3,share_purchase,2000,2026-01-11,Imported from ter 2018 (Ethiopian) collection sheet
b1943d12-0c9f-5f11-8047-25ae4e761c1c,6137a13d-bb02-50d8-a60c-81b54bebaab0,,8469f799-0d87-44b4-84e9-b18f6a443ba3,savings_deposit,2000,2026-01-11,Imported from ter 2018 (Ethiopian) collection sheet
c093dc4f-a38d-57ad-9711-d5acfefae29f,6137a13d-bb02-50d8-a60c-81b54bebaab0,,8469f799-0d87-44b4-84e9-b18f6a443ba3,share_purchase,2000,2026-01-11,Imported from ter 2018 (Ethiopian) collection sheet
9dee1cd9-2c2d-53a4-921d-535e13a2ea65,e0a1cd41-f09b-584c-a323-5e24952b99ee,,8469f799-0d87-44b4-84e9-b18f6a443ba3,savings_deposit,1000,2026-01-11,Imported from ter 2018 (Ethiopian) collection sheet
08856b4a-68fa-5fca-b619-6cc72ddf7e73,e0a1cd41-f09b-584c-a323-5e24952b99ee,,8469f799-0d87-44b4-84e9-b18f6a443ba3,share_purchase,1000,2026-01-11,Imported from ter 2018 (Ethiopian) collection sheet
f6ffa3b8-146c-5ac8-83a5-1a39b4426104,8fc8de0b-78bc-545e-8408-2189a31760ec,,8469f799-0d87-44b4-84e9-b18f6a443ba3,savings_deposit,2000,2026-01-11,Imported from ter 2018 (Ethiopian) collection sheet
2d0ca562-ad11-571b-8c34-b9d8f48962fb,8fc8de0b-78bc-545e-8408-2189a31760ec,,8469f799-0d87-44b4-84e9-b18f6a443ba3,share_purchase,1000,2026-01-11,Imported from ter 2018 (Ethiopian) collection sheet
b0ff0055-eaf3-5997-b8f1-dd321572627c,95154953-c3dd-55eb-9284-60060b3e99a8,,8469f799-0d87-44b4-84e9-b18f6a443ba3,savings_deposit,750,2026-01-11,Imported from ter 2018 (Ethiopian) collection sheet
c61c6f29-3988-5a91-a2f0-7d73eacfbf62,06fa8212-7f04-5497-a2b6-310f1c798b46,,8469f799-0d87-44b4-84e9-b18f6a443ba3,savings_deposit,1000,2026-01-11,Imported from ter 2018 (Ethiopian) collection sheet
a0274ec4-183e-51e4-bcb8-aa7a462e9787,06fa8212-7f04-5497-a2b6-310f1c798b46,,8469f799-0d87-44b4-84e9-b18f6a443ba3,share_purchase,1000,2026-01-11,Imported from ter 2018 (Ethiopian) collection sheet
7161cda9-add8-5434-ba67-2b9a4b32377f,e2de7857-57f4-52de-9b30-0d0c74d7933f,,8469f799-0d87-44b4-84e9-b18f6a443ba3,savings_deposit,400,2026-01-11,Imported from ter 2018 (Ethiopian) collection sheet
d20795f4-1ea2-5d94-8811-7ff2cf31838c,e2de7857-57f4-52de-9b30-0d0c74d7933f,,8469f799-0d87-44b4-84e9-b18f6a443ba3,share_purchase,1000,2026-01-11,Imported from ter 2018 (Ethiopian) collection sheet
7cd7a030-e2b7-5a32-aff9-b5ad3c682b6b,e2de7857-57f4-52de-9b30-0d0c74d7933f,,8469f799-0d87-44b4-84e9-b18f6a443ba3,penalty_payment,100,2026-01-11,Imported from ter 2018 (Ethiopian) collection sheet
7aff43d3-39b2-52ee-aae1-6663a566726a,14097ace-d5d4-58a0-b4e8-d735db008348,,8469f799-0d87-44b4-84e9-b18f6a443ba3,savings_deposit,2000,2026-01-11,Imported from ter 2018 (Ethiopian) collection sheet
eb5e478c-fb96-5b34-9e45-900244025fd9,35075fef-07f6-5252-8183-cc3a2f16eb41,,8469f799-0d87-44b4-84e9-b18f6a443ba3,savings_deposit,500,2026-01-11,Imported from ter 2018 (Ethiopian) collection sheet
0080ac5c-1ac0-51d9-985a-cb25a4c55713,35075fef-07f6-5252-8183-cc3a2f16eb41,,8469f799-0d87-44b4-84e9-b18f6a443ba3,share_purchase,5000,2026-01-11,Imported from ter 2018 (Ethiopian) collection sheet
df19242b-0e02-54a3-9e4c-f92dbaafb521,cf50d566-4405-5b00-b14c-0d5020d22c31,,8469f799-0d87-44b4-84e9-b18f6a443ba3,savings_deposit,500,2026-01-11,Imported from ter 2018 (Ethiopian) collection sheet
5b982da8-3ef1-5c89-8789-3efcc25f797b,fc282955-0b0a-54ad-8057-22d4d660b8f3,,8469f799-0d87-44b4-84e9-b18f6a443ba3,savings_deposit,1000,2026-01-11,Imported from ter 2018 (Ethiopian) collection sheet
1e08f15a-38b7-5610-8ef9-a59362dced0c,7ff58eac-03b8-5c06-83a7-d23117961668,,8469f799-0d87-44b4-84e9-b18f6a443ba3,savings_deposit,2000,2026-01-11,Imported from ter 2018 (Ethiopian) collection sheet
b3e55fb6-6631-58b8-8b38-6a81c3c0ec19,7ff58eac-03b8-5c06-83a7-d23117961668,,8469f799-0d87-44b4-84e9-b18f6a443ba3,share_purchase,2000,2026-01-11,Imported from ter 2018 (Ethiopian) collection sheet
c9139eef-4ba2-576c-bb1e-9fe71f3419d2,b2efb9cd-1182-562a-9d94-094f7d382bee,,8469f799-0d87-44b4-84e9-b18f6a443ba3,savings_deposit,300,2026-01-11,Imported from ter 2018 (Ethiopian) collection sheet
075e778b-8778-50f6-af46-bac51f928262,3912ff00-0f6f-5b2c-9347-85cf4836d771,,8469f799-0d87-44b4-84e9-b18f6a443ba3,savings_deposit,300,2026-01-11,Imported from ter 2018 (Ethiopian) collection sheet
a06001a3-c498-5f5a-9b90-8ce8f0b63957,50b83ed9-e5bb-5b8d-8732-2ec2c6a7205b,,8469f799-0d87-44b4-84e9-b18f6a443ba3,savings_deposit,2000,2026-01-11,Imported from ter 2018 (Ethiopian) collection sheet
6551a5f5-7074-5f3a-94dd-d77e152ab1fb,18556b09-0ab4-5885-9547-840bf5c1f616,,8469f799-0d87-44b4-84e9-b18f6a443ba3,savings_deposit,2000,2026-01-11,Imported from ter 2018 (Ethiopian) collection sheet
48d2a400-7e0a-5fd6-b870-1518106ff9db,18556b09-0ab4-5885-9547-840bf5c1f616,,8469f799-0d87-44b4-84e9-b18f6a443ba3,share_purchase,3000,2026-01-11,Imported from ter 2018 (Ethiopian) collection sheet
2bea1688-7ab1-5e3c-ba28-a81f6ab6427f,d4f2023e-279b-5701-8eef-b0a0e9d3688a,,8469f799-0d87-44b4-84e9-b18f6a443ba3,savings_deposit,1000,2026-01-11,Imported from ter 2018 (Ethiopian) collection sheet
4711dce7-df8a-5444-aef5-aac31648cb21,d4f2023e-279b-5701-8eef-b0a0e9d3688a,,8469f799-0d87-44b4-84e9-b18f6a443ba3,share_purchase,1300,2026-01-11,Imported from ter 2018 (Ethiopian) collection sheet
1d9d344c-c4d6-5f4a-b78a-7f567d34db75,28161268-eba4-517b-aad0-38e29bbf42b4,,8469f799-0d87-44b4-84e9-b18f6a443ba3,savings_deposit,900,2026-01-11,Imported from ter 2018 (Ethiopian) collection sheet
63d1a4ce-1b87-52d9-a400-947576f3e134,28161268-eba4-517b-aad0-38e29bbf42b4,,8469f799-0d87-44b4-84e9-b18f6a443ba3,penalty_payment,150,2026-01-11,Imported from ter 2018 (Ethiopian) collection sheet
4593b226-ab8d-5081-87f1-ac957dfcfe35,6b0460be-2f71-5133-afa7-dd554cdffd51,,8469f799-0d87-44b4-84e9-b18f6a443ba3,savings_deposit,400,2026-01-11,Imported from ter 2018 (Ethiopian) collection sheet
8147871b-49ef-58ae-a620-f032fa02e25d,6b0460be-2f71-5133-afa7-dd554cdffd51,,8469f799-0d87-44b4-84e9-b18f6a443ba3,penalty_payment,100,2026-01-11,Imported from ter 2018 (Ethiopian) collection sheet
1f59d61c-b927-56fb-9491-808a3368e606,a98c7ead-82e7-5f45-864a-3bf83a0a2643,,8469f799-0d87-44b4-84e9-b18f6a443ba3,savings_deposit,400,2026-01-11,Imported from ter 2018 (Ethiopian) collection sheet
d0fe90ae-a110-5815-a023-8e6188b8b340,a98c7ead-82e7-5f45-864a-3bf83a0a2643,,8469f799-0d87-44b4-84e9-b18f6a443ba3,penalty_payment,100,2026-01-11,Imported from ter 2018 (Ethiopian) collection sheet
27f10ee7-38b3-5fc6-9c05-1e33595a23a3,a05a8645-6102-52e9-8c87-199ab572e309,,8469f799-0d87-44b4-84e9-b18f6a443ba3,savings_deposit,1000,2026-01-11,Imported from ter 2018 (Ethiopian) collection sheet
88e70a5b-56c4-5965-a907-9d55139d5e4b,37582b03-8054-551a-8d62-3b0ad867c7ac,,8469f799-0d87-44b4-84e9-b18f6a443ba3,savings_deposit,1000,2026-01-11,Imported from ter 2018 (Ethiopian) collection sheet
ad72274d-d101-55cd-b375-827fe781920a,284e696c-3949-5c06-ba88-16fccaa4ade9,,8469f799-0d87-44b4-84e9-b18f6a443ba3,savings_deposit,1000,2026-01-11,Imported from ter 2018 (Ethiopian) collection sheet
b949b330-bdf7-5fa5-a7aa-dbf3b91a2699,f5ed49cd-2af4-523f-9a48-b4c14551e8eb,,8469f799-0d87-44b4-84e9-b18f6a443ba3,savings_deposit,500,2026-01-11,Imported from ter 2018 (Ethiopian) collection sheet
180378a2-5407-5afc-be3e-3565fa096753,efb40953-7213-50c9-9529-b8fc3cdb7d92,,8469f799-0d87-44b4-84e9-b18f6a443ba3,savings_deposit,1300,2026-01-11,Imported from ter 2018 (Ethiopian) collection sheet
8f92df70-df09-5d7c-b78d-9855aa1577e8,efb40953-7213-50c9-9529-b8fc3cdb7d92,,8469f799-0d87-44b4-84e9-b18f6a443ba3,share_purchase,2000,2026-01-11,Imported from ter 2018 (Ethiopian) collection sheet
cf044466-4a44-5ee6-87a1-daae7fb9fe6a,ae168754-dc53-53bb-8759-fdf401fd7c06,,8469f799-0d87-44b4-84e9-b18f6a443ba3,savings_deposit,1000,2026-01-11,Imported from ter 2018 (Ethiopian) collection sheet
ffa1ab31-8fd1-57e7-8d7e-03df96bc0066,570068f9-c44a-5f37-b264-42d09d4fc9d0,,8469f799-0d87-44b4-84e9-b18f6a443ba3,savings_deposit,2000,2026-01-11,Imported from ter 2018 (Ethiopian) collection sheet
edd0bc42-03f5-5e64-893a-8b2558cf1095,96d80a6e-8b0c-5f54-a94f-6a423e77e285,,8469f799-0d87-44b4-84e9-b18f6a443ba3,savings_deposit,2000,2026-01-11,Imported from ter 2018 (Ethiopian) collection sheet
d0b73ce5-0f2a-5f58-b4cf-bf6fd00a9788,607b812d-459f-5cab-9340-d4ac3326e983,,8469f799-0d87-44b4-84e9-b18f6a443ba3,savings_deposit,500,2026-01-11,Imported from ter 2018 (Ethiopian) collection sheet
97422696-a83d-591e-95e4-fb57eed7e08c,607b812d-459f-5cab-9340-d4ac3326e983,,8469f799-0d87-44b4-84e9-b18f6a443ba3,share_purchase,1000,2026-01-11,Imported from ter 2018 (Ethiopian) collection sheet
35336187-8ef1-58b9-b5b2-a5d1434030cb,5906d4be-3a6d-51fc-8fe6-4e5654c5c962,,8469f799-0d87-44b4-84e9-b18f6a443ba3,savings_deposit,1000,2026-01-11,Imported from ter 2018 (Ethiopian) collection sheet
c6bfd3d8-7f81-532d-ae97-de8debecde66,84fe73ed-e690-590d-8b51-d82f682ef24d,,8469f799-0d87-44b4-84e9-b18f6a443ba3,savings_deposit,500,2026-01-11,Imported from ter 2018 (Ethiopian) collection sheet
e98adc1e-00de-5316-b509-7f5800fe0f5e,c411ed30-b985-51c0-819a-9c20ee637977,,8469f799-0d87-44b4-84e9-b18f6a443ba3,savings_deposit,2000,2026-01-11,Imported from ter 2018 (Ethiopian) collection sheet
ac69a591-af3c-5805-8787-8ac2bfaea642,fbf6ab5b-094d-5b83-aed6-66f7c8169e36,,8469f799-0d87-44b4-84e9-b18f6a443ba3,savings_deposit,1000,2026-01-11,Imported from ter 2018 (Ethiopian) collection sheet
3d7c2096-5ee2-5f19-b4be-3845f04f7d60,fbf6ab5b-094d-5b83-aed6-66f7c8169e36,,8469f799-0d87-44b4-84e9-b18f6a443ba3,share_purchase,2000,2026-01-11,Imported from ter 2018 (Ethiopian) collection sheet
397fa538-3dee-57dd-ada8-0b6c02f9ee0f,e4ccf2e5-774e-5b15-99a6-973a2b66f4ce,,8469f799-0d87-44b4-84e9-b18f6a443ba3,savings_deposit,1000,2026-01-11,Imported from ter 2018 (Ethiopian) collection sheet
7fbf389a-463b-5a80-84b3-0dea3e6c7e2a,e4ccf2e5-774e-5b15-99a6-973a2b66f4ce,,8469f799-0d87-44b4-84e9-b18f6a443ba3,share_purchase,1000,2026-01-11,Imported from ter 2018 (Ethiopian) collection sheet
78803118-4792-5c09-89ac-6828c3ce37c8,bdd7c207-732a-5bb1-b133-60543d8c7d92,,8469f799-0d87-44b4-84e9-b18f6a443ba3,savings_deposit,1000,2026-01-11,Imported from ter 2018 (Ethiopian) collection sheet
10fb2218-bef6-56c1-93a7-b1541f9abbfa,bdd7c207-732a-5bb1-b133-60543d8c7d92,,8469f799-0d87-44b4-84e9-b18f6a443ba3,share_purchase,2000,2026-01-11,Imported from ter 2018 (Ethiopian) collection sheet
1e01ef3e-150a-5e53-a647-383d667a55eb,24c594aa-4181-5c0b-a5b7-45ff7c3fa3b0,,8469f799-0d87-44b4-84e9-b18f6a443ba3,savings_deposit,400,2026-01-11,Imported from ter 2018 (Ethiopian) collection sheet
630a6a78-a446-5be9-a308-f4f2f29d5b30,24c594aa-4181-5c0b-a5b7-45ff7c3fa3b0,,8469f799-0d87-44b4-84e9-b18f6a443ba3,penalty_payment,100,2026-01-11,Imported from ter 2018 (Ethiopian) collection sheet
029ce227-5cde-5d10-af3c-d321955171cd,a67cebb5-b09e-5a16-8c5b-c6973fdcbd77,,8469f799-0d87-44b4-84e9-b18f6a443ba3,savings_deposit,1000,2026-01-11,Imported from ter 2018 (Ethiopian) collection sheet
e6e5bed3-e2c7-51c2-999d-309d725ce96d,a67cebb5-b09e-5a16-8c5b-c6973fdcbd77,,8469f799-0d87-44b4-84e9-b18f6a443ba3,share_purchase,1000,2026-01-11,Imported from ter 2018 (Ethiopian) collection sheet
f328e953-5d8a-5f30-b917-31cdc6ce5656,fa0549d4-1b83-5d11-8b62-a4ca6a085063,,8469f799-0d87-44b4-84e9-b18f6a443ba3,savings_deposit,1000,2026-01-11,Imported from ter 2018 (Ethiopian) collection sheet
be8b1541-3a2d-5961-b4bb-a0f34167f3df,fa0549d4-1b83-5d11-8b62-a4ca6a085063,,8469f799-0d87-44b4-84e9-b18f6a443ba3,share_purchase,1000,2026-01-11,Imported from ter 2018 (Ethiopian) collection sheet
450dccf6-c91a-53c8-9cea-26f755c9255c,fa0798ba-fbda-57b6-910d-6ce545d807cb,,8469f799-0d87-44b4-84e9-b18f6a443ba3,savings_deposit,1000,2026-01-11,Imported from ter 2018 (Ethiopian) collection sheet
877c75ce-33f8-59d8-baa8-504c8cbccedd,fa0798ba-fbda-57b6-910d-6ce545d807cb,,8469f799-0d87-44b4-84e9-b18f6a443ba3,share_purchase,1000,2026-01-11,Imported from ter 2018 (Ethiopian) collection sheet
c412e83c-9315-5dc7-8ae3-256a74795b6b,44494d4f-dbca-596d-ba04-7f0bf8264cef,,8469f799-0d87-44b4-84e9-b18f6a443ba3,savings_deposit,1000,2026-01-11,Imported from ter 2018 (Ethiopian) collection sheet
7e32f58a-1261-5266-8bda-c605efbf45ce,44494d4f-dbca-596d-ba04-7f0bf8264cef,,8469f799-0d87-44b4-84e9-b18f6a443ba3,share_purchase,1000,2026-01-11,Imported from ter 2018 (Ethiopian) collection sheet
ac67b056-dc48-5d75-b7ee-e096366cb661,affc511e-8b76-57f4-9a6f-c2717513f00e,,8469f799-0d87-44b4-84e9-b18f6a443ba3,savings_deposit,500,2026-01-11,Imported from ter 2018 (Ethiopian) collection sheet
76663b58-c4e8-5fa2-8774-5619ba2ea993,bec2830f-deee-5041-8c34-59d519198cc5,,8469f799-0d87-44b4-84e9-b18f6a443ba3,savings_deposit,500,2026-01-11,Imported from ter 2018 (Ethiopian) collection sheet
b37a1bf1-6e6d-5c9a-a413-89c276df1d7b,724b2186-00c5-596f-8fcf-f163b5e7b692,,8469f799-0d87-44b4-84e9-b18f6a443ba3,savings_deposit,500,2026-01-11,Imported from ter 2018 (Ethiopian) collection sheet
8845b3e6-2cde-5002-bf76-de9c2298aaeb,cb63cdfa-da1f-5520-ab57-db6d7c17cb52,,8469f799-0d87-44b4-84e9-b18f6a443ba3,savings_deposit,500,2026-01-11,Imported from ter 2018 (Ethiopian) collection sheet
4a1bfbbd-439d-5c1e-98bd-39bd8e3637c2,93877516-e6ab-5857-8ecf-88ad98cb9ebd,,8469f799-0d87-44b4-84e9-b18f6a443ba3,savings_deposit,500,2026-01-11,Imported from ter 2018 (Ethiopian) collection sheet
524fddd7-de46-54a5-87e0-b2386606c986,93877516-e6ab-5857-8ecf-88ad98cb9ebd,,8469f799-0d87-44b4-84e9-b18f6a443ba3,share_purchase,500,2026-01-11,Imported from ter 2018 (Ethiopian) collection sheet
2cf79cc0-2991-5a8f-966d-71eedc1ab730,2d2ae0dc-2a31-5b87-a4f2-b58ccb827786,,8469f799-0d87-44b4-84e9-b18f6a443ba3,savings_deposit,450,2026-01-11,Imported from ter 2018 (Ethiopian) collection sheet
c14c0357-db1d-5de9-8a4b-8a02dcd52125,2d2ae0dc-2a31-5b87-a4f2-b58ccb827786,,8469f799-0d87-44b4-84e9-b18f6a443ba3,share_purchase,9000,2026-01-11,Imported from ter 2018 (Ethiopian) collection sheet
d447f06c-2c14-5611-9c02-e881291522af,2d2ae0dc-2a31-5b87-a4f2-b58ccb827786,,8469f799-0d87-44b4-84e9-b18f6a443ba3,registration_fee,400,2026-01-11,Imported from ter 2018 (Ethiopian) collection sheet
8c8a1a59-2e68-51ef-9a04-e309524fcb0d,2d2ae0dc-2a31-5b87-a4f2-b58ccb827786,,8469f799-0d87-44b4-84e9-b18f6a443ba3,card_fee,150,2026-01-11,Imported from ter 2018 (Ethiopian) collection sheet
d80e3c59-56c3-5208-a6ac-65ed82bf9440,a7ccd65e-6270-5b5e-8479-48f8636eeb86,,8469f799-0d87-44b4-84e9-b18f6a443ba3,savings_deposit,450,2026-01-11,Imported from ter 2018 (Ethiopian) collection sheet
368bac48-25a4-51fe-96f8-3276229735e4,a7ccd65e-6270-5b5e-8479-48f8636eeb86,,8469f799-0d87-44b4-84e9-b18f6a443ba3,share_purchase,2000,2026-01-11,Imported from ter 2018 (Ethiopian) collection sheet
80d484cd-9eaf-5087-99f7-383874fb8471,a7ccd65e-6270-5b5e-8479-48f8636eeb86,,8469f799-0d87-44b4-84e9-b18f6a443ba3,registration_fee,400,2026-01-11,Imported from ter 2018 (Ethiopian) collection sheet
9014df56-1ce8-55ef-a4b7-4ec6a2d11683,a7ccd65e-6270-5b5e-8479-48f8636eeb86,,8469f799-0d87-44b4-84e9-b18f6a443ba3,card_fee,150,2026-01-11,Imported from ter 2018 (Ethiopian) collection sheet
13003231-b793-509b-9b46-7ac0a626a01b,7ce9968c-0a19-5d74-9c35-820ff9e1e6e8,,8469f799-0d87-44b4-84e9-b18f6a443ba3,savings_deposit,300,2026-02-08,Imported from yekatit 2018 (Ethiopian) collection sheet
e5bbeb7a-4bcf-5bca-88ba-56688761c100,e4827c78-8368-58d0-bf8c-92365bc84c75,,8469f799-0d87-44b4-84e9-b18f6a443ba3,savings_deposit,1000,2026-02-08,Imported from yekatit 2018 (Ethiopian) collection sheet
edbb3bd7-5780-569b-a0b7-f5ad26006158,01d7976b-a494-5020-aac0-73df2dd9e31b,,8469f799-0d87-44b4-84e9-b18f6a443ba3,savings_deposit,1081,2026-02-08,Imported from yekatit 2018 (Ethiopian) collection sheet
0f52e3a9-9799-54ff-ab13-d561ab49e8fa,01d7976b-a494-5020-aac0-73df2dd9e31b,,8469f799-0d87-44b4-84e9-b18f6a443ba3,penalty_payment,169,2026-02-08,Imported from yekatit 2018 (Ethiopian) collection sheet
b403e40e-6d84-513c-925e-7ba962febb9f,76dd954f-2718-5744-aa59-ccb1748016b4,,8469f799-0d87-44b4-84e9-b18f6a443ba3,savings_deposit,500,2026-02-08,Imported from yekatit 2018 (Ethiopian) collection sheet
ceecf0c1-4821-54e5-a91a-24421665886a,b4d56e1e-236f-5e82-8da0-abe9e0b93b56,,8469f799-0d87-44b4-84e9-b18f6a443ba3,savings_deposit,2000,2026-02-08,Imported from yekatit 2018 (Ethiopian) collection sheet
87eaed95-8e10-5323-8fe4-7d6d6392385a,b4d56e1e-236f-5e82-8da0-abe9e0b93b56,,8469f799-0d87-44b4-84e9-b18f6a443ba3,share_purchase,527,2026-02-08,Imported from yekatit 2018 (Ethiopian) collection sheet
0d1a3169-0bed-56b5-9ed6-38981c4b03ad,ec993c4b-d61a-5880-9ca2-8474b057f3f6,,8469f799-0d87-44b4-84e9-b18f6a443ba3,savings_deposit,500,2026-02-08,Imported from yekatit 2018 (Ethiopian) collection sheet
6547653c-2b88-5377-a9cc-95365c96e9d9,73beb1f6-b7bf-54aa-ab3e-eb494fdb1568,,8469f799-0d87-44b4-84e9-b18f6a443ba3,savings_deposit,2000,2026-02-08,Imported from yekatit 2018 (Ethiopian) collection sheet
e7545530-7337-5505-9692-d0eeb00b0e0f,73beb1f6-b7bf-54aa-ab3e-eb494fdb1568,,8469f799-0d87-44b4-84e9-b18f6a443ba3,share_purchase,2032,2026-02-08,Imported from yekatit 2018 (Ethiopian) collection sheet
86dd922e-b5e4-5e63-9495-d198c7c1c625,bbe40192-271f-518c-bea6-c1478fc552c2,,8469f799-0d87-44b4-84e9-b18f6a443ba3,savings_deposit,400,2026-02-08,Imported from yekatit 2018 (Ethiopian) collection sheet
808913c6-a4a3-54eb-b41d-9d681541f5fa,bac4fd55-4666-50ee-adee-4d2170814631,,8469f799-0d87-44b4-84e9-b18f6a443ba3,savings_deposit,2000,2026-02-08,Imported from yekatit 2018 (Ethiopian) collection sheet
ea242342-fa56-5a8b-9fdd-99a9b4963975,bac4fd55-4666-50ee-adee-4d2170814631,,8469f799-0d87-44b4-84e9-b18f6a443ba3,share_purchase,1600,2026-02-08,Imported from yekatit 2018 (Ethiopian) collection sheet
09c62617-29af-508f-9b90-f374acb48be3,3cb63966-4581-5528-b803-034ed796a796,,8469f799-0d87-44b4-84e9-b18f6a443ba3,savings_deposit,500,2026-02-08,Imported from yekatit 2018 (Ethiopian) collection sheet
e1ee3836-e4a4-54d6-91cb-6700d5d98c28,a69a3a62-171b-5523-8fbe-54e569dd29d4,,8469f799-0d87-44b4-84e9-b18f6a443ba3,savings_deposit,500,2026-02-08,Imported from yekatit 2018 (Ethiopian) collection sheet
b3adf199-f0cb-5424-85d8-66718bc8591c,a7f75ced-fef8-5b0f-a28e-cd7f09043280,,8469f799-0d87-44b4-84e9-b18f6a443ba3,savings_deposit,299,2026-02-08,Imported from yekatit 2018 (Ethiopian) collection sheet
65beb839-df68-5313-be84-7b65a768edd8,b89552e4-4718-56a1-a4f8-7c84e72e0506,,8469f799-0d87-44b4-84e9-b18f6a443ba3,savings_deposit,600,2026-02-08,Imported from yekatit 2018 (Ethiopian) collection sheet
5bb3c7e0-096f-5c17-b977-ea74ebf1777c,6d8f0a03-bc10-579e-a58f-2ffa42fcab6f,,8469f799-0d87-44b4-84e9-b18f6a443ba3,savings_deposit,849.8,2026-02-08,Imported from yekatit 2018 (Ethiopian) collection sheet
27ce0d27-c623-58e0-a5fe-5041efc081c8,6d8f0a03-bc10-579e-a58f-2ffa42fcab6f,,8469f799-0d87-44b4-84e9-b18f6a443ba3,penalty_payment,130.2,2026-02-08,Imported from yekatit 2018 (Ethiopian) collection sheet
abb907b1-7991-5a35-a2cb-0c18691e1fe6,0c26b4c4-ac4c-5349-b995-958b76f2805e,,8469f799-0d87-44b4-84e9-b18f6a443ba3,savings_deposit,500,2026-02-08,Imported from yekatit 2018 (Ethiopian) collection sheet
d0b10d7f-0fab-5489-9e8b-522d742ce5e7,501a3774-7945-502f-8519-cff3445f53cf,,8469f799-0d87-44b4-84e9-b18f6a443ba3,savings_deposit,700,2026-02-08,Imported from yekatit 2018 (Ethiopian) collection sheet
66d3d8f4-dca8-57d8-9579-f0b5f0138b71,247c6df0-a05e-541c-a00a-fb077be873f7,,8469f799-0d87-44b4-84e9-b18f6a443ba3,savings_deposit,339,2026-02-08,Imported from yekatit 2018 (Ethiopian) collection sheet
67f7e259-252a-5cbf-8176-cb3b02522884,d56fc296-2f16-5e5a-9004-d4ad49c5658f,,8469f799-0d87-44b4-84e9-b18f6a443ba3,savings_deposit,1000,2026-02-08,Imported from yekatit 2018 (Ethiopian) collection sheet
9b28645c-a219-5e29-8504-484b11007474,5d001133-4abc-5416-8360-8277eeaead7d,,8469f799-0d87-44b4-84e9-b18f6a443ba3,savings_deposit,500,2026-02-08,Imported from yekatit 2018 (Ethiopian) collection sheet
dfc4c659-607f-59c6-8ce3-267fd8cf5e74,abe8c6ff-419f-5b7b-9b1e-b2622924be09,,8469f799-0d87-44b4-84e9-b18f6a443ba3,savings_deposit,1000,2026-02-08,Imported from yekatit 2018 (Ethiopian) collection sheet
da092872-8ab7-524f-9986-2ee94dbd69fd,e99acf91-e7a6-5999-8aed-0b4c34b2ee85,,8469f799-0d87-44b4-84e9-b18f6a443ba3,savings_deposit,400,2026-02-08,Imported from yekatit 2018 (Ethiopian) collection sheet
b195a986-0ae5-571c-9076-87057200eb7c,e75e482c-243f-5e13-aaac-15f1302dd157,,8469f799-0d87-44b4-84e9-b18f6a443ba3,savings_deposit,2000,2026-02-08,Imported from yekatit 2018 (Ethiopian) collection sheet
c1cc4469-790d-5629-836c-bd7bbd8b0e4a,7b26a460-4f89-52ff-8930-60889b3fd875,,8469f799-0d87-44b4-84e9-b18f6a443ba3,savings_deposit,2000,2026-02-08,Imported from yekatit 2018 (Ethiopian) collection sheet
63ddb3f0-9de8-5f12-852a-8f356ae35924,3c5a6fea-e69b-5312-9684-694c1ee6ebdf,,8469f799-0d87-44b4-84e9-b18f6a443ba3,savings_deposit,624,2026-02-08,Imported from yekatit 2018 (Ethiopian) collection sheet
49c8b356-6c17-5aef-b965-d0fe2f1de57c,b828959c-5bea-560a-929d-1a5594da53d8,,8469f799-0d87-44b4-84e9-b18f6a443ba3,savings_deposit,300,2026-02-08,Imported from yekatit 2018 (Ethiopian) collection sheet
499ce4ff-731c-5ab9-97de-50865f8e0e96,9a84e629-b9ce-5ae9-8a74-bb63c9db97b5,,8469f799-0d87-44b4-84e9-b18f6a443ba3,savings_deposit,300,2026-02-08,Imported from yekatit 2018 (Ethiopian) collection sheet
0a261242-73a3-5263-b96f-55cc3cb7e16a,a102851d-91d9-5d77-ab52-d018bd9be779,,8469f799-0d87-44b4-84e9-b18f6a443ba3,savings_deposit,1000,2026-02-08,Imported from yekatit 2018 (Ethiopian) collection sheet
79b94e69-d0a8-5abc-bf5c-49354fa7cc82,4b9a8348-f9f3-52df-8d17-50b8abdeaea6,,8469f799-0d87-44b4-84e9-b18f6a443ba3,savings_deposit,1000,2026-02-08,Imported from yekatit 2018 (Ethiopian) collection sheet
890bd12c-4068-50b9-bec8-8e71793afedc,edf171cb-7bb8-5f91-a0e7-0f5f8fecbead,,8469f799-0d87-44b4-84e9-b18f6a443ba3,savings_deposit,300,2026-02-08,Imported from yekatit 2018 (Ethiopian) collection sheet
dcc473d5-c6a6-5faa-a2c0-a8a76b763039,6e18d32a-3bc0-52b7-8bfe-a677c478fa77,,8469f799-0d87-44b4-84e9-b18f6a443ba3,savings_deposit,1000,2026-02-08,Imported from yekatit 2018 (Ethiopian) collection sheet
3a5d359d-d434-5159-abc5-05fcd3cc5d69,438c5624-fdbc-5263-965a-9e9da4524827,,8469f799-0d87-44b4-84e9-b18f6a443ba3,savings_deposit,300,2026-02-08,Imported from yekatit 2018 (Ethiopian) collection sheet
12456c44-5ffa-58ae-b52c-bee995849b0b,3f7f10e4-ecdb-55ad-891c-4a5c430edc1f,,8469f799-0d87-44b4-84e9-b18f6a443ba3,savings_deposit,999,2026-02-08,Imported from yekatit 2018 (Ethiopian) collection sheet
ca861c70-56de-5ab6-8513-9510e516e3a2,f33516c1-ea10-5e53-b29f-9f0005ba22ee,,8469f799-0d87-44b4-84e9-b18f6a443ba3,savings_deposit,300,2026-02-08,Imported from yekatit 2018 (Ethiopian) collection sheet
770b5153-6725-5a51-896f-aece366f674c,8e67885d-ff02-5d58-a570-e235a003f3ee,,8469f799-0d87-44b4-84e9-b18f6a443ba3,savings_deposit,500,2026-02-08,Imported from yekatit 2018 (Ethiopian) collection sheet
3f3e770a-f322-50ed-969a-86e67aab35ff,8e67885d-ff02-5d58-a570-e235a003f3ee,,8469f799-0d87-44b4-84e9-b18f6a443ba3,share_purchase,2000,2026-02-08,Imported from yekatit 2018 (Ethiopian) collection sheet
3e1a5361-37cd-57ae-8934-6229e065304c,d95d868a-9299-557a-8903-e93a509d3b45,,8469f799-0d87-44b4-84e9-b18f6a443ba3,savings_deposit,500,2026-02-08,Imported from yekatit 2018 (Ethiopian) collection sheet
f0d7f7a0-5708-583b-98bd-0f79d9305610,1d3e31ef-6836-593b-86c9-a7ed487b2815,,8469f799-0d87-44b4-84e9-b18f6a443ba3,savings_deposit,1000,2026-02-08,Imported from yekatit 2018 (Ethiopian) collection sheet
b0d716eb-99c7-5c38-a726-832197a9002d,1d3e31ef-6836-593b-86c9-a7ed487b2815,,8469f799-0d87-44b4-84e9-b18f6a443ba3,share_purchase,300,2026-02-08,Imported from yekatit 2018 (Ethiopian) collection sheet
e152330f-3e69-5643-911e-a8bd5369d8b3,2903a34a-7dd7-5a18-bdc2-00f49fb2ea18,,8469f799-0d87-44b4-84e9-b18f6a443ba3,savings_deposit,500,2026-02-08,Imported from yekatit 2018 (Ethiopian) collection sheet
d8a6d11c-1129-5af1-b057-edff872c08b9,57f27bbf-52f5-59d6-a6cd-46b8e16cf6cc,,8469f799-0d87-44b4-84e9-b18f6a443ba3,savings_deposit,1999,2026-02-08,Imported from yekatit 2018 (Ethiopian) collection sheet
ad300d88-fade-5e7e-9060-3eadd7af0d02,85b4d884-295f-5b4a-9797-d98a609456d1,,8469f799-0d87-44b4-84e9-b18f6a443ba3,savings_deposit,261.84,2026-02-08,Imported from yekatit 2018 (Ethiopian) collection sheet
0af4824d-d152-55fd-8102-bfb296fe031d,85b4d884-295f-5b4a-9797-d98a609456d1,,8469f799-0d87-44b4-84e9-b18f6a443ba3,penalty_payment,938.16,2026-02-08,Imported from yekatit 2018 (Ethiopian) collection sheet
97d09ac3-80ef-55b6-b8fb-e8779ebe1aa4,f104d8fc-08c1-5425-af09-a40135783bf7,,8469f799-0d87-44b4-84e9-b18f6a443ba3,savings_deposit,2000,2026-02-08,Imported from yekatit 2018 (Ethiopian) collection sheet
c34d910b-d3c8-5ae9-b78d-a76d59010833,f314716f-ef2a-5bee-8da5-c08e35551753,,8469f799-0d87-44b4-84e9-b18f6a443ba3,savings_deposit,309,2026-02-08,Imported from yekatit 2018 (Ethiopian) collection sheet
38382860-213c-578b-93ff-426b0d9567e2,48f8809b-e76b-5fe0-8476-816fd1bf7a3d,,8469f799-0d87-44b4-84e9-b18f6a443ba3,savings_deposit,800,2026-02-08,Imported from yekatit 2018 (Ethiopian) collection sheet
8288758d-714c-56c7-b60a-b9936d333aa6,153d50f3-26e2-5d61-bf34-38615c211570,,8469f799-0d87-44b4-84e9-b18f6a443ba3,savings_deposit,996,2026-02-08,Imported from yekatit 2018 (Ethiopian) collection sheet
1c927a52-1409-5eb6-9428-2f2970741800,e5b336ba-b0f3-55b3-8c80-2558ac0e5303,,8469f799-0d87-44b4-84e9-b18f6a443ba3,savings_deposit,2000,2026-02-08,Imported from yekatit 2018 (Ethiopian) collection sheet
aa241c78-1963-5837-abbe-ea6fec97844b,931b0746-94f4-5576-8f61-cae6f5f4e9fb,,8469f799-0d87-44b4-84e9-b18f6a443ba3,savings_deposit,500,2026-02-08,Imported from yekatit 2018 (Ethiopian) collection sheet
89f5407d-eb35-5235-b847-bf66f66355c7,a3d64128-76ea-59ec-b4bc-75f491ee497a,,8469f799-0d87-44b4-84e9-b18f6a443ba3,savings_deposit,300,2026-02-08,Imported from yekatit 2018 (Ethiopian) collection sheet
9169d23e-206c-5087-98aa-7f076b876954,853361d8-303e-5f8d-a5b8-e3f4eefa0cc0,,8469f799-0d87-44b4-84e9-b18f6a443ba3,savings_deposit,1000,2026-02-08,Imported from yekatit 2018 (Ethiopian) collection sheet
b058cfda-7ae5-5fa8-9464-920502898efa,853361d8-303e-5f8d-a5b8-e3f4eefa0cc0,,8469f799-0d87-44b4-84e9-b18f6a443ba3,penalty_payment,50,2026-02-08,Imported from yekatit 2018 (Ethiopian) collection sheet
9e3b5357-0b02-50dd-af37-e2f4045d232c,53ff7ea7-b493-5696-ac33-638e20ed23d6,,8469f799-0d87-44b4-84e9-b18f6a443ba3,savings_deposit,300,2026-02-08,Imported from yekatit 2018 (Ethiopian) collection sheet
590f9ac7-8d2c-56f5-b850-d7b5632ae685,ddb4d203-8783-5e23-9a3d-e72378bfa8c5,,8469f799-0d87-44b4-84e9-b18f6a443ba3,savings_deposit,1421.98,2026-02-08,Imported from yekatit 2018 (Ethiopian) collection sheet
b7b6ef02-1f03-57b5-8da8-26b815028501,ddb4d203-8783-5e23-9a3d-e72378bfa8c5,,8469f799-0d87-44b4-84e9-b18f6a443ba3,penalty_payment,176.02,2026-02-08,Imported from yekatit 2018 (Ethiopian) collection sheet
3184a730-038c-513a-9e8f-a8a248c9d631,40f55d53-b6d1-5f39-87c3-7a1f51dba41f,,8469f799-0d87-44b4-84e9-b18f6a443ba3,savings_deposit,1000,2026-02-08,Imported from yekatit 2018 (Ethiopian) collection sheet
c180f367-cade-59f0-a6f7-273a9f20ed23,190f76d1-882b-54af-a156-bf8336cf47bc,,8469f799-0d87-44b4-84e9-b18f6a443ba3,savings_deposit,500,2026-02-08,Imported from yekatit 2018 (Ethiopian) collection sheet
f29f58ae-6d05-53a8-bf7c-172b6c9ab3b9,2a9148cc-142c-550b-b7ba-dc80a11f4914,,8469f799-0d87-44b4-84e9-b18f6a443ba3,savings_deposit,500,2026-02-08,Imported from yekatit 2018 (Ethiopian) collection sheet
f0475139-b4dc-5033-9d02-98c0ace21037,2a9148cc-142c-550b-b7ba-dc80a11f4914,,8469f799-0d87-44b4-84e9-b18f6a443ba3,share_purchase,500,2026-02-08,Imported from yekatit 2018 (Ethiopian) collection sheet
1abff989-c8c0-50d1-8bee-d55c5736a826,063b4232-a6e8-5c72-8949-eac343337d09,,8469f799-0d87-44b4-84e9-b18f6a443ba3,savings_deposit,500,2026-02-08,Imported from yekatit 2018 (Ethiopian) collection sheet
1df2803e-c161-5b02-a06f-21e0be9506aa,e2583ea5-bea6-58c0-88f9-1dd731746ec6,,8469f799-0d87-44b4-84e9-b18f6a443ba3,savings_deposit,1200,2026-02-08,Imported from yekatit 2018 (Ethiopian) collection sheet
77c63e93-ccc6-5c64-b53e-7b96028329c9,e2583ea5-bea6-58c0-88f9-1dd731746ec6,,8469f799-0d87-44b4-84e9-b18f6a443ba3,share_purchase,2000,2026-02-08,Imported from yekatit 2018 (Ethiopian) collection sheet
71e49364-3636-5e26-8436-ff137fa2d940,291b70c1-e4ab-514f-a557-232a75feb979,,8469f799-0d87-44b4-84e9-b18f6a443ba3,savings_deposit,1000,2026-02-08,Imported from yekatit 2018 (Ethiopian) collection sheet
39e7723e-fb69-5b66-8b46-20227b26170e,234ef2cd-10db-5e9f-b1a9-c0696ebce40d,,8469f799-0d87-44b4-84e9-b18f6a443ba3,savings_deposit,1000,2026-02-08,Imported from yekatit 2018 (Ethiopian) collection sheet
27670ed4-c611-5dba-984f-83a4fa09bd33,ed85c919-5c3b-5eb4-95c8-b11e7698c38d,,8469f799-0d87-44b4-84e9-b18f6a443ba3,savings_deposit,500,2026-02-08,Imported from yekatit 2018 (Ethiopian) collection sheet
58340336-7a32-594b-8aab-fec7d52c9a89,8c7cc508-4acf-5805-95a1-d2256303fc96,,8469f799-0d87-44b4-84e9-b18f6a443ba3,savings_deposit,300,2026-02-08,Imported from yekatit 2018 (Ethiopian) collection sheet
5c471458-1118-5e37-94c4-32f17e0ef687,3061b4b5-43d6-5a2f-bc12-e65c7d0b2a07,,8469f799-0d87-44b4-84e9-b18f6a443ba3,savings_deposit,580,2026-02-08,Imported from yekatit 2018 (Ethiopian) collection sheet
bedc2fbc-d59a-550f-bf02-45b4f8d1d1cd,46482174-29d4-5343-8060-527c13d865f2,,8469f799-0d87-44b4-84e9-b18f6a443ba3,savings_deposit,1000,2026-02-08,Imported from yekatit 2018 (Ethiopian) collection sheet
f9df8148-8e95-56b4-a1fa-af439819f586,46482174-29d4-5343-8060-527c13d865f2,,8469f799-0d87-44b4-84e9-b18f6a443ba3,share_purchase,1600,2026-02-08,Imported from yekatit 2018 (Ethiopian) collection sheet
4bdff858-2a61-59db-8694-46e2cf73aede,5ddc26e5-de48-59a0-83d7-94f66b9e4603,,8469f799-0d87-44b4-84e9-b18f6a443ba3,savings_deposit,1000,2026-02-08,Imported from yekatit 2018 (Ethiopian) collection sheet
56f4902a-82dc-5f0f-9cea-a86c53ca2bde,f34fe5ba-00a1-513e-ba67-47de67cfb5e0,,8469f799-0d87-44b4-84e9-b18f6a443ba3,savings_deposit,500,2026-02-08,Imported from yekatit 2018 (Ethiopian) collection sheet
52a6b028-5b5f-5e31-a9f0-cd3de7f0c65b,e56738c4-4c2f-5a94-9f05-992ceed2b0d3,,8469f799-0d87-44b4-84e9-b18f6a443ba3,savings_deposit,1000,2026-02-08,Imported from yekatit 2018 (Ethiopian) collection sheet
4dfefa80-e47f-5341-9551-6ebdade20a99,e56738c4-4c2f-5a94-9f05-992ceed2b0d3,,8469f799-0d87-44b4-84e9-b18f6a443ba3,share_purchase,1050,2026-02-08,Imported from yekatit 2018 (Ethiopian) collection sheet
f7f3ea6f-dfbb-587c-807c-7a93589d8142,e56738c4-4c2f-5a94-9f05-992ceed2b0d3,,8469f799-0d87-44b4-84e9-b18f6a443ba3,penalty_payment,50,2026-02-08,Imported from yekatit 2018 (Ethiopian) collection sheet
763b7920-6b27-5e9c-b093-f1d0621d42d3,525ba4e9-91e9-5ad0-9f9c-8861cfbb699d,,8469f799-0d87-44b4-84e9-b18f6a443ba3,savings_deposit,800,2026-02-08,Imported from yekatit 2018 (Ethiopian) collection sheet
544d2571-1ad5-5bff-b718-a240aeb0772c,525ba4e9-91e9-5ad0-9f9c-8861cfbb699d,,8469f799-0d87-44b4-84e9-b18f6a443ba3,penalty_payment,50,2026-02-08,Imported from yekatit 2018 (Ethiopian) collection sheet
56cc60ee-44a1-5fd7-861f-7a2af8ceec27,5cce1f82-3f5e-5e69-920e-b32eba9c0204,,8469f799-0d87-44b4-84e9-b18f6a443ba3,savings_deposit,500,2026-02-08,Imported from yekatit 2018 (Ethiopian) collection sheet
cab83244-ae4f-5386-8fc4-22507a87c3ca,45af6e13-a8f4-56f2-8ef9-b73c7dd5cdd1,,8469f799-0d87-44b4-84e9-b18f6a443ba3,savings_deposit,499,2026-02-08,Imported from yekatit 2018 (Ethiopian) collection sheet
294cb039-3b39-598e-ac83-e3a69454f8a1,6c1cccc7-063d-5548-96bf-c8b76b4609bc,,8469f799-0d87-44b4-84e9-b18f6a443ba3,savings_deposit,1000,2026-02-08,Imported from yekatit 2018 (Ethiopian) collection sheet
e4312d2b-b073-5fad-9c1a-549e79138d1b,6c1cccc7-063d-5548-96bf-c8b76b4609bc,,8469f799-0d87-44b4-84e9-b18f6a443ba3,penalty_payment,50,2026-02-08,Imported from yekatit 2018 (Ethiopian) collection sheet
8e3cce2b-1860-5a87-81ec-f4bd771d6247,fa2151db-7eef-5c30-9e07-8de3985ca350,,8469f799-0d87-44b4-84e9-b18f6a443ba3,savings_deposit,799,2026-02-08,Imported from yekatit 2018 (Ethiopian) collection sheet
8eb8cdbf-7d6b-5e4f-9802-4454804e2475,57956ee2-c849-545e-b15b-4724a8b68210,,8469f799-0d87-44b4-84e9-b18f6a443ba3,savings_deposit,300,2026-02-08,Imported from yekatit 2018 (Ethiopian) collection sheet
98c960bc-0474-59ea-bcc4-d2c31dfcc487,3d0bbb7f-ffd0-58b8-a762-659e62ff49c6,,8469f799-0d87-44b4-84e9-b18f6a443ba3,savings_deposit,300,2026-02-08,Imported from yekatit 2018 (Ethiopian) collection sheet
e53cccf9-6a0e-5feb-8beb-39dced53d816,3d0bbb7f-ffd0-58b8-a762-659e62ff49c6,,8469f799-0d87-44b4-84e9-b18f6a443ba3,share_purchase,500,2026-02-08,Imported from yekatit 2018 (Ethiopian) collection sheet
b04fdec6-be22-59aa-9df2-9de69f427fce,851c52ee-df4c-5558-bf08-b4d8183abfa5,,8469f799-0d87-44b4-84e9-b18f6a443ba3,savings_deposit,916,2026-02-08,Imported from yekatit 2018 (Ethiopian) collection sheet
ce767ce0-154d-51ab-9f87-281eda328b86,7c5ca725-9ded-56ac-b940-fac936b46282,,8469f799-0d87-44b4-84e9-b18f6a443ba3,savings_deposit,2000,2026-02-08,Imported from yekatit 2018 (Ethiopian) collection sheet
26779864-499d-5fe0-aa25-81f66b716d99,aad6fb2e-75fe-52ed-b422-b6f3666b5d3e,,8469f799-0d87-44b4-84e9-b18f6a443ba3,savings_deposit,1000,2026-02-08,Imported from yekatit 2018 (Ethiopian) collection sheet
7fc58435-82f5-5407-8234-1a31895ae425,aad6fb2e-75fe-52ed-b422-b6f3666b5d3e,,8469f799-0d87-44b4-84e9-b18f6a443ba3,share_purchase,1300,2026-02-08,Imported from yekatit 2018 (Ethiopian) collection sheet
25e03ef0-5946-528e-b99c-c1444bb3c6b7,36fd29c5-a786-5484-b733-86fbfe2c1184,,8469f799-0d87-44b4-84e9-b18f6a443ba3,savings_deposit,500,2026-02-08,Imported from yekatit 2018 (Ethiopian) collection sheet
4d0690dc-4229-5687-b3bd-4d07a74cf6f5,455b7b7c-a0ec-5e51-9939-03896ecd0f48,,8469f799-0d87-44b4-84e9-b18f6a443ba3,savings_deposit,300,2026-02-08,Imported from yekatit 2018 (Ethiopian) collection sheet
41e6e520-33e1-529a-a138-ee260dca9303,92ece406-1c58-5c89-ab67-c39497211f35,,8469f799-0d87-44b4-84e9-b18f6a443ba3,savings_deposit,1000,2026-02-08,Imported from yekatit 2018 (Ethiopian) collection sheet
95932f9d-0f71-55ce-88d7-bcf959393ded,ad62a251-c5c5-57dd-8560-f3108d7e018d,,8469f799-0d87-44b4-84e9-b18f6a443ba3,savings_deposit,1000,2026-02-08,Imported from yekatit 2018 (Ethiopian) collection sheet
4cbf79db-0559-5d70-8739-8ea99e2762c6,702a64d1-c195-57b1-a80b-b826bdb158e3,,8469f799-0d87-44b4-84e9-b18f6a443ba3,savings_deposit,1000,2026-02-08,Imported from yekatit 2018 (Ethiopian) collection sheet
ddfa356d-838d-5ee2-a670-1c9ca9e51e20,702a64d1-c195-57b1-a80b-b826bdb158e3,,8469f799-0d87-44b4-84e9-b18f6a443ba3,share_purchase,2315,2026-02-08,Imported from yekatit 2018 (Ethiopian) collection sheet
a121ada2-205c-5637-827e-4ae4825476af,702a64d1-c195-57b1-a80b-b826bdb158e3,,8469f799-0d87-44b4-84e9-b18f6a443ba3,penalty_payment,155,2026-02-08,Imported from yekatit 2018 (Ethiopian) collection sheet
0ed700ae-07f7-587d-ad38-b02355c6e5a3,a53169c6-8855-52ab-958f-9f12cb9a5575,,8469f799-0d87-44b4-84e9-b18f6a443ba3,savings_deposit,300,2026-02-08,Imported from yekatit 2018 (Ethiopian) collection sheet
76e0317a-5314-5eec-8297-d56fa58c24f3,b3753ad4-8917-51cb-bcf2-00be4a652cf5,,8469f799-0d87-44b4-84e9-b18f6a443ba3,savings_deposit,500,2026-02-08,Imported from yekatit 2018 (Ethiopian) collection sheet
d79cc81e-c036-5d41-b018-31e44d8eabfd,4eddb914-b607-5910-8203-d43303149149,,8469f799-0d87-44b4-84e9-b18f6a443ba3,savings_deposit,1242,2026-02-08,Imported from yekatit 2018 (Ethiopian) collection sheet
b271ccc4-8544-56dc-9440-e4984ccc9dd4,e80494f0-91cb-543b-a13a-cf7a4d60e8b2,,8469f799-0d87-44b4-84e9-b18f6a443ba3,savings_deposit,2000,2026-02-08,Imported from yekatit 2018 (Ethiopian) collection sheet
b9acb1e2-8048-5c01-bf60-2cebb41a3247,29989b23-a726-57ee-a9c9-47185b8fec11,,8469f799-0d87-44b4-84e9-b18f6a443ba3,savings_deposit,500,2026-02-08,Imported from yekatit 2018 (Ethiopian) collection sheet
2cc832da-4cc3-5c80-a91c-e6f0a9f1fb16,0fbc5235-dbf9-5b35-a480-3b8a77a7f965,,8469f799-0d87-44b4-84e9-b18f6a443ba3,savings_deposit,1000,2026-02-08,Imported from yekatit 2018 (Ethiopian) collection sheet
4612d0ae-c98b-5368-b15c-e4cab75f5efc,0fbc5235-dbf9-5b35-a480-3b8a77a7f965,,8469f799-0d87-44b4-84e9-b18f6a443ba3,penalty_payment,50,2026-02-08,Imported from yekatit 2018 (Ethiopian) collection sheet
405b81bc-9136-5edd-b680-12ea9c9486ad,0a763b72-8599-5994-a69c-29167da29bf0,,8469f799-0d87-44b4-84e9-b18f6a443ba3,savings_deposit,300,2026-02-08,Imported from yekatit 2018 (Ethiopian) collection sheet
bca3dc0a-3b04-5d34-b520-bb4255123eef,39b48c41-03c3-5fbf-a867-a7f46fa34122,,8469f799-0d87-44b4-84e9-b18f6a443ba3,savings_deposit,500,2026-02-08,Imported from yekatit 2018 (Ethiopian) collection sheet
4db15086-5dde-5435-a75a-0914e7efe130,ca334b3d-3acd-52a7-983e-ec5b0e203b72,,8469f799-0d87-44b4-84e9-b18f6a443ba3,savings_deposit,1044,2026-02-08,Imported from yekatit 2018 (Ethiopian) collection sheet
5bb23e3b-ac07-5e95-aac9-ea2058c209ba,3c2609c2-54e1-5a48-9a86-1bc3e84f3051,,8469f799-0d87-44b4-84e9-b18f6a443ba3,savings_deposit,2000,2026-02-08,Imported from yekatit 2018 (Ethiopian) collection sheet
11058304-fe84-526d-80f9-6e4124db73b8,125f3d29-ba17-5171-83d2-afeea46bbc03,,8469f799-0d87-44b4-84e9-b18f6a443ba3,savings_deposit,299,2026-02-08,Imported from yekatit 2018 (Ethiopian) collection sheet
7fc8424f-ff11-550d-b693-f510d381ed21,11f52fd5-83dc-5f81-adbc-b62c4720f4fb,,8469f799-0d87-44b4-84e9-b18f6a443ba3,savings_deposit,1150,2026-02-08,Imported from yekatit 2018 (Ethiopian) collection sheet
9152d4df-ad39-51f6-8581-ef8a6a4ab5e8,11f52fd5-83dc-5f81-adbc-b62c4720f4fb,,8469f799-0d87-44b4-84e9-b18f6a443ba3,penalty_payment,50,2026-02-08,Imported from yekatit 2018 (Ethiopian) collection sheet
7fed86b5-d74c-52d8-bed5-c017ad5e7c36,8032a0c2-dae9-57ba-86fc-1a9d80962ddf,,8469f799-0d87-44b4-84e9-b18f6a443ba3,savings_deposit,999,2026-02-08,Imported from yekatit 2018 (Ethiopian) collection sheet
aebde472-0389-5f51-a48d-582563a34002,71f4c2a5-fe70-5477-a35d-3ffbef658197,,8469f799-0d87-44b4-84e9-b18f6a443ba3,savings_deposit,1000,2026-02-08,Imported from yekatit 2018 (Ethiopian) collection sheet
1db7ca28-25cc-52ee-a336-986fe3a09d8b,71f4c2a5-fe70-5477-a35d-3ffbef658197,,8469f799-0d87-44b4-84e9-b18f6a443ba3,share_purchase,534,2026-02-08,Imported from yekatit 2018 (Ethiopian) collection sheet
bc3adcaa-77ae-5574-82c3-b2d30d9d54a4,f2f1058c-5d30-5571-8877-d28487edbe16,,8469f799-0d87-44b4-84e9-b18f6a443ba3,savings_deposit,578,2026-02-08,Imported from yekatit 2018 (Ethiopian) collection sheet
a9320a1a-edfc-5aae-b9d0-721db1ad1046,34dd36a5-118a-5e12-a67f-3b49d921bb51,,8469f799-0d87-44b4-84e9-b18f6a443ba3,savings_deposit,1000,2026-02-08,Imported from yekatit 2018 (Ethiopian) collection sheet
f35f0ace-0090-5363-941c-5023d6819e86,6f5c0e57-34ab-5a5f-9d91-ae406320fc26,,8469f799-0d87-44b4-84e9-b18f6a443ba3,savings_deposit,1000,2026-02-08,Imported from yekatit 2018 (Ethiopian) collection sheet
02903ef8-42c2-5445-b7fd-b85ca64c0265,8cd9b157-768a-527a-90b5-2d0d4628c94a,,8469f799-0d87-44b4-84e9-b18f6a443ba3,savings_deposit,500,2026-02-08,Imported from yekatit 2018 (Ethiopian) collection sheet
30e9bfa4-db55-5a4e-8dd1-b7f210e666b8,354b4c37-2e0b-5f50-923f-75e9c0064233,,8469f799-0d87-44b4-84e9-b18f6a443ba3,savings_deposit,500,2026-02-08,Imported from yekatit 2018 (Ethiopian) collection sheet
f78da7f9-ea3f-57c9-9811-25eead728da0,c74a373f-3f8b-59a4-b68d-a6569e7e8345,,8469f799-0d87-44b4-84e9-b18f6a443ba3,savings_deposit,100,2026-02-08,Imported from yekatit 2018 (Ethiopian) collection sheet
97695451-613b-5bd6-848e-bfde03dac5de,c74a373f-3f8b-59a4-b68d-a6569e7e8345,,8469f799-0d87-44b4-84e9-b18f6a443ba3,penalty_payment,377,2026-02-08,Imported from yekatit 2018 (Ethiopian) collection sheet
ae424bb5-60cb-55bf-9d59-01b3c763c62c,977128b0-a9c7-513f-8db5-812416bc280f,,8469f799-0d87-44b4-84e9-b18f6a443ba3,savings_deposit,300,2026-02-08,Imported from yekatit 2018 (Ethiopian) collection sheet
48cab9f0-d949-57c7-a898-b61a9f5766d4,a1f289ae-ae47-540a-9fe1-8887c6c02727,,8469f799-0d87-44b4-84e9-b18f6a443ba3,savings_deposit,202,2026-02-08,Imported from yekatit 2018 (Ethiopian) collection sheet
ead6191a-90d8-5d7e-aa4a-7d3fd8d01d75,f4d3c897-4e25-51d1-bd31-b5266a7f6180,,8469f799-0d87-44b4-84e9-b18f6a443ba3,savings_deposit,499,2026-02-08,Imported from yekatit 2018 (Ethiopian) collection sheet
1911d802-d414-5f20-9c5a-36c1fd9c9642,cd0872ad-8f7d-5a15-b293-edc89f474de3,,8469f799-0d87-44b4-84e9-b18f6a443ba3,savings_deposit,499,2026-02-08,Imported from yekatit 2018 (Ethiopian) collection sheet
60475b68-bfd0-552a-a171-08f368f0d3e5,2e5e1ac8-b2fe-5bd4-a1e3-f4032579bda0,,8469f799-0d87-44b4-84e9-b18f6a443ba3,savings_deposit,500,2026-02-08,Imported from yekatit 2018 (Ethiopian) collection sheet
827083ce-368b-5ee5-add2-c86b264f38fd,10f1f992-35ba-5068-a0f7-9f831a267ccb,,8469f799-0d87-44b4-84e9-b18f6a443ba3,savings_deposit,1003,2026-02-08,Imported from yekatit 2018 (Ethiopian) collection sheet
a7152383-9ff0-5fc6-9a1f-c0c28d90f9c1,051eb74f-3bea-595a-a4dc-f08b2b9bf711,,8469f799-0d87-44b4-84e9-b18f6a443ba3,savings_deposit,500,2026-02-08,Imported from yekatit 2018 (Ethiopian) collection sheet
74a373e0-4280-5f07-938e-6f2a39a5adb2,051eb74f-3bea-595a-a4dc-f08b2b9bf711,,8469f799-0d87-44b4-84e9-b18f6a443ba3,share_purchase,1216,2026-02-08,Imported from yekatit 2018 (Ethiopian) collection sheet
01c2b178-9e5e-55f3-9d45-ac0310adf6c4,4eed4f71-e460-5a5b-9916-34719987c2aa,,8469f799-0d87-44b4-84e9-b18f6a443ba3,savings_deposit,1000,2026-02-08,Imported from yekatit 2018 (Ethiopian) collection sheet
d37c5081-6b88-5539-b31a-a905590c56f1,3d152d6f-ed5b-5cce-82c4-f386a9ee0ce4,,8469f799-0d87-44b4-84e9-b18f6a443ba3,savings_deposit,330,2026-02-08,Imported from yekatit 2018 (Ethiopian) collection sheet
58f2f477-c468-5b5e-b8f4-3b2c574f7c46,54dcf52c-ffc8-508a-83e0-26063fb2621a,,8469f799-0d87-44b4-84e9-b18f6a443ba3,savings_deposit,499,2026-02-08,Imported from yekatit 2018 (Ethiopian) collection sheet
951d250b-9e46-5348-a023-33aec85f8f37,c8989434-079a-5278-9c33-cac561d3427a,,8469f799-0d87-44b4-84e9-b18f6a443ba3,savings_deposit,460,2026-02-08,Imported from yekatit 2018 (Ethiopian) collection sheet
5c8b9f32-315d-5cf6-8424-a786e4b3f26a,2f80699b-30f8-50d9-b2c6-484d7f9dc1ec,,8469f799-0d87-44b4-84e9-b18f6a443ba3,savings_deposit,300,2026-02-08,Imported from yekatit 2018 (Ethiopian) collection sheet
c68c99aa-6229-58c4-b610-848b269e9824,170f7791-7bf0-577c-a043-64fb779a31d9,,8469f799-0d87-44b4-84e9-b18f6a443ba3,savings_deposit,1500,2026-02-08,Imported from yekatit 2018 (Ethiopian) collection sheet
48dd9324-5d59-5c76-82c6-251a49e6dc84,00996b02-5241-589e-aeb7-425449f40eb8,,8469f799-0d87-44b4-84e9-b18f6a443ba3,savings_deposit,1000,2026-02-08,Imported from yekatit 2018 (Ethiopian) collection sheet
3fac0c78-3fcb-5dbf-87d3-68f95d437be2,00996b02-5241-589e-aeb7-425449f40eb8,,8469f799-0d87-44b4-84e9-b18f6a443ba3,share_purchase,1000,2026-02-08,Imported from yekatit 2018 (Ethiopian) collection sheet
315bd914-0296-5ba1-a84b-18322e22eae6,beb33a9f-37f1-5872-8cb9-1e26996f8407,,8469f799-0d87-44b4-84e9-b18f6a443ba3,savings_deposit,500,2026-02-08,Imported from yekatit 2018 (Ethiopian) collection sheet
b5f90251-265a-5de8-93c5-5512e04704ab,76f88045-5002-5b6e-9681-43b735316605,,8469f799-0d87-44b4-84e9-b18f6a443ba3,savings_deposit,1000,2026-02-08,Imported from yekatit 2018 (Ethiopian) collection sheet
ed9df06a-5390-59d1-9007-e2da6ef27872,76f88045-5002-5b6e-9681-43b735316605,,8469f799-0d87-44b4-84e9-b18f6a443ba3,share_purchase,2500,2026-02-08,Imported from yekatit 2018 (Ethiopian) collection sheet
904eb85d-62bf-5936-8c1b-65204a3016b9,bdb182bc-d9f0-5a24-932e-123d5da6612b,,8469f799-0d87-44b4-84e9-b18f6a443ba3,savings_deposit,300,2026-02-08,Imported from yekatit 2018 (Ethiopian) collection sheet
55bb40d0-f5d7-51e4-b8f2-3e2f1620cdc3,991e35bc-30fb-5dc8-ac2b-8018c60eddb2,,8469f799-0d87-44b4-84e9-b18f6a443ba3,savings_deposit,500,2026-02-08,Imported from yekatit 2018 (Ethiopian) collection sheet
30067c52-65c5-56e4-9c5b-18d67e0a2208,62734299-08da-5759-bcec-2ee0c758799c,,8469f799-0d87-44b4-84e9-b18f6a443ba3,savings_deposit,301,2026-02-08,Imported from yekatit 2018 (Ethiopian) collection sheet
e76ee316-fca8-55f6-9d2e-e55b8ec561c0,657f1680-7a2b-5bac-8c63-4b8e6d343813,,8469f799-0d87-44b4-84e9-b18f6a443ba3,savings_deposit,519,2026-02-08,Imported from yekatit 2018 (Ethiopian) collection sheet
5b5e9cca-d77f-5d14-b081-5048490b4845,869176ce-c515-5353-b0dd-d5925b52340d,,8469f799-0d87-44b4-84e9-b18f6a443ba3,savings_deposit,300,2026-02-08,Imported from yekatit 2018 (Ethiopian) collection sheet
84c8afad-37ff-5465-9ac4-aacb6653966c,1de9385b-94da-5913-8519-c4d9da1f84a0,,8469f799-0d87-44b4-84e9-b18f6a443ba3,savings_deposit,750,2026-02-08,Imported from yekatit 2018 (Ethiopian) collection sheet
14143647-de79-5dc8-b24a-51e063c9ba35,1de9385b-94da-5913-8519-c4d9da1f84a0,,8469f799-0d87-44b4-84e9-b18f6a443ba3,penalty_payment,50,2026-02-08,Imported from yekatit 2018 (Ethiopian) collection sheet
59498522-78c7-5b7c-b768-2e96536343a3,aee4b7df-f455-5168-970e-5b37cd8740d3,,8469f799-0d87-44b4-84e9-b18f6a443ba3,savings_deposit,1000,2026-02-08,Imported from yekatit 2018 (Ethiopian) collection sheet
f91b6936-665b-5470-b404-f0dcbfc4dd37,aee4b7df-f455-5168-970e-5b37cd8740d3,,8469f799-0d87-44b4-84e9-b18f6a443ba3,penalty_payment,50,2026-02-08,Imported from yekatit 2018 (Ethiopian) collection sheet
fd37e679-9682-5bfa-907a-464d57e49ce8,d7d27b5f-57d6-5506-9ce7-7ab56fd82b56,,8469f799-0d87-44b4-84e9-b18f6a443ba3,savings_deposit,1000,2026-02-08,Imported from yekatit 2018 (Ethiopian) collection sheet
d065d7ee-0a58-5032-b276-f1d5c02b6083,d7d27b5f-57d6-5506-9ce7-7ab56fd82b56,,8469f799-0d87-44b4-84e9-b18f6a443ba3,penalty_payment,50,2026-02-08,Imported from yekatit 2018 (Ethiopian) collection sheet
22947c16-7a7b-5a25-bed1-0fb14ab47b54,3bbb05b3-76ad-58f1-891b-6777e08fe734,,8469f799-0d87-44b4-84e9-b18f6a443ba3,savings_deposit,500,2026-02-08,Imported from yekatit 2018 (Ethiopian) collection sheet
5e6ebacb-a39d-5c9b-8809-e65ab97b9c6a,f4772095-a982-5f67-9483-de5bd0269aa2,,8469f799-0d87-44b4-84e9-b18f6a443ba3,savings_deposit,700,2026-02-08,Imported from yekatit 2018 (Ethiopian) collection sheet
eff5dc30-298c-58b1-8bd4-b503f58ca83b,83d1ef33-a567-5b93-aa5d-703c3f0a726d,,8469f799-0d87-44b4-84e9-b18f6a443ba3,penalty_payment,403.34,2026-02-08,Imported from yekatit 2018 (Ethiopian) collection sheet
d512df9e-1f9b-5fd8-b80b-acd46d9626f7,b1242fc4-085a-59d9-bd25-3d53db393a95,,8469f799-0d87-44b4-84e9-b18f6a443ba3,savings_deposit,300,2026-02-08,Imported from yekatit 2018 (Ethiopian) collection sheet
65de3262-d1fd-51da-a3e3-4d8e2d52ba17,73e6cb68-bbf3-5dd1-84d3-1cba1163b07f,,8469f799-0d87-44b4-84e9-b18f6a443ba3,savings_deposit,300,2026-02-08,Imported from yekatit 2018 (Ethiopian) collection sheet
1a839e65-289d-54c5-9851-8a40a52591df,a4356662-e458-54c8-9ee5-b90949d068cd,,8469f799-0d87-44b4-84e9-b18f6a443ba3,savings_deposit,500,2026-02-08,Imported from yekatit 2018 (Ethiopian) collection sheet
a1b35976-a993-5cdd-85a2-57eeb6f3f60a,a4356662-e458-54c8-9ee5-b90949d068cd,,8469f799-0d87-44b4-84e9-b18f6a443ba3,share_purchase,1000,2026-02-08,Imported from yekatit 2018 (Ethiopian) collection sheet
4bc8c2bb-fa90-57e0-bbdc-3ccba6d5f2c8,72a8896e-535f-58b2-9a53-39bcdd203fce,,8469f799-0d87-44b4-84e9-b18f6a443ba3,savings_deposit,300,2026-02-08,Imported from yekatit 2018 (Ethiopian) collection sheet
b351fce4-bd44-5154-9aa2-7fe406eba81d,a6ebd1b9-8689-5540-b5c3-376f9dc47bdb,,8469f799-0d87-44b4-84e9-b18f6a443ba3,savings_deposit,1000,2026-02-08,Imported from yekatit 2018 (Ethiopian) collection sheet
9276a7fb-8b24-539a-8998-35387d198a3b,60c2f8aa-0358-56b0-9984-d4186f05f767,,8469f799-0d87-44b4-84e9-b18f6a443ba3,savings_deposit,460,2026-02-08,Imported from yekatit 2018 (Ethiopian) collection sheet
7600798c-e636-5acc-8242-28de0f6cb52a,cb6fbfe0-6561-5ae8-abb0-22e11f38b62b,,8469f799-0d87-44b4-84e9-b18f6a443ba3,savings_deposit,500,2026-02-08,Imported from yekatit 2018 (Ethiopian) collection sheet
b72b5176-0f1f-514d-9526-60dbfea9724e,c25c27a2-8d3d-5fa4-99d5-1712bde7ef39,,8469f799-0d87-44b4-84e9-b18f6a443ba3,savings_deposit,1000,2026-02-08,Imported from yekatit 2018 (Ethiopian) collection sheet
6c3d5466-8aa3-5f6a-8a05-4d60d4df2d53,1ad8f71e-4f15-52fb-8ad6-158e2ccac339,,8469f799-0d87-44b4-84e9-b18f6a443ba3,savings_deposit,500,2026-02-08,Imported from yekatit 2018 (Ethiopian) collection sheet
9b727d07-8606-5431-80e5-8dcf4c941667,1ad8f71e-4f15-52fb-8ad6-158e2ccac339,,8469f799-0d87-44b4-84e9-b18f6a443ba3,share_purchase,500,2026-02-08,Imported from yekatit 2018 (Ethiopian) collection sheet
205cc256-7e0d-594d-a34d-0cad0f64b092,f76d7cab-6a2e-5d14-89da-26ccafbd3be0,,8469f799-0d87-44b4-84e9-b18f6a443ba3,savings_deposit,500,2026-02-08,Imported from yekatit 2018 (Ethiopian) collection sheet
e49400f9-4cb1-564d-a1d5-80cfebff8d88,fc4352be-369e-5598-8274-98a6cae1f207,,8469f799-0d87-44b4-84e9-b18f6a443ba3,savings_deposit,500,2026-02-08,Imported from yekatit 2018 (Ethiopian) collection sheet
0db7f6cf-d53d-5bfc-9e48-01ab1d50aa09,c3a66182-f9eb-55b0-a3f4-fe924a4dec95,,8469f799-0d87-44b4-84e9-b18f6a443ba3,savings_deposit,500,2026-02-08,Imported from yekatit 2018 (Ethiopian) collection sheet
ed090758-c3d4-5289-ae76-9779cd96c78a,d3faf4eb-9546-5aa9-9995-1d985500ac16,,8469f799-0d87-44b4-84e9-b18f6a443ba3,savings_deposit,500,2026-02-08,Imported from yekatit 2018 (Ethiopian) collection sheet
72bf6171-8e67-512f-b6e2-20e70b2520d2,d3faf4eb-9546-5aa9-9995-1d985500ac16,,8469f799-0d87-44b4-84e9-b18f6a443ba3,share_purchase,500,2026-02-08,Imported from yekatit 2018 (Ethiopian) collection sheet
e8b61c5c-258f-5166-aed5-6a4c5a9b8489,6c8bee9a-74b1-5e90-afac-e0a6e165fcef,,8469f799-0d87-44b4-84e9-b18f6a443ba3,savings_deposit,300,2026-02-08,Imported from yekatit 2018 (Ethiopian) collection sheet
e980f27c-5905-5aee-9e36-ac5c6b394992,6c8bee9a-74b1-5e90-afac-e0a6e165fcef,,8469f799-0d87-44b4-84e9-b18f6a443ba3,share_purchase,700,2026-02-08,Imported from yekatit 2018 (Ethiopian) collection sheet
6d6af0a4-de20-542f-b2ac-1904aa293a69,53198375-0834-5854-95d3-f14812d02e9f,,8469f799-0d87-44b4-84e9-b18f6a443ba3,savings_deposit,500,2026-02-08,Imported from yekatit 2018 (Ethiopian) collection sheet
6af4cd40-d47c-5670-bd5d-13bafc9b0af3,653a7e72-171e-5a5b-a8bc-a744f16e7542,,8469f799-0d87-44b4-84e9-b18f6a443ba3,savings_deposit,1000,2026-02-08,Imported from yekatit 2018 (Ethiopian) collection sheet
71e0615f-c165-51c3-a3f3-81a33f24c181,653a7e72-171e-5a5b-a8bc-a744f16e7542,,8469f799-0d87-44b4-84e9-b18f6a443ba3,share_purchase,1000,2026-02-08,Imported from yekatit 2018 (Ethiopian) collection sheet
a68a48b9-6784-5bce-a95c-3705bc2d961f,439dca62-e8ee-5687-96ba-ed76048724b5,,8469f799-0d87-44b4-84e9-b18f6a443ba3,savings_deposit,500,2026-02-08,Imported from yekatit 2018 (Ethiopian) collection sheet
3933e4cb-bab2-5309-9d9d-a3bc07133ca3,9bcb279d-1071-5ff0-aae5-53ea184ce725,,8469f799-0d87-44b4-84e9-b18f6a443ba3,savings_deposit,500,2026-02-08,Imported from yekatit 2018 (Ethiopian) collection sheet
2a248cce-27a2-5180-9adc-5f688301927b,fdf165ea-a6ad-5b9a-a7ed-146969ee7817,,8469f799-0d87-44b4-84e9-b18f6a443ba3,savings_deposit,500,2026-02-08,Imported from yekatit 2018 (Ethiopian) collection sheet
9095918b-81cb-5304-a7f8-5e4d99c1685b,319312c6-6801-528d-b138-81bcf7aba92e,,8469f799-0d87-44b4-84e9-b18f6a443ba3,savings_deposit,749,2026-02-08,Imported from yekatit 2018 (Ethiopian) collection sheet
f3ff2075-a156-5045-a415-813d35919cfd,c5281824-d45c-5e75-baa4-aa7ba6b9b4eb,,8469f799-0d87-44b4-84e9-b18f6a443ba3,savings_deposit,769,2026-02-08,Imported from yekatit 2018 (Ethiopian) collection sheet
b79708cb-eb3e-59cf-9834-0b26d5311934,c5281824-d45c-5e75-baa4-aa7ba6b9b4eb,,8469f799-0d87-44b4-84e9-b18f6a443ba3,penalty_payment,161,2026-02-08,Imported from yekatit 2018 (Ethiopian) collection sheet
aac568b1-2f30-5b32-995a-cefb9141f373,c4233303-1584-59c8-aeac-bf513bb11394,,8469f799-0d87-44b4-84e9-b18f6a443ba3,savings_deposit,500,2026-02-08,Imported from yekatit 2018 (Ethiopian) collection sheet
99e532a7-88d4-575a-a2c1-31afca0f5338,c4233303-1584-59c8-aeac-bf513bb11394,,8469f799-0d87-44b4-84e9-b18f6a443ba3,penalty_payment,424,2026-02-08,Imported from yekatit 2018 (Ethiopian) collection sheet
620827fe-bdae-5ca9-9da1-58b0963bf765,0bc38e75-0d03-50eb-9d02-a102d730494c,,8469f799-0d87-44b4-84e9-b18f6a443ba3,savings_deposit,2157,2026-02-08,Imported from yekatit 2018 (Ethiopian) collection sheet
897925e6-1857-504c-86ad-e9689a05bc04,a771f0ce-7daf-5dc3-8fdf-a04e8fe108cc,,8469f799-0d87-44b4-84e9-b18f6a443ba3,savings_deposit,500,2026-02-08,Imported from yekatit 2018 (Ethiopian) collection sheet
818066b6-2c51-5701-94e9-cdd9e92fde2b,dc05a34e-7603-5430-8644-1006b5eb9ce8,,8469f799-0d87-44b4-84e9-b18f6a443ba3,savings_deposit,1000,2026-02-08,Imported from yekatit 2018 (Ethiopian) collection sheet
cc41ec1a-e9b0-5ace-b2eb-155364b91f3a,dc05a34e-7603-5430-8644-1006b5eb9ce8,,8469f799-0d87-44b4-84e9-b18f6a443ba3,share_purchase,500,2026-02-08,Imported from yekatit 2018 (Ethiopian) collection sheet
541dbb52-693e-5ea8-9efb-1e02d636481e,00504940-bbb4-52dd-9bed-81b31d16e60c,,8469f799-0d87-44b4-84e9-b18f6a443ba3,savings_deposit,300,2026-02-08,Imported from yekatit 2018 (Ethiopian) collection sheet
0bf62036-3782-5f19-aa9a-7fde7723337d,4c1c461a-ae9f-5b76-980a-956c802b4225,,8469f799-0d87-44b4-84e9-b18f6a443ba3,savings_deposit,300,2026-02-08,Imported from yekatit 2018 (Ethiopian) collection sheet
52e10886-6878-5a79-8a12-75dd1d176cf6,4c1c461a-ae9f-5b76-980a-956c802b4225,,8469f799-0d87-44b4-84e9-b18f6a443ba3,share_purchase,1000,2026-02-08,Imported from yekatit 2018 (Ethiopian) collection sheet
a16d4454-1cde-5e9d-85e3-fcef5b36534e,5b09d4aa-c1b0-512a-a1dc-de6bb23c0fa2,,8469f799-0d87-44b4-84e9-b18f6a443ba3,savings_deposit,300,2026-02-08,Imported from yekatit 2018 (Ethiopian) collection sheet
2162276e-9b4f-56f9-979a-3616f784d68e,7de65b59-a390-528f-9574-24528382dc93,,8469f799-0d87-44b4-84e9-b18f6a443ba3,savings_deposit,500,2026-02-08,Imported from yekatit 2018 (Ethiopian) collection sheet
45e95d00-05d8-5d44-89be-e69a3d60a7aa,094105d3-95fc-5ef8-9498-a9da1f7bd987,,8469f799-0d87-44b4-84e9-b18f6a443ba3,savings_deposit,500,2026-02-08,Imported from yekatit 2018 (Ethiopian) collection sheet
4ea648ba-746b-52b5-89cb-dfb0eb4edd4f,094105d3-95fc-5ef8-9498-a9da1f7bd987,,8469f799-0d87-44b4-84e9-b18f6a443ba3,share_purchase,2000,2026-02-08,Imported from yekatit 2018 (Ethiopian) collection sheet
fbc1df4f-dfe4-5724-9edf-59497aee14df,6c7e695e-1c69-5ba8-8e86-11220259cea5,,8469f799-0d87-44b4-84e9-b18f6a443ba3,savings_deposit,600,2026-02-08,Imported from yekatit 2018 (Ethiopian) collection sheet
a15aa86b-6764-567e-b092-916dfeb912f1,640b242e-d25d-5d03-ac35-6d4ada4340a4,,8469f799-0d87-44b4-84e9-b18f6a443ba3,savings_deposit,500,2026-02-08,Imported from yekatit 2018 (Ethiopian) collection sheet
ecf041b2-8e2d-50d9-bae8-f9f518ac9f7f,640b242e-d25d-5d03-ac35-6d4ada4340a4,,8469f799-0d87-44b4-84e9-b18f6a443ba3,share_purchase,500,2026-02-08,Imported from yekatit 2018 (Ethiopian) collection sheet
c159c336-3ab1-51f1-958e-d4ebc5958956,b6399dcf-1caa-5da3-bb09-d4f79922e2ed,,8469f799-0d87-44b4-84e9-b18f6a443ba3,savings_deposit,1000,2026-02-08,Imported from yekatit 2018 (Ethiopian) collection sheet
5ba44bfb-3f34-571f-bb4f-178b124e3230,b6399dcf-1caa-5da3-bb09-d4f79922e2ed,,8469f799-0d87-44b4-84e9-b18f6a443ba3,penalty_payment,50,2026-02-08,Imported from yekatit 2018 (Ethiopian) collection sheet
f4afa57f-98b1-53ab-a5f6-2d046846b12f,fcee7f90-a4ed-5bb4-bc0a-7f04623c694a,,8469f799-0d87-44b4-84e9-b18f6a443ba3,savings_deposit,500,2026-02-08,Imported from yekatit 2018 (Ethiopian) collection sheet
982eb1f0-db27-5c30-9db2-16ba618108be,980a1405-2a66-53ba-b246-90cc1bcd9824,,8469f799-0d87-44b4-84e9-b18f6a443ba3,savings_deposit,500,2026-02-08,Imported from yekatit 2018 (Ethiopian) collection sheet
da1c4c6d-bc8b-5bce-84aa-a51c8219f7c6,ae5e0f27-63ff-5cfe-b320-5839eccb0f39,,8469f799-0d87-44b4-84e9-b18f6a443ba3,savings_deposit,500,2026-02-08,Imported from yekatit 2018 (Ethiopian) collection sheet
1f826d96-536a-5b8f-a1cb-229009241610,ef277d2b-5aa9-5a2b-aa4a-b0a2d5730154,,8469f799-0d87-44b4-84e9-b18f6a443ba3,savings_deposit,500,2026-02-08,Imported from yekatit 2018 (Ethiopian) collection sheet
c2231022-a3c9-5903-aef3-2e5a64905ad6,ef277d2b-5aa9-5a2b-aa4a-b0a2d5730154,,8469f799-0d87-44b4-84e9-b18f6a443ba3,share_purchase,2000,2026-02-08,Imported from yekatit 2018 (Ethiopian) collection sheet
9f5fde15-1dc5-5dbd-aa5e-bb5e15250c35,f21a7119-21e1-5886-a094-aeef9ea90120,,8469f799-0d87-44b4-84e9-b18f6a443ba3,savings_deposit,913.06,2026-02-08,Imported from yekatit 2018 (Ethiopian) collection sheet
186684d3-ba9a-5a66-a744-c6e5a6752aec,f21a7119-21e1-5886-a094-aeef9ea90120,,8469f799-0d87-44b4-84e9-b18f6a443ba3,penalty_payment,139.94,2026-02-08,Imported from yekatit 2018 (Ethiopian) collection sheet
42972ed7-9f29-5f0e-8ca8-2bdb7aadea9c,ddc514dd-8a84-5b7e-a501-88fdbfec0106,,8469f799-0d87-44b4-84e9-b18f6a443ba3,savings_deposit,1000,2026-02-08,Imported from yekatit 2018 (Ethiopian) collection sheet
ddf2d86d-829b-5d0c-bb09-99f3211c45d9,ddc514dd-8a84-5b7e-a501-88fdbfec0106,,8469f799-0d87-44b4-84e9-b18f6a443ba3,share_purchase,1000,2026-02-08,Imported from yekatit 2018 (Ethiopian) collection sheet
e3938663-a72f-5eac-9c76-1555a67b3c2d,737a8d1b-4900-52ab-a075-9e94a6135e5a,,8469f799-0d87-44b4-84e9-b18f6a443ba3,savings_deposit,600,2026-02-08,Imported from yekatit 2018 (Ethiopian) collection sheet
8bac48ca-078a-5399-b007-36dd36d557a4,737a8d1b-4900-52ab-a075-9e94a6135e5a,,8469f799-0d87-44b4-84e9-b18f6a443ba3,share_purchase,449,2026-02-08,Imported from yekatit 2018 (Ethiopian) collection sheet
6e484101-7b0c-58f8-a418-37884db591e6,22d76f64-4d03-57bd-9591-22362b1ef93d,,8469f799-0d87-44b4-84e9-b18f6a443ba3,savings_deposit,500,2026-02-08,Imported from yekatit 2018 (Ethiopian) collection sheet
c2e2ce06-d179-5d3d-9e3b-5343cae042f8,f20f195e-d014-50ac-891d-111561cc1b23,,8469f799-0d87-44b4-84e9-b18f6a443ba3,savings_deposit,500,2026-02-08,Imported from yekatit 2018 (Ethiopian) collection sheet
b4282494-f22a-5460-b2f7-85d2d72e032e,47ec08e9-732a-5965-8cd9-d5cd3b4e9c48,,8469f799-0d87-44b4-84e9-b18f6a443ba3,savings_deposit,500,2026-02-08,Imported from yekatit 2018 (Ethiopian) collection sheet
59700b0d-0ceb-5b05-8c6d-5db2a6668ab0,760554fa-d88d-565f-8205-3c6ef1abd75c,,8469f799-0d87-44b4-84e9-b18f6a443ba3,savings_deposit,1000,2026-02-08,Imported from yekatit 2018 (Ethiopian) collection sheet
f2ff8bb1-7544-56c7-a4dd-ce2c91b26985,85a64810-64c3-58ca-86e7-eb62fc6c2060,,8469f799-0d87-44b4-84e9-b18f6a443ba3,savings_deposit,500,2026-02-08,Imported from yekatit 2018 (Ethiopian) collection sheet
334f66a4-5cd2-5a2e-bae0-86a969211e57,a2e78812-b8db-5915-ac41-4c459014f26f,,8469f799-0d87-44b4-84e9-b18f6a443ba3,savings_deposit,400,2026-02-08,Imported from yekatit 2018 (Ethiopian) collection sheet
b3fa7e7f-8cde-502d-9de9-bd208e9e4e4c,a2e78812-b8db-5915-ac41-4c459014f26f,,8469f799-0d87-44b4-84e9-b18f6a443ba3,share_purchase,1000,2026-02-08,Imported from yekatit 2018 (Ethiopian) collection sheet
b81ca9ca-cb32-5e47-aae6-72605dad0205,48348d28-35b4-5a0c-b871-86b6516eadc9,,8469f799-0d87-44b4-84e9-b18f6a443ba3,savings_deposit,1000,2026-02-08,Imported from yekatit 2018 (Ethiopian) collection sheet
2f22c3a5-bc86-52dd-a845-5d3c276b1153,2cb9dc21-141f-5c94-a3a2-53c9146b95d9,,8469f799-0d87-44b4-84e9-b18f6a443ba3,savings_deposit,1999,2026-02-08,Imported from yekatit 2018 (Ethiopian) collection sheet
01fd7fa2-2250-54ff-8214-b14d6489249f,28376a0f-18b1-5402-b40c-67d5b9b27df0,,8469f799-0d87-44b4-84e9-b18f6a443ba3,savings_deposit,117.3,2026-02-08,Imported from yekatit 2018 (Ethiopian) collection sheet
04670e6c-3eb3-551b-8be7-1580a78883cc,28376a0f-18b1-5402-b40c-67d5b9b27df0,,8469f799-0d87-44b4-84e9-b18f6a443ba3,penalty_payment,146.7,2026-02-08,Imported from yekatit 2018 (Ethiopian) collection sheet
9d2ff639-5a09-545d-8f48-c303cb1aa1e6,d2aa5e5c-dcdc-5a92-a779-db8c38bcc089,,8469f799-0d87-44b4-84e9-b18f6a443ba3,share_purchase,109.64,2026-02-08,Imported from yekatit 2018 (Ethiopian) collection sheet
4e2593a5-3ab4-57a0-90d1-da22cb747ed0,d2aa5e5c-dcdc-5a92-a779-db8c38bcc089,,8469f799-0d87-44b4-84e9-b18f6a443ba3,penalty_payment,156.36,2026-02-08,Imported from yekatit 2018 (Ethiopian) collection sheet
f76b43da-270b-5e38-90ce-193e00866961,b32fac1a-aa87-568b-b93b-e5763112b61d,,8469f799-0d87-44b4-84e9-b18f6a443ba3,savings_deposit,1000,2026-02-08,Imported from yekatit 2018 (Ethiopian) collection sheet
2074dc75-8a5c-5e5d-9131-84a2928f3152,b32fac1a-aa87-568b-b93b-e5763112b61d,,8469f799-0d87-44b4-84e9-b18f6a443ba3,penalty_payment,50,2026-02-08,Imported from yekatit 2018 (Ethiopian) collection sheet
b4a2f28a-c0c3-58ed-89d8-682a72c84e54,414b6ffc-f127-5a64-9f70-c41106f36639,,8469f799-0d87-44b4-84e9-b18f6a443ba3,savings_deposit,1000,2026-02-08,Imported from yekatit 2018 (Ethiopian) collection sheet
645e3053-2b61-5610-8a10-70404ed9a7ec,049218fa-9e5a-5b66-b2bd-8b33630b5130,,8469f799-0d87-44b4-84e9-b18f6a443ba3,savings_deposit,1094.38,2026-02-08,Imported from yekatit 2018 (Ethiopian) collection sheet
116e3d2e-78a1-5339-b115-63b5368bcd38,049218fa-9e5a-5b66-b2bd-8b33630b5130,,8469f799-0d87-44b4-84e9-b18f6a443ba3,penalty_payment,143.62,2026-02-08,Imported from yekatit 2018 (Ethiopian) collection sheet
90200d6a-5159-51ab-a166-533fccef781a,35fdeddd-15b6-5e4f-ae4d-0470a098c6bb,,8469f799-0d87-44b4-84e9-b18f6a443ba3,savings_deposit,1950,2026-02-08,Imported from yekatit 2018 (Ethiopian) collection sheet
41ccf477-c4eb-5e58-a347-143f600f5762,35fdeddd-15b6-5e4f-ae4d-0470a098c6bb,,8469f799-0d87-44b4-84e9-b18f6a443ba3,share_purchase,30000,2026-02-08,Imported from yekatit 2018 (Ethiopian) collection sheet
1875c954-27a1-5a73-9098-84a7e8408192,35fdeddd-15b6-5e4f-ae4d-0470a098c6bb,,8469f799-0d87-44b4-84e9-b18f6a443ba3,penalty_payment,50,2026-02-08,Imported from yekatit 2018 (Ethiopian) collection sheet
131fd8cd-3da0-5c9f-8547-10f0c56781b9,51987227-8d50-5cc6-b629-42d0dc1ec837,,8469f799-0d87-44b4-84e9-b18f6a443ba3,savings_deposit,500,2026-02-08,Imported from yekatit 2018 (Ethiopian) collection sheet
8dca79f6-de07-5be4-bc02-b659d36bcab4,51987227-8d50-5cc6-b629-42d0dc1ec837,,8469f799-0d87-44b4-84e9-b18f6a443ba3,share_purchase,500,2026-02-08,Imported from yekatit 2018 (Ethiopian) collection sheet
bad58e39-ee90-58a8-b079-237a76f5a959,643e30d9-af60-5c78-a1d6-74388a9af0f9,,8469f799-0d87-44b4-84e9-b18f6a443ba3,savings_deposit,2000,2026-02-08,Imported from yekatit 2018 (Ethiopian) collection sheet
598b385f-b701-5c11-a185-da1023c39a0b,0c0a5dc8-0a60-5d67-9aba-378c65dfad91,,8469f799-0d87-44b4-84e9-b18f6a443ba3,savings_deposit,500,2026-02-08,Imported from yekatit 2018 (Ethiopian) collection sheet
1d1bf109-1335-553d-b04b-96fee7b3834f,f88d8e5f-0ed1-5e58-bdfc-8df9e93c0195,,8469f799-0d87-44b4-84e9-b18f6a443ba3,savings_deposit,500,2026-02-08,Imported from yekatit 2018 (Ethiopian) collection sheet
d65cdc52-3494-5014-8612-bab75d2e1bde,f88d8e5f-0ed1-5e58-bdfc-8df9e93c0195,,8469f799-0d87-44b4-84e9-b18f6a443ba3,share_purchase,1000,2026-02-08,Imported from yekatit 2018 (Ethiopian) collection sheet
d3d1c02e-c3b5-5752-910b-8295e29aff96,a31db2ec-9d4a-5d1a-b551-cc423673ea8a,,8469f799-0d87-44b4-84e9-b18f6a443ba3,savings_deposit,300,2026-02-08,Imported from yekatit 2018 (Ethiopian) collection sheet
60d5e354-5c1e-5577-b33c-31ae23b6c00c,7b0770a8-2173-5070-80f4-3cc171ab8378,,8469f799-0d87-44b4-84e9-b18f6a443ba3,savings_deposit,1000,2026-02-08,Imported from yekatit 2018 (Ethiopian) collection sheet
301d4778-b893-5b0c-9bfc-22e29527ec98,7b0770a8-2173-5070-80f4-3cc171ab8378,,8469f799-0d87-44b4-84e9-b18f6a443ba3,share_purchase,9000,2026-02-08,Imported from yekatit 2018 (Ethiopian) collection sheet
971f8517-f378-50b2-b2c9-a3343a9dbaba,f7a5e560-da9b-5bf0-96c3-9a087507a3a5,,8469f799-0d87-44b4-84e9-b18f6a443ba3,savings_deposit,500,2026-02-08,Imported from yekatit 2018 (Ethiopian) collection sheet
39c399d7-9c0c-5f4b-94a8-b5bc869d280e,a9e1deed-561a-5838-8766-2fb2c036ea29,,8469f799-0d87-44b4-84e9-b18f6a443ba3,savings_deposit,1000,2026-02-08,Imported from yekatit 2018 (Ethiopian) collection sheet
50fde34d-1f54-5144-a276-66db37a92d48,2e2b55a7-2c48-5b27-ab85-e84cfe6ba873,,8469f799-0d87-44b4-84e9-b18f6a443ba3,savings_deposit,1000,2026-02-08,Imported from yekatit 2018 (Ethiopian) collection sheet
1f078aa3-519d-5e2a-8a01-58c17bd368e1,2e2b55a7-2c48-5b27-ab85-e84cfe6ba873,,8469f799-0d87-44b4-84e9-b18f6a443ba3,share_purchase,1000,2026-02-08,Imported from yekatit 2018 (Ethiopian) collection sheet
d04756c6-46ba-561c-855b-df0973288592,2e2b55a7-2c48-5b27-ab85-e84cfe6ba873,,8469f799-0d87-44b4-84e9-b18f6a443ba3,penalty_payment,50,2026-02-08,Imported from yekatit 2018 (Ethiopian) collection sheet
4a2249cb-7fac-5d97-b145-debdb512c22c,f2915524-e894-5bde-aecd-da2bed49a70c,,8469f799-0d87-44b4-84e9-b18f6a443ba3,savings_deposit,400,2026-02-08,Imported from yekatit 2018 (Ethiopian) collection sheet
dcfd77bc-821b-5a6c-ab05-b9397f6435dc,8cbc921c-b09b-5afb-8361-fa63c61ffd8a,,8469f799-0d87-44b4-84e9-b18f6a443ba3,savings_deposit,1000,2026-02-08,Imported from yekatit 2018 (Ethiopian) collection sheet
4be973f2-d666-5a22-af1d-c73a3a7620d9,1f0dbffc-ffca-5b20-b4fb-3b17fbe5a239,,8469f799-0d87-44b4-84e9-b18f6a443ba3,savings_deposit,1000,2026-02-08,Imported from yekatit 2018 (Ethiopian) collection sheet
db29e34b-87d0-573b-a4fb-c5033875046d,1f0dbffc-ffca-5b20-b4fb-3b17fbe5a239,,8469f799-0d87-44b4-84e9-b18f6a443ba3,share_purchase,1000,2026-02-08,Imported from yekatit 2018 (Ethiopian) collection sheet
8ce4a493-3fce-5b53-bc94-566f896b3235,b5824845-954a-56c9-92b3-946cdcce91f7,,8469f799-0d87-44b4-84e9-b18f6a443ba3,savings_deposit,600,2026-02-08,Imported from yekatit 2018 (Ethiopian) collection sheet
474e3796-dc5a-548b-acc4-49c66a0b9a8a,a69c8787-2423-5b77-bc34-87f8260086ef,,8469f799-0d87-44b4-84e9-b18f6a443ba3,savings_deposit,499,2026-02-08,Imported from yekatit 2018 (Ethiopian) collection sheet
be56f4c7-6972-500a-b157-1fa2108ca0db,0799c4e9-58bc-5b55-b3bb-822f9120af53,,8469f799-0d87-44b4-84e9-b18f6a443ba3,savings_deposit,1000,2026-02-08,Imported from yekatit 2018 (Ethiopian) collection sheet
fd9eccbc-3ce7-586d-9ec4-1af60c7bbb7e,404705d2-d41d-5bd5-8836-1b5feb5214f8,,8469f799-0d87-44b4-84e9-b18f6a443ba3,savings_deposit,1000,2026-02-08,Imported from yekatit 2018 (Ethiopian) collection sheet
7581ea2e-927a-571a-9121-b74ad1cb4bb1,404705d2-d41d-5bd5-8836-1b5feb5214f8,,8469f799-0d87-44b4-84e9-b18f6a443ba3,share_purchase,2000,2026-02-08,Imported from yekatit 2018 (Ethiopian) collection sheet
0f08b95f-ea4e-562a-87d3-5337f84f1e59,6137a13d-bb02-50d8-a60c-81b54bebaab0,,8469f799-0d87-44b4-84e9-b18f6a443ba3,savings_deposit,2000,2026-02-08,Imported from yekatit 2018 (Ethiopian) collection sheet
3be6d655-6c51-5a98-a004-3fc8b1e62375,6137a13d-bb02-50d8-a60c-81b54bebaab0,,8469f799-0d87-44b4-84e9-b18f6a443ba3,share_purchase,2000,2026-02-08,Imported from yekatit 2018 (Ethiopian) collection sheet
7dffe7f0-2ef8-5309-a44d-f3ec2644af23,e0a1cd41-f09b-584c-a323-5e24952b99ee,,8469f799-0d87-44b4-84e9-b18f6a443ba3,savings_deposit,1000,2026-02-08,Imported from yekatit 2018 (Ethiopian) collection sheet
99ed5458-41f3-5f9f-808e-119faf812869,e0a1cd41-f09b-584c-a323-5e24952b99ee,,8469f799-0d87-44b4-84e9-b18f6a443ba3,share_purchase,2000,2026-02-08,Imported from yekatit 2018 (Ethiopian) collection sheet
8bc03201-f2ad-5b46-9e13-7f207cf918ba,b3d4ad0c-ee3c-53a5-a951-a9759c819236,,8469f799-0d87-44b4-84e9-b18f6a443ba3,savings_deposit,1000,2026-02-08,Imported from yekatit 2018 (Ethiopian) collection sheet
4f1ad73f-d497-5697-8516-64be92161735,b3d4ad0c-ee3c-53a5-a951-a9759c819236,,8469f799-0d87-44b4-84e9-b18f6a443ba3,penalty_payment,50,2026-02-08,Imported from yekatit 2018 (Ethiopian) collection sheet
731c9992-eb01-5bd1-9954-3864eb5e5364,8fc8de0b-78bc-545e-8408-2189a31760ec,,8469f799-0d87-44b4-84e9-b18f6a443ba3,savings_deposit,2000,2026-02-08,Imported from yekatit 2018 (Ethiopian) collection sheet
ab1ca275-95cf-5f63-a6fa-0a69ea913ab2,8fc8de0b-78bc-545e-8408-2189a31760ec,,8469f799-0d87-44b4-84e9-b18f6a443ba3,share_purchase,1000,2026-02-08,Imported from yekatit 2018 (Ethiopian) collection sheet
b4220969-9547-5933-92c5-27f3cba771fb,59b2b2dc-7289-54a6-9435-57bf25be75c7,,8469f799-0d87-44b4-84e9-b18f6a443ba3,savings_deposit,1950,2026-02-08,Imported from yekatit 2018 (Ethiopian) collection sheet
4f55fe30-6ab4-5c12-839c-c8b044f6d976,59b2b2dc-7289-54a6-9435-57bf25be75c7,,8469f799-0d87-44b4-84e9-b18f6a443ba3,share_purchase,2000,2026-02-08,Imported from yekatit 2018 (Ethiopian) collection sheet
88119d0a-3c61-525a-a98c-2049f38dc779,59b2b2dc-7289-54a6-9435-57bf25be75c7,,8469f799-0d87-44b4-84e9-b18f6a443ba3,penalty_payment,50,2026-02-08,Imported from yekatit 2018 (Ethiopian) collection sheet
8481ebf2-3d12-5575-9874-83888e31916e,95154953-c3dd-55eb-9284-60060b3e99a8,,8469f799-0d87-44b4-84e9-b18f6a443ba3,savings_deposit,750,2026-02-08,Imported from yekatit 2018 (Ethiopian) collection sheet
ffa4fda4-0729-57bc-9199-2d75440034f6,06fa8212-7f04-5497-a2b6-310f1c798b46,,8469f799-0d87-44b4-84e9-b18f6a443ba3,savings_deposit,1000,2026-02-08,Imported from yekatit 2018 (Ethiopian) collection sheet
cd8eb187-61b0-5208-8a35-8766755bd5ef,06fa8212-7f04-5497-a2b6-310f1c798b46,,8469f799-0d87-44b4-84e9-b18f6a443ba3,share_purchase,1000,2026-02-08,Imported from yekatit 2018 (Ethiopian) collection sheet
c78d139e-b623-51af-8963-ae92fd82f96b,e2de7857-57f4-52de-9b30-0d0c74d7933f,,8469f799-0d87-44b4-84e9-b18f6a443ba3,savings_deposit,500,2026-02-08,Imported from yekatit 2018 (Ethiopian) collection sheet
9df8d79d-07b5-55cb-99ee-bd720ef5048d,e2de7857-57f4-52de-9b30-0d0c74d7933f,,8469f799-0d87-44b4-84e9-b18f6a443ba3,share_purchase,1000,2026-02-08,Imported from yekatit 2018 (Ethiopian) collection sheet
58132bb7-eb3b-5985-be45-b36e4c9821bf,14097ace-d5d4-58a0-b4e8-d735db008348,,8469f799-0d87-44b4-84e9-b18f6a443ba3,savings_deposit,2000,2026-02-08,Imported from yekatit 2018 (Ethiopian) collection sheet
e2d010bd-d1ab-52a7-a543-ac623cd60c79,35075fef-07f6-5252-8183-cc3a2f16eb41,,8469f799-0d87-44b4-84e9-b18f6a443ba3,savings_deposit,500,2026-02-08,Imported from yekatit 2018 (Ethiopian) collection sheet
d30aae03-007a-5a47-a4f8-a08f360f5008,35075fef-07f6-5252-8183-cc3a2f16eb41,,8469f799-0d87-44b4-84e9-b18f6a443ba3,share_purchase,6000,2026-02-08,Imported from yekatit 2018 (Ethiopian) collection sheet
ca581364-0c51-5455-bbbd-b3d4de75c90b,cf50d566-4405-5b00-b14c-0d5020d22c31,,8469f799-0d87-44b4-84e9-b18f6a443ba3,savings_deposit,500,2026-02-08,Imported from yekatit 2018 (Ethiopian) collection sheet
fe50e5be-be1a-5ed0-bb07-838cf99c09e4,5aaf0160-4ec6-5a7c-b189-1ba82739d136,,8469f799-0d87-44b4-84e9-b18f6a443ba3,savings_deposit,1950,2026-02-08,Imported from yekatit 2018 (Ethiopian) collection sheet
909241d8-2bf9-536f-bec0-66b59be8773b,5aaf0160-4ec6-5a7c-b189-1ba82739d136,,8469f799-0d87-44b4-84e9-b18f6a443ba3,penalty_payment,50,2026-02-08,Imported from yekatit 2018 (Ethiopian) collection sheet
a7cec6ba-899d-5be3-937f-ddd9f6abac16,fc282955-0b0a-54ad-8057-22d4d660b8f3,,8469f799-0d87-44b4-84e9-b18f6a443ba3,savings_deposit,1000,2026-02-08,Imported from yekatit 2018 (Ethiopian) collection sheet
9c3bbdf8-d97c-58f3-acf9-575c3ed96cce,7ff58eac-03b8-5c06-83a7-d23117961668,,8469f799-0d87-44b4-84e9-b18f6a443ba3,savings_deposit,2000,2026-02-08,Imported from yekatit 2018 (Ethiopian) collection sheet
3980993d-e28b-537f-a1d3-5708916ddc87,7ff58eac-03b8-5c06-83a7-d23117961668,,8469f799-0d87-44b4-84e9-b18f6a443ba3,share_purchase,2000,2026-02-08,Imported from yekatit 2018 (Ethiopian) collection sheet
e3742488-7f79-58cb-8655-d549ba072965,b2efb9cd-1182-562a-9d94-094f7d382bee,,8469f799-0d87-44b4-84e9-b18f6a443ba3,savings_deposit,300,2026-02-08,Imported from yekatit 2018 (Ethiopian) collection sheet
fe17987c-b713-50a8-be0f-589f2c548cde,3912ff00-0f6f-5b2c-9347-85cf4836d771,,8469f799-0d87-44b4-84e9-b18f6a443ba3,savings_deposit,300,2026-02-08,Imported from yekatit 2018 (Ethiopian) collection sheet
7bc3e294-2c1c-5ad8-be66-98409969d184,50b83ed9-e5bb-5b8d-8732-2ec2c6a7205b,,8469f799-0d87-44b4-84e9-b18f6a443ba3,savings_deposit,2000,2026-02-08,Imported from yekatit 2018 (Ethiopian) collection sheet
a8acf16b-1ba2-5397-9d83-f1ba91ca3989,18556b09-0ab4-5885-9547-840bf5c1f616,,8469f799-0d87-44b4-84e9-b18f6a443ba3,savings_deposit,2000,2026-02-08,Imported from yekatit 2018 (Ethiopian) collection sheet
8ecdd3ef-dcc1-5847-b7ca-01436729b209,18556b09-0ab4-5885-9547-840bf5c1f616,,8469f799-0d87-44b4-84e9-b18f6a443ba3,share_purchase,6000,2026-02-08,Imported from yekatit 2018 (Ethiopian) collection sheet
2dda1c6a-7057-5da3-82a3-e6456e79ffbf,f36e90f7-c963-52f0-bbf6-27b03512f8aa,,8469f799-0d87-44b4-84e9-b18f6a443ba3,savings_deposit,600,2026-02-08,Imported from yekatit 2018 (Ethiopian) collection sheet
4c4f3935-cfa1-5b9c-93dd-a0bea709292f,f36e90f7-c963-52f0-bbf6-27b03512f8aa,,8469f799-0d87-44b4-84e9-b18f6a443ba3,penalty_payment,50,2026-02-08,Imported from yekatit 2018 (Ethiopian) collection sheet
63011da8-6585-527c-8ac3-bb6f20ce575e,d4f2023e-279b-5701-8eef-b0a0e9d3688a,,8469f799-0d87-44b4-84e9-b18f6a443ba3,savings_deposit,1000,2026-02-08,Imported from yekatit 2018 (Ethiopian) collection sheet
17f5e9d1-043c-55e1-9b6c-283f30562a2c,28161268-eba4-517b-aad0-38e29bbf42b4,,8469f799-0d87-44b4-84e9-b18f6a443ba3,savings_deposit,500,2026-02-08,Imported from yekatit 2018 (Ethiopian) collection sheet
8613e6e1-16ab-5071-b600-1c5b71bbc7cf,a98c7ead-82e7-5f45-864a-3bf83a0a2643,,8469f799-0d87-44b4-84e9-b18f6a443ba3,savings_deposit,500,2026-02-08,Imported from yekatit 2018 (Ethiopian) collection sheet
7022ca38-ca4f-540b-9750-95ec0e127c58,a05a8645-6102-52e9-8c87-199ab572e309,,8469f799-0d87-44b4-84e9-b18f6a443ba3,savings_deposit,1000,2026-02-08,Imported from yekatit 2018 (Ethiopian) collection sheet
27c40b54-a263-5fef-be53-030770d4a18c,a05a8645-6102-52e9-8c87-199ab572e309,,8469f799-0d87-44b4-84e9-b18f6a443ba3,share_purchase,1000,2026-02-08,Imported from yekatit 2018 (Ethiopian) collection sheet
c57168db-4ad4-5cb1-ba77-af8fb516d381,37582b03-8054-551a-8d62-3b0ad867c7ac,,8469f799-0d87-44b4-84e9-b18f6a443ba3,savings_deposit,1000,2026-02-08,Imported from yekatit 2018 (Ethiopian) collection sheet
c6c7eb4f-8851-5d3a-a1c2-078eb2d32838,37582b03-8054-551a-8d62-3b0ad867c7ac,,8469f799-0d87-44b4-84e9-b18f6a443ba3,share_purchase,20000,2026-02-08,Imported from yekatit 2018 (Ethiopian) collection sheet
7757952c-0088-5a87-9166-eecc2d4b97c5,f5ed49cd-2af4-523f-9a48-b4c14551e8eb,,8469f799-0d87-44b4-84e9-b18f6a443ba3,savings_deposit,500,2026-02-08,Imported from yekatit 2018 (Ethiopian) collection sheet
94846002-d294-5821-b9f9-c3e9cf9b096f,efb40953-7213-50c9-9529-b8fc3cdb7d92,,8469f799-0d87-44b4-84e9-b18f6a443ba3,savings_deposit,1000,2026-02-08,Imported from yekatit 2018 (Ethiopian) collection sheet
2c93b31e-e3e4-53ab-9e7e-10361fb59d75,efb40953-7213-50c9-9529-b8fc3cdb7d92,,8469f799-0d87-44b4-84e9-b18f6a443ba3,share_purchase,2000,2026-02-08,Imported from yekatit 2018 (Ethiopian) collection sheet
38a624d6-5148-54db-be35-3cab55539f38,ae168754-dc53-53bb-8759-fdf401fd7c06,,8469f799-0d87-44b4-84e9-b18f6a443ba3,savings_deposit,1000,2026-02-08,Imported from yekatit 2018 (Ethiopian) collection sheet
69981fb0-c176-5c0b-a187-70683e1c18ae,bef556d7-3b69-5f7b-9805-f9f2d36e7ad4,,8469f799-0d87-44b4-84e9-b18f6a443ba3,savings_deposit,950,2026-02-08,Imported from yekatit 2018 (Ethiopian) collection sheet
b5da7cbb-c4ed-5e19-a28b-4b78f49c96fb,bef556d7-3b69-5f7b-9805-f9f2d36e7ad4,,8469f799-0d87-44b4-84e9-b18f6a443ba3,share_purchase,2000,2026-02-08,Imported from yekatit 2018 (Ethiopian) collection sheet
007f9df4-0836-5592-a114-ba3671b5b6b7,bef556d7-3b69-5f7b-9805-f9f2d36e7ad4,,8469f799-0d87-44b4-84e9-b18f6a443ba3,penalty_payment,50,2026-02-08,Imported from yekatit 2018 (Ethiopian) collection sheet
ccd3522a-9317-5607-ac64-7e90c272dd04,570068f9-c44a-5f37-b264-42d09d4fc9d0,,8469f799-0d87-44b4-84e9-b18f6a443ba3,savings_deposit,2000,2026-02-08,Imported from yekatit 2018 (Ethiopian) collection sheet
b90611d9-da6b-5249-beff-4ca39c7ea03c,96d80a6e-8b0c-5f54-a94f-6a423e77e285,,8469f799-0d87-44b4-84e9-b18f6a443ba3,savings_deposit,2000,2026-02-08,Imported from yekatit 2018 (Ethiopian) collection sheet
f6438546-34bd-56a1-8723-593499493e15,607b812d-459f-5cab-9340-d4ac3326e983,,8469f799-0d87-44b4-84e9-b18f6a443ba3,savings_deposit,1500,2026-02-08,Imported from yekatit 2018 (Ethiopian) collection sheet
e7a9e72c-ed11-59c7-af19-3f0460de6d88,5906d4be-3a6d-51fc-8fe6-4e5654c5c962,,8469f799-0d87-44b4-84e9-b18f6a443ba3,savings_deposit,1000,2026-02-08,Imported from yekatit 2018 (Ethiopian) collection sheet
f403faa3-6bc4-502b-8d6e-7f5663f419d2,84fe73ed-e690-590d-8b51-d82f682ef24d,,8469f799-0d87-44b4-84e9-b18f6a443ba3,savings_deposit,500,2026-02-08,Imported from yekatit 2018 (Ethiopian) collection sheet
0d192b56-eda8-5d83-a0c3-6faba4d39054,c411ed30-b985-51c0-819a-9c20ee637977,,8469f799-0d87-44b4-84e9-b18f6a443ba3,savings_deposit,1000,2026-02-08,Imported from yekatit 2018 (Ethiopian) collection sheet
8c1f956c-e30d-5321-85ca-871e1c95f078,c411ed30-b985-51c0-819a-9c20ee637977,,8469f799-0d87-44b4-84e9-b18f6a443ba3,share_purchase,1000,2026-02-08,Imported from yekatit 2018 (Ethiopian) collection sheet
7d177d2c-9d04-5820-b065-88035a1f7cd7,fbf6ab5b-094d-5b83-aed6-66f7c8169e36,,8469f799-0d87-44b4-84e9-b18f6a443ba3,savings_deposit,1000,2026-02-08,Imported from yekatit 2018 (Ethiopian) collection sheet
1652e585-7df5-5ef0-9271-083a02ef4d62,fbf6ab5b-094d-5b83-aed6-66f7c8169e36,,8469f799-0d87-44b4-84e9-b18f6a443ba3,share_purchase,2000,2026-02-08,Imported from yekatit 2018 (Ethiopian) collection sheet
c1a2ecef-dbde-5e8f-8689-a0fef30cac4a,e4ccf2e5-774e-5b15-99a6-973a2b66f4ce,,8469f799-0d87-44b4-84e9-b18f6a443ba3,savings_deposit,1000,2026-02-08,Imported from yekatit 2018 (Ethiopian) collection sheet
14697a18-2dd6-5475-bfec-95e5565b7142,e4ccf2e5-774e-5b15-99a6-973a2b66f4ce,,8469f799-0d87-44b4-84e9-b18f6a443ba3,share_purchase,1000,2026-02-08,Imported from yekatit 2018 (Ethiopian) collection sheet
7f01eb81-9e2c-597c-9a05-d9475e47454d,bdd7c207-732a-5bb1-b133-60543d8c7d92,,8469f799-0d87-44b4-84e9-b18f6a443ba3,savings_deposit,1000,2026-02-08,Imported from yekatit 2018 (Ethiopian) collection sheet
a0504bcf-f716-5ae5-9135-19240984522e,bdd7c207-732a-5bb1-b133-60543d8c7d92,,8469f799-0d87-44b4-84e9-b18f6a443ba3,share_purchase,2000,2026-02-08,Imported from yekatit 2018 (Ethiopian) collection sheet
6e15a2e8-371c-58a4-834e-9da1d88a7e13,24c594aa-4181-5c0b-a5b7-45ff7c3fa3b0,,8469f799-0d87-44b4-84e9-b18f6a443ba3,savings_deposit,500,2026-02-08,Imported from yekatit 2018 (Ethiopian) collection sheet
8fba1dc8-f1aa-587d-8949-6c66582a5628,a67cebb5-b09e-5a16-8c5b-c6973fdcbd77,,8469f799-0d87-44b4-84e9-b18f6a443ba3,savings_deposit,1000,2026-02-08,Imported from yekatit 2018 (Ethiopian) collection sheet
82feea0a-f679-510e-92b1-6abc73c806fb,a67cebb5-b09e-5a16-8c5b-c6973fdcbd77,,8469f799-0d87-44b4-84e9-b18f6a443ba3,share_purchase,1000,2026-02-08,Imported from yekatit 2018 (Ethiopian) collection sheet
3f042017-cb3e-57aa-9acb-733501f7079e,fa0549d4-1b83-5d11-8b62-a4ca6a085063,,8469f799-0d87-44b4-84e9-b18f6a443ba3,savings_deposit,1000,2026-02-08,Imported from yekatit 2018 (Ethiopian) collection sheet
e57525ab-60eb-5e31-9af6-a37de712c62d,fa0549d4-1b83-5d11-8b62-a4ca6a085063,,8469f799-0d87-44b4-84e9-b18f6a443ba3,share_purchase,1000,2026-02-08,Imported from yekatit 2018 (Ethiopian) collection sheet
6ac4a224-d99f-5fd8-9a4e-ff852bea6491,fa0798ba-fbda-57b6-910d-6ce545d807cb,,8469f799-0d87-44b4-84e9-b18f6a443ba3,savings_deposit,1000,2026-02-08,Imported from yekatit 2018 (Ethiopian) collection sheet
5df5e5a4-d8bd-53e3-8019-a8cfbebe482b,fa0798ba-fbda-57b6-910d-6ce545d807cb,,8469f799-0d87-44b4-84e9-b18f6a443ba3,share_purchase,1000,2026-02-08,Imported from yekatit 2018 (Ethiopian) collection sheet
8a3739a2-4d38-5b88-b8b4-2a47a04d2455,44494d4f-dbca-596d-ba04-7f0bf8264cef,,8469f799-0d87-44b4-84e9-b18f6a443ba3,savings_deposit,1000,2026-02-08,Imported from yekatit 2018 (Ethiopian) collection sheet
cdee8aad-daef-5d20-b0ff-25e783901cf7,44494d4f-dbca-596d-ba04-7f0bf8264cef,,8469f799-0d87-44b4-84e9-b18f6a443ba3,share_purchase,1000,2026-02-08,Imported from yekatit 2018 (Ethiopian) collection sheet
e8d98d51-611b-5b14-b93a-a2fabc4e4ea0,affc511e-8b76-57f4-9a6f-c2717513f00e,,8469f799-0d87-44b4-84e9-b18f6a443ba3,savings_deposit,500,2026-02-08,Imported from yekatit 2018 (Ethiopian) collection sheet
526da0bf-7587-5e51-829b-9f4ded1d03d4,724b2186-00c5-596f-8fcf-f163b5e7b692,,8469f799-0d87-44b4-84e9-b18f6a443ba3,savings_deposit,500,2026-02-08,Imported from yekatit 2018 (Ethiopian) collection sheet
42491eaa-bf45-5e46-b27a-dc59d7e95ddd,cb63cdfa-da1f-5520-ab57-db6d7c17cb52,,8469f799-0d87-44b4-84e9-b18f6a443ba3,savings_deposit,500,2026-02-08,Imported from yekatit 2018 (Ethiopian) collection sheet
f0069767-093e-509c-8bca-a90f95a3ac83,93877516-e6ab-5857-8ecf-88ad98cb9ebd,,8469f799-0d87-44b4-84e9-b18f6a443ba3,savings_deposit,1000,2026-02-08,Imported from yekatit 2018 (Ethiopian) collection sheet
8f3ef486-75cc-56a1-b0b8-e93087364e7c,2d2ae0dc-2a31-5b87-a4f2-b58ccb827786,,8469f799-0d87-44b4-84e9-b18f6a443ba3,savings_deposit,2000,2026-02-08,Imported from yekatit 2018 (Ethiopian) collection sheet
3676a727-73e8-597d-b33d-61b2fdba22dc,2d2ae0dc-2a31-5b87-a4f2-b58ccb827786,,8469f799-0d87-44b4-84e9-b18f6a443ba3,share_purchase,4000,2026-02-08,Imported from yekatit 2018 (Ethiopian) collection sheet
406c6330-efc0-53e0-89a3-1d3b7c8d8529,a7ccd65e-6270-5b5e-8479-48f8636eeb86,,8469f799-0d87-44b4-84e9-b18f6a443ba3,savings_deposit,1000,2026-02-08,Imported from yekatit 2018 (Ethiopian) collection sheet
7bee612b-fb47-573f-9476-4df738cb33e3,3df735ff-5508-55ef-b7cc-a84d6fc248fd,,8469f799-0d87-44b4-84e9-b18f6a443ba3,savings_deposit,450,2026-02-08,Imported from yekatit 2018 (Ethiopian) collection sheet
5a625138-0bda-593b-ab22-f062a3ed19ea,3df735ff-5508-55ef-b7cc-a84d6fc248fd,,8469f799-0d87-44b4-84e9-b18f6a443ba3,share_purchase,2000,2026-02-08,Imported from yekatit 2018 (Ethiopian) collection sheet
00083a8d-1aab-551e-91fe-544e271a6752,3df735ff-5508-55ef-b7cc-a84d6fc248fd,,8469f799-0d87-44b4-84e9-b18f6a443ba3,registration_fee,400,2026-02-08,Imported from yekatit 2018 (Ethiopian) collection sheet
ffc73011-72c0-5ee9-aaab-521f12b01fd7,3df735ff-5508-55ef-b7cc-a84d6fc248fd,,8469f799-0d87-44b4-84e9-b18f6a443ba3,card_fee,150,2026-02-08,Imported from yekatit 2018 (Ethiopian) collection sheet
e1aaf663-6204-59c1-b007-48d96d8a5c2d,7ce9968c-0a19-5d74-9c35-820ff9e1e6e8,,8469f799-0d87-44b4-84e9-b18f6a443ba3,savings_deposit,500,2026-03-15,Imported from megabit 2018 (Ethiopian) collection sheet
309d6030-e218-5863-85d9-f1844c8b0537,e4827c78-8368-58d0-bf8c-92365bc84c75,,8469f799-0d87-44b4-84e9-b18f6a443ba3,savings_deposit,1000,2026-03-15,Imported from megabit 2018 (Ethiopian) collection sheet
142ea738-1725-552c-937f-24e9c3bfbf2a,01d7976b-a494-5020-aac0-73df2dd9e31b,,8469f799-0d87-44b4-84e9-b18f6a443ba3,savings_deposit,550,2026-03-15,Imported from megabit 2018 (Ethiopian) collection sheet
7a38c614-532b-52f1-a4cf-c57ccec25886,76dd954f-2718-5744-aa59-ccb1748016b4,,8469f799-0d87-44b4-84e9-b18f6a443ba3,savings_deposit,500,2026-03-15,Imported from megabit 2018 (Ethiopian) collection sheet
2856a603-ae40-53b1-a8de-6b9a9b76355a,b4d56e1e-236f-5e82-8da0-abe9e0b93b56,,8469f799-0d87-44b4-84e9-b18f6a443ba3,savings_deposit,1000,2026-03-15,Imported from megabit 2018 (Ethiopian) collection sheet
aa33c5b7-7574-5629-a924-9532f34430d5,ec993c4b-d61a-5880-9ca2-8474b057f3f6,,8469f799-0d87-44b4-84e9-b18f6a443ba3,savings_deposit,500,2026-03-15,Imported from megabit 2018 (Ethiopian) collection sheet
faf6cb55-95af-5418-a5d3-60c54b04899e,73beb1f6-b7bf-54aa-ab3e-eb494fdb1568,,8469f799-0d87-44b4-84e9-b18f6a443ba3,savings_deposit,2000,2026-03-15,Imported from megabit 2018 (Ethiopian) collection sheet
e980be0b-4f4e-5205-88a4-2efd98ffc909,73beb1f6-b7bf-54aa-ab3e-eb494fdb1568,,8469f799-0d87-44b4-84e9-b18f6a443ba3,share_purchase,3032,2026-03-15,Imported from megabit 2018 (Ethiopian) collection sheet
02c5ef7d-9694-5f1b-88d5-05ae26b92442,bbe40192-271f-518c-bea6-c1478fc552c2,,8469f799-0d87-44b4-84e9-b18f6a443ba3,savings_deposit,400,2026-03-15,Imported from megabit 2018 (Ethiopian) collection sheet
c8c5f4d5-eb1a-5fd3-893f-b3cb8a7374e8,bc3ac27a-453a-57a2-bd51-2bfb86496f27,,8469f799-0d87-44b4-84e9-b18f6a443ba3,savings_deposit,2000,2026-03-15,Imported from megabit 2018 (Ethiopian) collection sheet
4d573868-9a74-55ce-b05b-9a1862ade88f,bc3ac27a-453a-57a2-bd51-2bfb86496f27,,8469f799-0d87-44b4-84e9-b18f6a443ba3,share_purchase,6900,2026-03-15,Imported from megabit 2018 (Ethiopian) collection sheet
74c5f8f1-57ef-5e6b-b286-9a18eaac6ff6,bc3ac27a-453a-57a2-bd51-2bfb86496f27,,8469f799-0d87-44b4-84e9-b18f6a443ba3,penalty_payment,100,2026-03-15,Imported from megabit 2018 (Ethiopian) collection sheet
fe399bc5-c1da-5bf7-9db3-381a5255f6f1,bac4fd55-4666-50ee-adee-4d2170814631,,8469f799-0d87-44b4-84e9-b18f6a443ba3,savings_deposit,2000,2026-03-15,Imported from megabit 2018 (Ethiopian) collection sheet
6ea5887b-2335-5fa5-bba6-d5bcf13e2f0f,3cb63966-4581-5528-b803-034ed796a796,,8469f799-0d87-44b4-84e9-b18f6a443ba3,savings_deposit,500,2026-03-15,Imported from megabit 2018 (Ethiopian) collection sheet
01530ed3-a9c3-5d2a-a95e-ee6787594994,a69a3a62-171b-5523-8fbe-54e569dd29d4,,8469f799-0d87-44b4-84e9-b18f6a443ba3,savings_deposit,500,2026-03-15,Imported from megabit 2018 (Ethiopian) collection sheet
097376a1-bf10-50b9-ab5c-71ead804d8a7,a7f75ced-fef8-5b0f-a28e-cd7f09043280,,8469f799-0d87-44b4-84e9-b18f6a443ba3,savings_deposit,299,2026-03-15,Imported from megabit 2018 (Ethiopian) collection sheet
b465ace1-e465-5a43-8ab2-f299932f9a34,b89552e4-4718-56a1-a4f8-7c84e72e0506,,8469f799-0d87-44b4-84e9-b18f6a443ba3,savings_deposit,600,2026-03-15,Imported from megabit 2018 (Ethiopian) collection sheet
2cbee4ea-67c1-5d25-8d98-a6be867d17b6,6d8f0a03-bc10-579e-a58f-2ffa42fcab6f,,8469f799-0d87-44b4-84e9-b18f6a443ba3,savings_deposit,400,2026-03-15,Imported from megabit 2018 (Ethiopian) collection sheet
43f6cf60-dd92-570b-b5de-1ddd9a87724d,0c26b4c4-ac4c-5349-b995-958b76f2805e,,8469f799-0d87-44b4-84e9-b18f6a443ba3,savings_deposit,500,2026-03-15,Imported from megabit 2018 (Ethiopian) collection sheet
b20054bb-8600-5ee2-86fe-7a9e6bad2408,501a3774-7945-502f-8519-cff3445f53cf,,8469f799-0d87-44b4-84e9-b18f6a443ba3,savings_deposit,700,2026-03-15,Imported from megabit 2018 (Ethiopian) collection sheet
e502cb73-f1fe-588b-a53c-702dab7908ea,247c6df0-a05e-541c-a00a-fb077be873f7,,8469f799-0d87-44b4-84e9-b18f6a443ba3,savings_deposit,1139,2026-03-15,Imported from megabit 2018 (Ethiopian) collection sheet
6f7c8789-cafe-55fe-a000-58082def270d,d56fc296-2f16-5e5a-9004-d4ad49c5658f,,8469f799-0d87-44b4-84e9-b18f6a443ba3,savings_deposit,1000,2026-03-15,Imported from megabit 2018 (Ethiopian) collection sheet
84729497-12ee-527c-a5cb-7f28287c1180,5d001133-4abc-5416-8360-8277eeaead7d,,8469f799-0d87-44b4-84e9-b18f6a443ba3,savings_deposit,500,2026-03-15,Imported from megabit 2018 (Ethiopian) collection sheet
16058bd7-d2b7-5da5-9cb6-b2e36d0074ee,abe8c6ff-419f-5b7b-9b1e-b2622924be09,,8469f799-0d87-44b4-84e9-b18f6a443ba3,savings_deposit,999,2026-03-15,Imported from megabit 2018 (Ethiopian) collection sheet
4ad31f78-d382-57be-98db-033768dba9e9,e99acf91-e7a6-5999-8aed-0b4c34b2ee85,,8469f799-0d87-44b4-84e9-b18f6a443ba3,savings_deposit,400,2026-03-15,Imported from megabit 2018 (Ethiopian) collection sheet
77d2a0d6-b75a-5a6a-b82d-3d658abc801e,e75e482c-243f-5e13-aaac-15f1302dd157,,8469f799-0d87-44b4-84e9-b18f6a443ba3,savings_deposit,2000,2026-03-15,Imported from megabit 2018 (Ethiopian) collection sheet
e883d40b-8d0f-5c29-852d-0a044b72125d,7b26a460-4f89-52ff-8930-60889b3fd875,,8469f799-0d87-44b4-84e9-b18f6a443ba3,savings_deposit,2000,2026-03-15,Imported from megabit 2018 (Ethiopian) collection sheet
d2f3b3a2-ed7a-51e8-b361-dd4b8ad7d285,3c5a6fea-e69b-5312-9684-694c1ee6ebdf,,8469f799-0d87-44b4-84e9-b18f6a443ba3,savings_deposit,692,2026-03-15,Imported from megabit 2018 (Ethiopian) collection sheet
aa522d56-823f-542e-b50f-05593756b4bc,b828959c-5bea-560a-929d-1a5594da53d8,,8469f799-0d87-44b4-84e9-b18f6a443ba3,savings_deposit,300,2026-03-15,Imported from megabit 2018 (Ethiopian) collection sheet
9bc7436b-7e90-59b4-a6f7-f6ab3c003727,a102851d-91d9-5d77-ab52-d018bd9be779,,8469f799-0d87-44b4-84e9-b18f6a443ba3,savings_deposit,1000,2026-03-15,Imported from megabit 2018 (Ethiopian) collection sheet
6b9d8ce9-42b0-5356-afbd-c43d741ba6c8,4b9a8348-f9f3-52df-8d17-50b8abdeaea6,,8469f799-0d87-44b4-84e9-b18f6a443ba3,savings_deposit,1000,2026-03-15,Imported from megabit 2018 (Ethiopian) collection sheet
2eed18a6-bd34-56b1-874c-76d116f8f42d,edf171cb-7bb8-5f91-a0e7-0f5f8fecbead,,8469f799-0d87-44b4-84e9-b18f6a443ba3,savings_deposit,300,2026-03-15,Imported from megabit 2018 (Ethiopian) collection sheet
61bc9dd8-859d-5185-b553-9bee4a98ecb6,6e18d32a-3bc0-52b7-8bfe-a677c478fa77,,8469f799-0d87-44b4-84e9-b18f6a443ba3,savings_deposit,1000,2026-03-15,Imported from megabit 2018 (Ethiopian) collection sheet
3b250e53-b3e7-5085-9daa-8d86cbc26c54,438c5624-fdbc-5263-965a-9e9da4524827,,8469f799-0d87-44b4-84e9-b18f6a443ba3,savings_deposit,300,2026-03-15,Imported from megabit 2018 (Ethiopian) collection sheet
099a6d2d-6da9-5039-aaf4-9d061bf1caa3,3f7f10e4-ecdb-55ad-891c-4a5c430edc1f,,8469f799-0d87-44b4-84e9-b18f6a443ba3,savings_deposit,999,2026-03-15,Imported from megabit 2018 (Ethiopian) collection sheet
d81820e3-f91d-5ed9-9ace-9e80597e3f68,f33516c1-ea10-5e53-b29f-9f0005ba22ee,,8469f799-0d87-44b4-84e9-b18f6a443ba3,savings_deposit,300,2026-03-15,Imported from megabit 2018 (Ethiopian) collection sheet
82b629ad-8bd3-55ef-a8f4-aae53858006f,8e67885d-ff02-5d58-a570-e235a003f3ee,,8469f799-0d87-44b4-84e9-b18f6a443ba3,savings_deposit,2000,2026-03-15,Imported from megabit 2018 (Ethiopian) collection sheet
ef1b5e1f-9201-5861-a8ea-a6483563a334,8e67885d-ff02-5d58-a570-e235a003f3ee,,8469f799-0d87-44b4-84e9-b18f6a443ba3,share_purchase,500,2026-03-15,Imported from megabit 2018 (Ethiopian) collection sheet
a4b2ef61-35aa-56a0-8110-5b51b7652aac,d95d868a-9299-557a-8903-e93a509d3b45,,8469f799-0d87-44b4-84e9-b18f6a443ba3,savings_deposit,500,2026-03-15,Imported from megabit 2018 (Ethiopian) collection sheet
57e67248-aff9-5c8b-aa10-2ce1d1f606a2,1d3e31ef-6836-593b-86c9-a7ed487b2815,,8469f799-0d87-44b4-84e9-b18f6a443ba3,savings_deposit,1000,2026-03-15,Imported from megabit 2018 (Ethiopian) collection sheet
4c2db075-f53d-53d0-9778-0819fd68d8c1,1d3e31ef-6836-593b-86c9-a7ed487b2815,,8469f799-0d87-44b4-84e9-b18f6a443ba3,share_purchase,400,2026-03-15,Imported from megabit 2018 (Ethiopian) collection sheet
7fa73690-0aa1-5ac9-bbb2-a014651a99ee,2903a34a-7dd7-5a18-bdc2-00f49fb2ea18,,8469f799-0d87-44b4-84e9-b18f6a443ba3,savings_deposit,500,2026-03-15,Imported from megabit 2018 (Ethiopian) collection sheet
37908688-2966-5736-ad7a-9c3aff69671a,2903a34a-7dd7-5a18-bdc2-00f49fb2ea18,,8469f799-0d87-44b4-84e9-b18f6a443ba3,share_purchase,1000,2026-03-15,Imported from megabit 2018 (Ethiopian) collection sheet
4fdcaddb-3aed-53c1-81e0-6b4f9ebb10d4,57f27bbf-52f5-59d6-a6cd-46b8e16cf6cc,,8469f799-0d87-44b4-84e9-b18f6a443ba3,savings_deposit,1999,2026-03-15,Imported from megabit 2018 (Ethiopian) collection sheet
7c074564-fb38-5649-85c5-310f735e1a45,85b4d884-295f-5b4a-9797-d98a609456d1,,8469f799-0d87-44b4-84e9-b18f6a443ba3,savings_deposit,2000,2026-03-15,Imported from megabit 2018 (Ethiopian) collection sheet
faf77447-dc27-577b-a1fd-b385836b76db,85b4d884-295f-5b4a-9797-d98a609456d1,,8469f799-0d87-44b4-84e9-b18f6a443ba3,share_purchase,2200,2026-03-15,Imported from megabit 2018 (Ethiopian) collection sheet
a6f603c8-78e9-5ba2-921e-815dc4728a2a,7bce6fd2-030a-5f79-8ff5-8fd865b85427,,8469f799-0d87-44b4-84e9-b18f6a443ba3,savings_deposit,1000,2026-03-15,Imported from megabit 2018 (Ethiopian) collection sheet
69a21d15-26a4-5bbf-bb14-08e584601fd6,7bce6fd2-030a-5f79-8ff5-8fd865b85427,,8469f799-0d87-44b4-84e9-b18f6a443ba3,penalty_payment,50,2026-03-15,Imported from megabit 2018 (Ethiopian) collection sheet
253b0690-e3ee-5dfc-91a4-727360a7bdad,f104d8fc-08c1-5425-af09-a40135783bf7,,8469f799-0d87-44b4-84e9-b18f6a443ba3,savings_deposit,2000,2026-03-15,Imported from megabit 2018 (Ethiopian) collection sheet
41565751-b1c4-588e-bed0-362b9b823c74,f314716f-ef2a-5bee-8da5-c08e35551753,,8469f799-0d87-44b4-84e9-b18f6a443ba3,savings_deposit,309,2026-03-15,Imported from megabit 2018 (Ethiopian) collection sheet
ac98f6fd-77b1-5d77-839d-60a76056f994,48f8809b-e76b-5fe0-8476-816fd1bf7a3d,,8469f799-0d87-44b4-84e9-b18f6a443ba3,savings_deposit,800,2026-03-15,Imported from megabit 2018 (Ethiopian) collection sheet
08c11214-320f-5e03-be5d-4b78922d3519,153d50f3-26e2-5d61-bf34-38615c211570,,8469f799-0d87-44b4-84e9-b18f6a443ba3,savings_deposit,996,2026-03-15,Imported from megabit 2018 (Ethiopian) collection sheet
71662af6-af66-52be-99ec-24210df34869,e5b336ba-b0f3-55b3-8c80-2558ac0e5303,,8469f799-0d87-44b4-84e9-b18f6a443ba3,savings_deposit,2000,2026-03-15,Imported from megabit 2018 (Ethiopian) collection sheet
77a2eab1-af4a-5191-a5ac-36066afb20ed,74de8801-16da-5088-ac85-37183499a068,,8469f799-0d87-44b4-84e9-b18f6a443ba3,savings_deposit,558,2026-03-15,Imported from megabit 2018 (Ethiopian) collection sheet
288bde8a-0e82-52c5-a313-635fe69fd3d1,74de8801-16da-5088-ac85-37183499a068,,8469f799-0d87-44b4-84e9-b18f6a443ba3,penalty_payment,82,2026-03-15,Imported from megabit 2018 (Ethiopian) collection sheet
854c1877-582f-5b9e-94c1-34c8fbbb2043,931b0746-94f4-5576-8f61-cae6f5f4e9fb,,8469f799-0d87-44b4-84e9-b18f6a443ba3,savings_deposit,500,2026-03-15,Imported from megabit 2018 (Ethiopian) collection sheet
922031f3-f83d-5be2-a57a-70d34d7cff90,a3d64128-76ea-59ec-b4bc-75f491ee497a,,8469f799-0d87-44b4-84e9-b18f6a443ba3,savings_deposit,300,2026-03-15,Imported from megabit 2018 (Ethiopian) collection sheet
027b08f2-8bab-5c96-9f45-17565f875f48,53ff7ea7-b493-5696-ac33-638e20ed23d6,,8469f799-0d87-44b4-84e9-b18f6a443ba3,savings_deposit,300,2026-03-15,Imported from megabit 2018 (Ethiopian) collection sheet
b473e164-37b0-5f06-9cf8-5506896a29a3,40f55d53-b6d1-5f39-87c3-7a1f51dba41f,,8469f799-0d87-44b4-84e9-b18f6a443ba3,savings_deposit,1500,2026-03-15,Imported from megabit 2018 (Ethiopian) collection sheet
88bb07cc-f6d3-5b22-9c14-3e29e538ac20,190f76d1-882b-54af-a156-bf8336cf47bc,,8469f799-0d87-44b4-84e9-b18f6a443ba3,savings_deposit,500,2026-03-15,Imported from megabit 2018 (Ethiopian) collection sheet
cb5903b7-b329-576e-ba0f-407f71224815,2a9148cc-142c-550b-b7ba-dc80a11f4914,,8469f799-0d87-44b4-84e9-b18f6a443ba3,savings_deposit,1000,2026-03-15,Imported from megabit 2018 (Ethiopian) collection sheet
924aa241-8fef-5779-9780-ded3547e6388,063b4232-a6e8-5c72-8949-eac343337d09,,8469f799-0d87-44b4-84e9-b18f6a443ba3,savings_deposit,500,2026-03-15,Imported from megabit 2018 (Ethiopian) collection sheet
8c22a380-ff52-5c7f-b79e-aba7d65e2026,e2583ea5-bea6-58c0-88f9-1dd731746ec6,,8469f799-0d87-44b4-84e9-b18f6a443ba3,savings_deposit,1200,2026-03-15,Imported from megabit 2018 (Ethiopian) collection sheet
8ec60bbf-1d04-5d2a-826a-b6f87bfd2e94,e2583ea5-bea6-58c0-88f9-1dd731746ec6,,8469f799-0d87-44b4-84e9-b18f6a443ba3,share_purchase,2800,2026-03-15,Imported from megabit 2018 (Ethiopian) collection sheet
1ee027b8-4d67-5452-ade8-a0717a60773b,291b70c1-e4ab-514f-a557-232a75feb979,,8469f799-0d87-44b4-84e9-b18f6a443ba3,savings_deposit,1000,2026-03-15,Imported from megabit 2018 (Ethiopian) collection sheet
1c4caab1-d1cc-50f8-864e-3ccfdef78183,234ef2cd-10db-5e9f-b1a9-c0696ebce40d,,8469f799-0d87-44b4-84e9-b18f6a443ba3,savings_deposit,1099,2026-03-15,Imported from megabit 2018 (Ethiopian) collection sheet
23aead0e-5651-5270-b1d3-4a44d17dd1eb,ed85c919-5c3b-5eb4-95c8-b11e7698c38d,,8469f799-0d87-44b4-84e9-b18f6a443ba3,savings_deposit,500,2026-03-15,Imported from megabit 2018 (Ethiopian) collection sheet
f8f7fe8b-5f21-541e-a581-1eb7c2562bbd,c0ec6910-d9a3-55c0-a9e2-a88a91225030,,8469f799-0d87-44b4-84e9-b18f6a443ba3,savings_deposit,1085,2026-03-15,Imported from megabit 2018 (Ethiopian) collection sheet
afbc260f-ec4d-50f5-8541-5662d61bfc89,c0ec6910-d9a3-55c0-a9e2-a88a91225030,,8469f799-0d87-44b4-84e9-b18f6a443ba3,penalty_payment,113,2026-03-15,Imported from megabit 2018 (Ethiopian) collection sheet
4499255a-f841-5954-84b0-760e03f1c1b0,3061b4b5-43d6-5a2f-bc12-e65c7d0b2a07,,8469f799-0d87-44b4-84e9-b18f6a443ba3,savings_deposit,580,2026-03-15,Imported from megabit 2018 (Ethiopian) collection sheet
6537c467-fabb-5547-b810-f75bf0ae7184,46482174-29d4-5343-8060-527c13d865f2,,8469f799-0d87-44b4-84e9-b18f6a443ba3,savings_deposit,2000,2026-03-15,Imported from megabit 2018 (Ethiopian) collection sheet
857be1fc-f533-5698-9fce-d9b69b29e18b,46482174-29d4-5343-8060-527c13d865f2,,8469f799-0d87-44b4-84e9-b18f6a443ba3,share_purchase,2000,2026-03-15,Imported from megabit 2018 (Ethiopian) collection sheet
58497500-9827-5574-86cb-02ee45c9e3e4,5ddc26e5-de48-59a0-83d7-94f66b9e4603,,8469f799-0d87-44b4-84e9-b18f6a443ba3,savings_deposit,1000,2026-03-15,Imported from megabit 2018 (Ethiopian) collection sheet
76dd1a51-54bd-5794-8195-2cb1fabfa7fa,5ddc26e5-de48-59a0-83d7-94f66b9e4603,,8469f799-0d87-44b4-84e9-b18f6a443ba3,share_purchase,1000,2026-03-15,Imported from megabit 2018 (Ethiopian) collection sheet
7c1e903a-8528-5aef-9701-6b2de20af5f5,f34fe5ba-00a1-513e-ba67-47de67cfb5e0,,8469f799-0d87-44b4-84e9-b18f6a443ba3,savings_deposit,500,2026-03-15,Imported from megabit 2018 (Ethiopian) collection sheet
f56ebf60-74c2-5f2a-b7d5-80c1dd347917,e56738c4-4c2f-5a94-9f05-992ceed2b0d3,,8469f799-0d87-44b4-84e9-b18f6a443ba3,savings_deposit,500,2026-03-15,Imported from megabit 2018 (Ethiopian) collection sheet
5a09afdb-c96d-53d8-8c3c-77679882a55f,e56738c4-4c2f-5a94-9f05-992ceed2b0d3,,8469f799-0d87-44b4-84e9-b18f6a443ba3,share_purchase,500,2026-03-15,Imported from megabit 2018 (Ethiopian) collection sheet
40db7269-0abc-5397-874f-c2894e5d5a51,525ba4e9-91e9-5ad0-9f9c-8861cfbb699d,,8469f799-0d87-44b4-84e9-b18f6a443ba3,savings_deposit,400,2026-03-15,Imported from megabit 2018 (Ethiopian) collection sheet
c1c38a9d-4e44-5610-9b62-b2111b08cd6a,5cce1f82-3f5e-5e69-920e-b32eba9c0204,,8469f799-0d87-44b4-84e9-b18f6a443ba3,savings_deposit,2000,2026-03-15,Imported from megabit 2018 (Ethiopian) collection sheet
aee35ba8-a149-5c31-ad32-92d53d5499af,45af6e13-a8f4-56f2-8ef9-b73c7dd5cdd1,,8469f799-0d87-44b4-84e9-b18f6a443ba3,savings_deposit,299,2026-03-15,Imported from megabit 2018 (Ethiopian) collection sheet
6701c4b1-3eed-5f83-b102-de3de01917d1,6c1cccc7-063d-5548-96bf-c8b76b4609bc,,8469f799-0d87-44b4-84e9-b18f6a443ba3,savings_deposit,500,2026-03-15,Imported from megabit 2018 (Ethiopian) collection sheet
c85077ec-7c16-5f47-a578-00c33e0f2519,b26cc191-dfba-5022-9572-99257f2fd021,,8469f799-0d87-44b4-84e9-b18f6a443ba3,savings_deposit,600,2026-03-15,Imported from megabit 2018 (Ethiopian) collection sheet
f0d7b011-75c5-5b83-b42e-004c68252929,b26cc191-dfba-5022-9572-99257f2fd021,,8469f799-0d87-44b4-84e9-b18f6a443ba3,penalty_payment,50,2026-03-15,Imported from megabit 2018 (Ethiopian) collection sheet
b16ffc09-4927-539f-a1c7-79cd717ae8d0,f1f985d6-f79a-5a7e-9417-a15eac7249c0,,8469f799-0d87-44b4-84e9-b18f6a443ba3,savings_deposit,1518,2026-03-15,Imported from megabit 2018 (Ethiopian) collection sheet
4bc0af7c-ab64-5119-9f02-ad4a4775235d,f1f985d6-f79a-5a7e-9417-a15eac7249c0,,8469f799-0d87-44b4-84e9-b18f6a443ba3,penalty_payment,150,2026-03-15,Imported from megabit 2018 (Ethiopian) collection sheet
1a1c0dd1-b0da-5ced-8b70-dc7e89fdcf68,fa2151db-7eef-5c30-9e07-8de3985ca350,,8469f799-0d87-44b4-84e9-b18f6a443ba3,savings_deposit,799,2026-03-15,Imported from megabit 2018 (Ethiopian) collection sheet
a8cbcb0f-6f7f-5d0a-a943-2070f511ea14,57956ee2-c849-545e-b15b-4724a8b68210,,8469f799-0d87-44b4-84e9-b18f6a443ba3,savings_deposit,300,2026-03-15,Imported from megabit 2018 (Ethiopian) collection sheet
6cbf5fe3-76c9-5027-bae9-dd03ad00ac0b,3d0bbb7f-ffd0-58b8-a762-659e62ff49c6,,8469f799-0d87-44b4-84e9-b18f6a443ba3,savings_deposit,300,2026-03-15,Imported from megabit 2018 (Ethiopian) collection sheet
c580aab2-43fb-5cbf-9a1e-7c5de8bc9742,3d0bbb7f-ffd0-58b8-a762-659e62ff49c6,,8469f799-0d87-44b4-84e9-b18f6a443ba3,share_purchase,500,2026-03-15,Imported from megabit 2018 (Ethiopian) collection sheet
1d86eca7-bf80-5f15-a388-7134449f3619,851c52ee-df4c-5558-bf08-b4d8183abfa5,,8469f799-0d87-44b4-84e9-b18f6a443ba3,savings_deposit,916,2026-03-15,Imported from megabit 2018 (Ethiopian) collection sheet
9694d627-2106-5704-8c9c-7c101df3047f,7c5ca725-9ded-56ac-b940-fac936b46282,,8469f799-0d87-44b4-84e9-b18f6a443ba3,savings_deposit,300,2026-03-15,Imported from megabit 2018 (Ethiopian) collection sheet
62b30c07-b5a0-5b6a-a172-921303cf0914,aad6fb2e-75fe-52ed-b422-b6f3666b5d3e,,8469f799-0d87-44b4-84e9-b18f6a443ba3,savings_deposit,1000,2026-03-15,Imported from megabit 2018 (Ethiopian) collection sheet
1c7b7e96-cfc8-5943-961b-b793b2e4defd,aad6fb2e-75fe-52ed-b422-b6f3666b5d3e,,8469f799-0d87-44b4-84e9-b18f6a443ba3,share_purchase,1300,2026-03-15,Imported from megabit 2018 (Ethiopian) collection sheet
ecddc5e0-3e10-52a8-8810-7a680ff509ca,36fd29c5-a786-5484-b733-86fbfe2c1184,,8469f799-0d87-44b4-84e9-b18f6a443ba3,savings_deposit,500,2026-03-15,Imported from megabit 2018 (Ethiopian) collection sheet
5ae37b0f-8222-5de4-b956-4f0298a3bb78,455b7b7c-a0ec-5e51-9939-03896ecd0f48,,8469f799-0d87-44b4-84e9-b18f6a443ba3,savings_deposit,300,2026-03-15,Imported from megabit 2018 (Ethiopian) collection sheet
0fe683c1-ed83-5778-b799-12dbbd4f89e7,92ece406-1c58-5c89-ab67-c39497211f35,,8469f799-0d87-44b4-84e9-b18f6a443ba3,savings_deposit,1000,2026-03-15,Imported from megabit 2018 (Ethiopian) collection sheet
d67f0d4f-3538-5e48-88de-ee02f694e6e0,ad62a251-c5c5-57dd-8560-f3108d7e018d,,8469f799-0d87-44b4-84e9-b18f6a443ba3,savings_deposit,1000,2026-03-15,Imported from megabit 2018 (Ethiopian) collection sheet
6fa4154d-44bf-5a76-8788-2bc379e54a0c,a53169c6-8855-52ab-958f-9f12cb9a5575,,8469f799-0d87-44b4-84e9-b18f6a443ba3,savings_deposit,300,2026-03-15,Imported from megabit 2018 (Ethiopian) collection sheet
c25eff1b-54fb-5315-a46f-2f60f5d75e5c,a53169c6-8855-52ab-958f-9f12cb9a5575,,8469f799-0d87-44b4-84e9-b18f6a443ba3,share_purchase,1000,2026-03-15,Imported from megabit 2018 (Ethiopian) collection sheet
0e6b4daa-a8be-5cc2-a0d9-d23932939d91,b3753ad4-8917-51cb-bcf2-00be4a652cf5,,8469f799-0d87-44b4-84e9-b18f6a443ba3,savings_deposit,399,2026-03-15,Imported from megabit 2018 (Ethiopian) collection sheet
1856ff19-9cfc-5ec8-ad1c-589c20ff1969,4eddb914-b607-5910-8203-d43303149149,,8469f799-0d87-44b4-84e9-b18f6a443ba3,savings_deposit,1242,2026-03-15,Imported from megabit 2018 (Ethiopian) collection sheet
d2e142a2-093b-5f75-8097-63da9186ce8f,e80494f0-91cb-543b-a13a-cf7a4d60e8b2,,8469f799-0d87-44b4-84e9-b18f6a443ba3,savings_deposit,2000,2026-03-15,Imported from megabit 2018 (Ethiopian) collection sheet
e09b17af-578b-55e7-9b5c-ead25e8a71ff,e80494f0-91cb-543b-a13a-cf7a4d60e8b2,,8469f799-0d87-44b4-84e9-b18f6a443ba3,share_purchase,1799,2026-03-15,Imported from megabit 2018 (Ethiopian) collection sheet
6e876f8b-205e-506e-8632-dcfd7cd55b5e,29989b23-a726-57ee-a9c9-47185b8fec11,,8469f799-0d87-44b4-84e9-b18f6a443ba3,savings_deposit,500,2026-03-15,Imported from megabit 2018 (Ethiopian) collection sheet
4bab798f-1e98-5807-8fc0-eeb99d2a2342,0a763b72-8599-5994-a69c-29167da29bf0,,8469f799-0d87-44b4-84e9-b18f6a443ba3,savings_deposit,500,2026-03-15,Imported from megabit 2018 (Ethiopian) collection sheet
82683f9d-b19b-5299-b77d-8af65bcf1a5e,39b48c41-03c3-5fbf-a867-a7f46fa34122,,8469f799-0d87-44b4-84e9-b18f6a443ba3,savings_deposit,500,2026-03-15,Imported from megabit 2018 (Ethiopian) collection sheet
bb3049d9-d439-51b9-9745-99a2616ba393,ca334b3d-3acd-52a7-983e-ec5b0e203b72,,8469f799-0d87-44b4-84e9-b18f6a443ba3,savings_deposit,843,2026-03-15,Imported from megabit 2018 (Ethiopian) collection sheet
d47bcac3-c5d2-58b1-9267-5e26c8294afd,3c2609c2-54e1-5a48-9a86-1bc3e84f3051,,8469f799-0d87-44b4-84e9-b18f6a443ba3,savings_deposit,2000,2026-03-15,Imported from megabit 2018 (Ethiopian) collection sheet
5740a9d5-e9e1-5567-b088-43353fb2c408,125f3d29-ba17-5171-83d2-afeea46bbc03,,8469f799-0d87-44b4-84e9-b18f6a443ba3,savings_deposit,299,2026-03-15,Imported from megabit 2018 (Ethiopian) collection sheet
7187f266-545c-53ab-97cc-537550a131e5,1a488e67-9018-5d60-b55e-10337a44cc31,,8469f799-0d87-44b4-84e9-b18f6a443ba3,savings_deposit,1000,2026-03-15,Imported from megabit 2018 (Ethiopian) collection sheet
f1148448-4df2-5dba-abbe-a78274b4f878,1a488e67-9018-5d60-b55e-10337a44cc31,,8469f799-0d87-44b4-84e9-b18f6a443ba3,penalty_payment,50,2026-03-15,Imported from megabit 2018 (Ethiopian) collection sheet
cc290663-fb5e-53af-8351-fadabed52666,8032a0c2-dae9-57ba-86fc-1a9d80962ddf,,8469f799-0d87-44b4-84e9-b18f6a443ba3,savings_deposit,999,2026-03-15,Imported from megabit 2018 (Ethiopian) collection sheet
64b679a1-c1d1-534c-9182-65c81808c9e4,71f4c2a5-fe70-5477-a35d-3ffbef658197,,8469f799-0d87-44b4-84e9-b18f6a443ba3,savings_deposit,1534,2026-03-15,Imported from megabit 2018 (Ethiopian) collection sheet
1437810d-1d70-5598-ac1c-7491d0b42556,f2f1058c-5d30-5571-8877-d28487edbe16,,8469f799-0d87-44b4-84e9-b18f6a443ba3,savings_deposit,578,2026-03-15,Imported from megabit 2018 (Ethiopian) collection sheet
b639afd6-4a72-578f-a788-cb5f679e89c4,34dd36a5-118a-5e12-a67f-3b49d921bb51,,8469f799-0d87-44b4-84e9-b18f6a443ba3,savings_deposit,2000,2026-03-15,Imported from megabit 2018 (Ethiopian) collection sheet
8b573004-ea51-5cc7-9cf5-948443faf0dc,34dd36a5-118a-5e12-a67f-3b49d921bb51,,8469f799-0d87-44b4-84e9-b18f6a443ba3,share_purchase,3000,2026-03-15,Imported from megabit 2018 (Ethiopian) collection sheet
e4c72cf0-b04b-533a-b3c5-94ada01ab1f1,6f5c0e57-34ab-5a5f-9d91-ae406320fc26,,8469f799-0d87-44b4-84e9-b18f6a443ba3,savings_deposit,1000,2026-03-15,Imported from megabit 2018 (Ethiopian) collection sheet
34598ab8-c9af-55d7-aed0-c0610e3d65dd,354b4c37-2e0b-5f50-923f-75e9c0064233,,8469f799-0d87-44b4-84e9-b18f6a443ba3,savings_deposit,500,2026-03-15,Imported from megabit 2018 (Ethiopian) collection sheet
89473368-67af-5073-bfff-de8178f44664,977128b0-a9c7-513f-8db5-812416bc280f,,8469f799-0d87-44b4-84e9-b18f6a443ba3,savings_deposit,1800,2026-03-15,Imported from megabit 2018 (Ethiopian) collection sheet
0728f2df-7cb5-539e-858b-b4ee48b6083e,a1f289ae-ae47-540a-9fe1-8887c6c02727,,8469f799-0d87-44b4-84e9-b18f6a443ba3,savings_deposit,300,2026-03-15,Imported from megabit 2018 (Ethiopian) collection sheet
9d725ccf-b0e7-5669-b45a-176615cdb3ad,f4d3c897-4e25-51d1-bd31-b5266a7f6180,,8469f799-0d87-44b4-84e9-b18f6a443ba3,savings_deposit,499,2026-03-15,Imported from megabit 2018 (Ethiopian) collection sheet
637802fe-92c9-5a89-adb8-681fd7cc57ea,cd0872ad-8f7d-5a15-b293-edc89f474de3,,8469f799-0d87-44b4-84e9-b18f6a443ba3,savings_deposit,499,2026-03-15,Imported from megabit 2018 (Ethiopian) collection sheet
82695a14-46b2-5cb3-8ee8-79c0eff7c15b,2e5e1ac8-b2fe-5bd4-a1e3-f4032579bda0,,8469f799-0d87-44b4-84e9-b18f6a443ba3,savings_deposit,500,2026-03-15,Imported from megabit 2018 (Ethiopian) collection sheet
f90a50d6-404e-5aee-98af-cb3683c43ebe,10f1f992-35ba-5068-a0f7-9f831a267ccb,,8469f799-0d87-44b4-84e9-b18f6a443ba3,savings_deposit,1000,2026-03-15,Imported from megabit 2018 (Ethiopian) collection sheet
05b1e237-a329-54b6-905d-c20fb133a29f,051eb74f-3bea-595a-a4dc-f08b2b9bf711,,8469f799-0d87-44b4-84e9-b18f6a443ba3,savings_deposit,500,2026-03-15,Imported from megabit 2018 (Ethiopian) collection sheet
2af2e062-a4d9-5ad9-8be9-fda6744f5e7c,051eb74f-3bea-595a-a4dc-f08b2b9bf711,,8469f799-0d87-44b4-84e9-b18f6a443ba3,share_purchase,1216,2026-03-15,Imported from megabit 2018 (Ethiopian) collection sheet
ad7df0f6-29b1-54ca-af75-969085616ecc,4eed4f71-e460-5a5b-9916-34719987c2aa,,8469f799-0d87-44b4-84e9-b18f6a443ba3,savings_deposit,1000,2026-03-15,Imported from megabit 2018 (Ethiopian) collection sheet
d10b2675-2c61-5ef2-b466-a9eeae6617b6,3d152d6f-ed5b-5cce-82c4-f386a9ee0ce4,,8469f799-0d87-44b4-84e9-b18f6a443ba3,savings_deposit,330,2026-03-15,Imported from megabit 2018 (Ethiopian) collection sheet
8b809bfa-7d04-57a9-953b-1dae4ed394c4,54dcf52c-ffc8-508a-83e0-26063fb2621a,,8469f799-0d87-44b4-84e9-b18f6a443ba3,savings_deposit,499,2026-03-15,Imported from megabit 2018 (Ethiopian) collection sheet
ff0ae203-9f23-58c9-9440-cfe2c9dbe796,0a09f5ef-5adc-5dbb-b71c-6ea36ec43987,,8469f799-0d87-44b4-84e9-b18f6a443ba3,savings_deposit,950,2026-03-15,Imported from megabit 2018 (Ethiopian) collection sheet
347dc867-4c68-5301-8899-38e6f3b8c539,0a09f5ef-5adc-5dbb-b71c-6ea36ec43987,,8469f799-0d87-44b4-84e9-b18f6a443ba3,share_purchase,1000,2026-03-15,Imported from megabit 2018 (Ethiopian) collection sheet
2f8e0718-a615-5161-a958-07b78739b8ed,0a09f5ef-5adc-5dbb-b71c-6ea36ec43987,,8469f799-0d87-44b4-84e9-b18f6a443ba3,penalty_payment,50,2026-03-15,Imported from megabit 2018 (Ethiopian) collection sheet
bef9c77c-7cc4-5391-8d66-7a91ebbf287e,2f80699b-30f8-50d9-b2c6-484d7f9dc1ec,,8469f799-0d87-44b4-84e9-b18f6a443ba3,savings_deposit,300,2026-03-15,Imported from megabit 2018 (Ethiopian) collection sheet
f1897460-86e9-5074-9b7e-197ec2b78649,d4a87532-6f1f-5375-ab91-a2951df1615b,,8469f799-0d87-44b4-84e9-b18f6a443ba3,savings_deposit,100,2026-03-15,Imported from megabit 2018 (Ethiopian) collection sheet
07c98124-500c-5704-8a17-38c8be324ac6,170f7791-7bf0-577c-a043-64fb779a31d9,,8469f799-0d87-44b4-84e9-b18f6a443ba3,savings_deposit,1500,2026-03-15,Imported from megabit 2018 (Ethiopian) collection sheet
dd29a88a-f98f-5b5c-aca8-2460ffd6a8c9,00996b02-5241-589e-aeb7-425449f40eb8,,8469f799-0d87-44b4-84e9-b18f6a443ba3,savings_deposit,1000,2026-03-15,Imported from megabit 2018 (Ethiopian) collection sheet
433756cf-5ee9-5edf-b22a-816d057e881d,00996b02-5241-589e-aeb7-425449f40eb8,,8469f799-0d87-44b4-84e9-b18f6a443ba3,share_purchase,514,2026-03-15,Imported from megabit 2018 (Ethiopian) collection sheet
ee6cde8b-93df-54c0-8734-2e27812084cd,76f88045-5002-5b6e-9681-43b735316605,,8469f799-0d87-44b4-84e9-b18f6a443ba3,savings_deposit,500,2026-03-15,Imported from megabit 2018 (Ethiopian) collection sheet
ccc8d469-d902-572f-bb47-1a17921eb6b2,991e35bc-30fb-5dc8-ac2b-8018c60eddb2,,8469f799-0d87-44b4-84e9-b18f6a443ba3,savings_deposit,500,2026-03-15,Imported from megabit 2018 (Ethiopian) collection sheet
9f26750d-846b-521a-8535-bdade04f0f64,62734299-08da-5759-bcec-2ee0c758799c,,8469f799-0d87-44b4-84e9-b18f6a443ba3,savings_deposit,301,2026-03-15,Imported from megabit 2018 (Ethiopian) collection sheet
2e37d9f8-cec4-5855-83c0-112c7da20b94,657f1680-7a2b-5bac-8c63-4b8e6d343813,,8469f799-0d87-44b4-84e9-b18f6a443ba3,savings_deposit,399,2026-03-15,Imported from megabit 2018 (Ethiopian) collection sheet
bc5395da-7ea5-5549-8a75-47e2ee2d6b69,869176ce-c515-5353-b0dd-d5925b52340d,,8469f799-0d87-44b4-84e9-b18f6a443ba3,savings_deposit,300,2026-03-15,Imported from megabit 2018 (Ethiopian) collection sheet
af39517b-875e-53b0-9da6-2588c69e8448,1de9385b-94da-5913-8519-c4d9da1f84a0,,8469f799-0d87-44b4-84e9-b18f6a443ba3,savings_deposit,900,2026-03-15,Imported from megabit 2018 (Ethiopian) collection sheet
d6d28d2d-486c-5a9e-9946-465a57b01d00,aee4b7df-f455-5168-970e-5b37cd8740d3,,8469f799-0d87-44b4-84e9-b18f6a443ba3,savings_deposit,500,2026-03-15,Imported from megabit 2018 (Ethiopian) collection sheet
da2a24a5-ffc4-538a-85dd-b87ea5774645,d7d27b5f-57d6-5506-9ce7-7ab56fd82b56,,8469f799-0d87-44b4-84e9-b18f6a443ba3,savings_deposit,500,2026-03-15,Imported from megabit 2018 (Ethiopian) collection sheet
11b271a5-8a37-5ccd-8488-06ee9c154c73,3bbb05b3-76ad-58f1-891b-6777e08fe734,,8469f799-0d87-44b4-84e9-b18f6a443ba3,savings_deposit,500,2026-03-15,Imported from megabit 2018 (Ethiopian) collection sheet
7506e3c3-50b9-50e7-be3d-7cb9c3a71f37,f4772095-a982-5f67-9483-de5bd0269aa2,,8469f799-0d87-44b4-84e9-b18f6a443ba3,savings_deposit,700,2026-03-15,Imported from megabit 2018 (Ethiopian) collection sheet
db265208-2f38-5cca-a44c-29868747914b,b1242fc4-085a-59d9-bd25-3d53db393a95,,8469f799-0d87-44b4-84e9-b18f6a443ba3,savings_deposit,300,2026-03-15,Imported from megabit 2018 (Ethiopian) collection sheet
f0f5fcb9-94a9-529e-a799-a23142af6074,73e6cb68-bbf3-5dd1-84d3-1cba1163b07f,,8469f799-0d87-44b4-84e9-b18f6a443ba3,savings_deposit,300,2026-03-15,Imported from megabit 2018 (Ethiopian) collection sheet
de3a2cd0-eb18-5957-878e-22f5bbcebc9e,a4356662-e458-54c8-9ee5-b90949d068cd,,8469f799-0d87-44b4-84e9-b18f6a443ba3,savings_deposit,500,2026-03-15,Imported from megabit 2018 (Ethiopian) collection sheet
f6b62cff-c0e0-57c6-9517-65a684e34d8b,72a8896e-535f-58b2-9a53-39bcdd203fce,,8469f799-0d87-44b4-84e9-b18f6a443ba3,savings_deposit,300,2026-03-15,Imported from megabit 2018 (Ethiopian) collection sheet
02c78134-6ee3-5b4e-8d2d-40880ccc1346,a6ebd1b9-8689-5540-b5c3-376f9dc47bdb,,8469f799-0d87-44b4-84e9-b18f6a443ba3,savings_deposit,1000,2026-03-15,Imported from megabit 2018 (Ethiopian) collection sheet
adeaf411-005a-5e56-be3f-f5f098cbf595,cb6fbfe0-6561-5ae8-abb0-22e11f38b62b,,8469f799-0d87-44b4-84e9-b18f6a443ba3,savings_deposit,500,2026-03-15,Imported from megabit 2018 (Ethiopian) collection sheet
547279a9-423e-50fa-ac8e-e7ac92cc7b78,c25c27a2-8d3d-5fa4-99d5-1712bde7ef39,,8469f799-0d87-44b4-84e9-b18f6a443ba3,savings_deposit,400,2026-03-15,Imported from megabit 2018 (Ethiopian) collection sheet
2e37b5ac-2ca0-58e6-bad5-f3d7ddcd5798,1ad8f71e-4f15-52fb-8ad6-158e2ccac339,,8469f799-0d87-44b4-84e9-b18f6a443ba3,savings_deposit,1000,2026-03-15,Imported from megabit 2018 (Ethiopian) collection sheet
0aeb2225-2aeb-5da3-8537-e87c559ba5ce,f76d7cab-6a2e-5d14-89da-26ccafbd3be0,,8469f799-0d87-44b4-84e9-b18f6a443ba3,savings_deposit,500,2026-03-15,Imported from megabit 2018 (Ethiopian) collection sheet
fab80906-5c19-5727-b440-e6fff168e138,fc4352be-369e-5598-8274-98a6cae1f207,,8469f799-0d87-44b4-84e9-b18f6a443ba3,savings_deposit,500,2026-03-15,Imported from megabit 2018 (Ethiopian) collection sheet
20b1fbea-08ad-574d-a754-fcf583b4afef,c3a66182-f9eb-55b0-a3f4-fe924a4dec95,,8469f799-0d87-44b4-84e9-b18f6a443ba3,savings_deposit,500,2026-03-15,Imported from megabit 2018 (Ethiopian) collection sheet
34d4c2b1-7741-5b79-aa04-efa4cbea8812,75f95f5d-bdcc-5624-9532-315ba2d8cf68,,8469f799-0d87-44b4-84e9-b18f6a443ba3,savings_deposit,600,2026-03-15,Imported from megabit 2018 (Ethiopian) collection sheet
01e5e7c2-b88d-593e-8eed-0dc4c66e6571,75f95f5d-bdcc-5624-9532-315ba2d8cf68,,8469f799-0d87-44b4-84e9-b18f6a443ba3,penalty_payment,50,2026-03-15,Imported from megabit 2018 (Ethiopian) collection sheet
3dd5f900-7c4d-541c-a6b3-089759135391,d3faf4eb-9546-5aa9-9995-1d985500ac16,,8469f799-0d87-44b4-84e9-b18f6a443ba3,savings_deposit,500,2026-03-15,Imported from megabit 2018 (Ethiopian) collection sheet
007dac38-5b2b-5490-b6cd-d20477ced703,d3faf4eb-9546-5aa9-9995-1d985500ac16,,8469f799-0d87-44b4-84e9-b18f6a443ba3,share_purchase,500,2026-03-15,Imported from megabit 2018 (Ethiopian) collection sheet
6ef17b50-839d-5892-b693-17806b55fb07,6c8bee9a-74b1-5e90-afac-e0a6e165fcef,,8469f799-0d87-44b4-84e9-b18f6a443ba3,savings_deposit,500,2026-03-15,Imported from megabit 2018 (Ethiopian) collection sheet
81d1e50f-cca6-5833-8f2f-28db97b673bd,6c8bee9a-74b1-5e90-afac-e0a6e165fcef,,8469f799-0d87-44b4-84e9-b18f6a443ba3,share_purchase,2000,2026-03-15,Imported from megabit 2018 (Ethiopian) collection sheet
a4d439ae-c583-5c7f-90c9-8307a1379f65,53198375-0834-5854-95d3-f14812d02e9f,,8469f799-0d87-44b4-84e9-b18f6a443ba3,savings_deposit,500,2026-03-15,Imported from megabit 2018 (Ethiopian) collection sheet
ea0c5d3f-c80a-5248-a9f1-05522f005b56,53198375-0834-5854-95d3-f14812d02e9f,,8469f799-0d87-44b4-84e9-b18f6a443ba3,share_purchase,500,2026-03-15,Imported from megabit 2018 (Ethiopian) collection sheet
7a8dc35d-2e79-5959-9eb5-094d855a336e,653a7e72-171e-5a5b-a8bc-a744f16e7542,,8469f799-0d87-44b4-84e9-b18f6a443ba3,savings_deposit,1000,2026-03-15,Imported from megabit 2018 (Ethiopian) collection sheet
28040089-edc0-598b-b69b-9d978576b1e2,653a7e72-171e-5a5b-a8bc-a744f16e7542,,8469f799-0d87-44b4-84e9-b18f6a443ba3,share_purchase,1000,2026-03-15,Imported from megabit 2018 (Ethiopian) collection sheet
4ca60522-3b0d-5ca0-91c9-6d022f0ea361,439dca62-e8ee-5687-96ba-ed76048724b5,,8469f799-0d87-44b4-84e9-b18f6a443ba3,savings_deposit,500,2026-03-15,Imported from megabit 2018 (Ethiopian) collection sheet
63521ca6-1747-560f-a6f6-db3293e4399a,9bcb279d-1071-5ff0-aae5-53ea184ce725,,8469f799-0d87-44b4-84e9-b18f6a443ba3,savings_deposit,500,2026-03-15,Imported from megabit 2018 (Ethiopian) collection sheet
84e4b605-5c89-53fb-850f-7ae70ae2310a,fdf165ea-a6ad-5b9a-a7ed-146969ee7817,,8469f799-0d87-44b4-84e9-b18f6a443ba3,savings_deposit,500,2026-03-15,Imported from megabit 2018 (Ethiopian) collection sheet
8f0ca732-5b15-5f96-ad82-f2dfe6be2a60,319312c6-6801-528d-b138-81bcf7aba92e,,8469f799-0d87-44b4-84e9-b18f6a443ba3,savings_deposit,2000,2026-03-15,Imported from megabit 2018 (Ethiopian) collection sheet
50be4404-f8bc-56c0-b9cb-120d9e1c5f7b,319312c6-6801-528d-b138-81bcf7aba92e,,8469f799-0d87-44b4-84e9-b18f6a443ba3,share_purchase,31177,2026-03-15,Imported from megabit 2018 (Ethiopian) collection sheet
0803a5c4-8505-5476-8de5-1a1333e81fa8,c5281824-d45c-5e75-baa4-aa7ba6b9b4eb,,8469f799-0d87-44b4-84e9-b18f6a443ba3,savings_deposit,300,2026-03-15,Imported from megabit 2018 (Ethiopian) collection sheet
fe28797e-375f-5f37-a52a-f0340d726472,c4233303-1584-59c8-aeac-bf513bb11394,,8469f799-0d87-44b4-84e9-b18f6a443ba3,savings_deposit,500,2026-03-15,Imported from megabit 2018 (Ethiopian) collection sheet
4b2b5079-3ebd-5959-8c52-696df01bcec9,c4233303-1584-59c8-aeac-bf513bb11394,,8469f799-0d87-44b4-84e9-b18f6a443ba3,share_purchase,1000,2026-03-15,Imported from megabit 2018 (Ethiopian) collection sheet
08c996f4-f09d-5077-a02e-9f11160bb535,0bc38e75-0d03-50eb-9d02-a102d730494c,,8469f799-0d87-44b4-84e9-b18f6a443ba3,savings_deposit,2157,2026-03-15,Imported from megabit 2018 (Ethiopian) collection sheet
3e163da7-8d6b-5270-81a1-e3563e36a059,fdaaa5b7-6f56-5f9a-8cb6-1134927a1df1,,8469f799-0d87-44b4-84e9-b18f6a443ba3,savings_deposit,1000,2026-03-15,Imported from megabit 2018 (Ethiopian) collection sheet
d468f250-0d9c-54b7-ab31-2caeeb9f160b,fdaaa5b7-6f56-5f9a-8cb6-1134927a1df1,,8469f799-0d87-44b4-84e9-b18f6a443ba3,penalty_payment,50,2026-03-15,Imported from megabit 2018 (Ethiopian) collection sheet
88cbf55d-be4b-57ec-8a93-0109ae952699,7fae6c72-43fe-5d36-982a-f1436b8aa936,,8469f799-0d87-44b4-84e9-b18f6a443ba3,savings_deposit,1000,2026-03-15,Imported from megabit 2018 (Ethiopian) collection sheet
a98b8f13-7d05-5218-a223-755693617d8e,7fae6c72-43fe-5d36-982a-f1436b8aa936,,8469f799-0d87-44b4-84e9-b18f6a443ba3,share_purchase,2000,2026-03-15,Imported from megabit 2018 (Ethiopian) collection sheet
3f1b042c-81e9-5697-ba33-7958f7acbb42,7fae6c72-43fe-5d36-982a-f1436b8aa936,,8469f799-0d87-44b4-84e9-b18f6a443ba3,penalty_payment,100,2026-03-15,Imported from megabit 2018 (Ethiopian) collection sheet
44a6cc7c-0b91-50e5-88e1-0bbeebaf6844,dc05a34e-7603-5430-8644-1006b5eb9ce8,,8469f799-0d87-44b4-84e9-b18f6a443ba3,savings_deposit,1500,2026-03-15,Imported from megabit 2018 (Ethiopian) collection sheet
6eefbadf-334e-5de7-820a-369790816db5,1312a235-bded-5cc9-9115-fbe26eb8d4ff,,8469f799-0d87-44b4-84e9-b18f6a443ba3,savings_deposit,600,2026-03-15,Imported from megabit 2018 (Ethiopian) collection sheet
19718663-dbb4-502b-860d-72b70e3966bb,1312a235-bded-5cc9-9115-fbe26eb8d4ff,,8469f799-0d87-44b4-84e9-b18f6a443ba3,penalty_payment,50,2026-03-15,Imported from megabit 2018 (Ethiopian) collection sheet
a773cdc1-be30-564d-8125-91d0a22164b2,00504940-bbb4-52dd-9bed-81b31d16e60c,,8469f799-0d87-44b4-84e9-b18f6a443ba3,savings_deposit,300,2026-03-15,Imported from megabit 2018 (Ethiopian) collection sheet
c6cac2e4-0f53-5dd5-a37d-8deb7305e3eb,4c1c461a-ae9f-5b76-980a-956c802b4225,,8469f799-0d87-44b4-84e9-b18f6a443ba3,savings_deposit,1300,2026-03-15,Imported from megabit 2018 (Ethiopian) collection sheet
a8d1005c-6b3b-5514-b07a-4efd31ce35de,5b09d4aa-c1b0-512a-a1dc-de6bb23c0fa2,,8469f799-0d87-44b4-84e9-b18f6a443ba3,savings_deposit,514,2026-03-15,Imported from megabit 2018 (Ethiopian) collection sheet
ca8e9686-4838-58aa-a26d-fa0f417f3609,7de65b59-a390-528f-9574-24528382dc93,,8469f799-0d87-44b4-84e9-b18f6a443ba3,savings_deposit,500,2026-03-15,Imported from megabit 2018 (Ethiopian) collection sheet
8e07bc3e-bb54-57d7-b8d4-a76d0148bed4,094105d3-95fc-5ef8-9498-a9da1f7bd987,,8469f799-0d87-44b4-84e9-b18f6a443ba3,savings_deposit,500,2026-03-15,Imported from megabit 2018 (Ethiopian) collection sheet
13e277b0-f1e3-5e0a-8a64-b38bc8e0fe0d,6c7e695e-1c69-5ba8-8e86-11220259cea5,,8469f799-0d87-44b4-84e9-b18f6a443ba3,savings_deposit,800,2026-03-15,Imported from megabit 2018 (Ethiopian) collection sheet
8d7ab5e6-46a4-55ed-aef0-b4fb7c8cdfb7,640b242e-d25d-5d03-ac35-6d4ada4340a4,,8469f799-0d87-44b4-84e9-b18f6a443ba3,savings_deposit,500,2026-03-15,Imported from megabit 2018 (Ethiopian) collection sheet
ebcf26e7-e01a-51fb-880b-7bcb16f843a5,640b242e-d25d-5d03-ac35-6d4ada4340a4,,8469f799-0d87-44b4-84e9-b18f6a443ba3,share_purchase,500,2026-03-15,Imported from megabit 2018 (Ethiopian) collection sheet
4994377f-ce29-56db-b1ad-5ba67ff97a18,b6399dcf-1caa-5da3-bb09-d4f79922e2ed,,8469f799-0d87-44b4-84e9-b18f6a443ba3,savings_deposit,500,2026-03-15,Imported from megabit 2018 (Ethiopian) collection sheet
07904cbc-f718-5ff3-9fde-19f8251a423b,fcee7f90-a4ed-5bb4-bc0a-7f04623c694a,,8469f799-0d87-44b4-84e9-b18f6a443ba3,savings_deposit,500,2026-03-15,Imported from megabit 2018 (Ethiopian) collection sheet
835613a8-c964-5c25-9fec-73659148a6ce,980a1405-2a66-53ba-b246-90cc1bcd9824,,8469f799-0d87-44b4-84e9-b18f6a443ba3,savings_deposit,500,2026-03-15,Imported from megabit 2018 (Ethiopian) collection sheet
b6e3166f-fe63-5b13-bbd0-33e424c9ec68,ae5e0f27-63ff-5cfe-b320-5839eccb0f39,,8469f799-0d87-44b4-84e9-b18f6a443ba3,savings_deposit,500,2026-03-15,Imported from megabit 2018 (Ethiopian) collection sheet
ad2e23c0-634b-553d-a4fe-4817d22606cf,ae5e0f27-63ff-5cfe-b320-5839eccb0f39,,8469f799-0d87-44b4-84e9-b18f6a443ba3,share_purchase,1000,2026-03-15,Imported from megabit 2018 (Ethiopian) collection sheet
ec03b6d5-79d4-5454-838e-43b572462e1c,ef277d2b-5aa9-5a2b-aa4a-b0a2d5730154,,8469f799-0d87-44b4-84e9-b18f6a443ba3,savings_deposit,1000,2026-03-15,Imported from megabit 2018 (Ethiopian) collection sheet
dd25cce8-dc4f-5b5a-890a-cc1bd803256f,ef277d2b-5aa9-5a2b-aa4a-b0a2d5730154,,8469f799-0d87-44b4-84e9-b18f6a443ba3,share_purchase,2000,2026-03-15,Imported from megabit 2018 (Ethiopian) collection sheet
009be210-a087-5006-8132-9a099abbce29,f21a7119-21e1-5886-a094-aeef9ea90120,,8469f799-0d87-44b4-84e9-b18f6a443ba3,savings_deposit,819,2026-03-15,Imported from megabit 2018 (Ethiopian) collection sheet
f460ff9a-34da-547d-bdd2-75ff2cc5b43b,286ecb3c-8211-53a0-97be-24e354b06a1d,,8469f799-0d87-44b4-84e9-b18f6a443ba3,savings_deposit,450,2026-03-15,Imported from megabit 2018 (Ethiopian) collection sheet
61c2ade1-8cb0-5c13-9c33-8b9ef234645c,286ecb3c-8211-53a0-97be-24e354b06a1d,,8469f799-0d87-44b4-84e9-b18f6a443ba3,penalty_payment,50,2026-03-15,Imported from megabit 2018 (Ethiopian) collection sheet
263f7664-e5dd-573e-8a24-8a1a7037c768,ddc514dd-8a84-5b7e-a501-88fdbfec0106,,8469f799-0d87-44b4-84e9-b18f6a443ba3,savings_deposit,1000,2026-03-15,Imported from megabit 2018 (Ethiopian) collection sheet
d9ac49c6-e172-51ce-b390-750fde98bdcf,ddc514dd-8a84-5b7e-a501-88fdbfec0106,,8469f799-0d87-44b4-84e9-b18f6a443ba3,share_purchase,1000,2026-03-15,Imported from megabit 2018 (Ethiopian) collection sheet
bd6dbd2b-f904-5f7d-9570-816a59fe6cef,737a8d1b-4900-52ab-a075-9e94a6135e5a,,8469f799-0d87-44b4-84e9-b18f6a443ba3,savings_deposit,1049,2026-03-15,Imported from megabit 2018 (Ethiopian) collection sheet
a9f37a64-40cc-5eff-979d-a22531f99b58,22d76f64-4d03-57bd-9591-22362b1ef93d,,8469f799-0d87-44b4-84e9-b18f6a443ba3,savings_deposit,500,2026-03-15,Imported from megabit 2018 (Ethiopian) collection sheet
1d0d105d-b8e2-527a-baf5-8eb6a0d4d1c9,f20f195e-d014-50ac-891d-111561cc1b23,,8469f799-0d87-44b4-84e9-b18f6a443ba3,savings_deposit,500,2026-03-15,Imported from megabit 2018 (Ethiopian) collection sheet
d7a61e2e-60bf-58ea-8747-a632798eeff1,d82e3094-7b6c-5331-b605-63ab2e240d21,,8469f799-0d87-44b4-84e9-b18f6a443ba3,savings_deposit,450,2026-03-15,Imported from megabit 2018 (Ethiopian) collection sheet
6dbb6a66-be87-5dd2-9b3b-19d0c969d239,d82e3094-7b6c-5331-b605-63ab2e240d21,,8469f799-0d87-44b4-84e9-b18f6a443ba3,penalty_payment,50,2026-03-15,Imported from megabit 2018 (Ethiopian) collection sheet
bc276901-d4cb-518f-b7a0-9c8e95ea6974,47ec08e9-732a-5965-8cd9-d5cd3b4e9c48,,8469f799-0d87-44b4-84e9-b18f6a443ba3,savings_deposit,500,2026-03-15,Imported from megabit 2018 (Ethiopian) collection sheet
4cf0a338-f7e2-58c1-92b6-addd47430bf4,85a64810-64c3-58ca-86e7-eb62fc6c2060,,8469f799-0d87-44b4-84e9-b18f6a443ba3,savings_deposit,500,2026-03-15,Imported from megabit 2018 (Ethiopian) collection sheet
df6b9199-0cc3-52a7-b072-203231fcf3fa,a2e78812-b8db-5915-ac41-4c459014f26f,,8469f799-0d87-44b4-84e9-b18f6a443ba3,savings_deposit,404,2026-03-15,Imported from megabit 2018 (Ethiopian) collection sheet
bb431d8b-a11d-51ef-927a-679ecf06259d,48348d28-35b4-5a0c-b871-86b6516eadc9,,8469f799-0d87-44b4-84e9-b18f6a443ba3,savings_deposit,1000,2026-03-15,Imported from megabit 2018 (Ethiopian) collection sheet
5639b6e9-f01f-5b78-aff9-f3b5a0942209,48348d28-35b4-5a0c-b871-86b6516eadc9,,8469f799-0d87-44b4-84e9-b18f6a443ba3,share_purchase,1000,2026-03-15,Imported from megabit 2018 (Ethiopian) collection sheet
341c1365-a2b8-53de-b70c-2abdb059b939,2cb9dc21-141f-5c94-a3a2-53c9146b95d9,,8469f799-0d87-44b4-84e9-b18f6a443ba3,savings_deposit,1999,2026-03-15,Imported from megabit 2018 (Ethiopian) collection sheet
d4063082-49dd-5e52-8e75-314299e38b7f,2cb9dc21-141f-5c94-a3a2-53c9146b95d9,,8469f799-0d87-44b4-84e9-b18f6a443ba3,share_purchase,1000,2026-03-15,Imported from megabit 2018 (Ethiopian) collection sheet
a74bf58e-3900-5159-82b1-b04a7ac348b0,28376a0f-18b1-5402-b40c-67d5b9b27df0,,8469f799-0d87-44b4-84e9-b18f6a443ba3,savings_deposit,332,2026-03-15,Imported from megabit 2018 (Ethiopian) collection sheet
372dedc7-3d3c-530c-a124-4b2b71b3402b,b32fac1a-aa87-568b-b93b-e5763112b61d,,8469f799-0d87-44b4-84e9-b18f6a443ba3,savings_deposit,500,2026-03-15,Imported from megabit 2018 (Ethiopian) collection sheet
21784b44-45bc-5720-8c06-49e1d52ea78c,414b6ffc-f127-5a64-9f70-c41106f36639,,8469f799-0d87-44b4-84e9-b18f6a443ba3,savings_deposit,1000,2026-03-15,Imported from megabit 2018 (Ethiopian) collection sheet
0d5b802e-bef3-5593-8b34-8b72ab88f40e,51987227-8d50-5cc6-b629-42d0dc1ec837,,8469f799-0d87-44b4-84e9-b18f6a443ba3,savings_deposit,1000,2026-03-15,Imported from megabit 2018 (Ethiopian) collection sheet
9dda1650-108d-502c-970c-6dc52966dd92,643e30d9-af60-5c78-a1d6-74388a9af0f9,,8469f799-0d87-44b4-84e9-b18f6a443ba3,savings_deposit,2000,2026-03-15,Imported from megabit 2018 (Ethiopian) collection sheet
ac7e9ac6-8339-503c-b567-d1a1ef682542,0c0a5dc8-0a60-5d67-9aba-378c65dfad91,,8469f799-0d87-44b4-84e9-b18f6a443ba3,savings_deposit,500,2026-03-15,Imported from megabit 2018 (Ethiopian) collection sheet
0c5d3410-4c21-571f-bc0f-d083ed82dcc4,f88d8e5f-0ed1-5e58-bdfc-8df9e93c0195,,8469f799-0d87-44b4-84e9-b18f6a443ba3,savings_deposit,500,2026-03-15,Imported from megabit 2018 (Ethiopian) collection sheet
ddb7c81b-985f-5605-ae7b-7a8db0679922,f88d8e5f-0ed1-5e58-bdfc-8df9e93c0195,,8469f799-0d87-44b4-84e9-b18f6a443ba3,share_purchase,1000,2026-03-15,Imported from megabit 2018 (Ethiopian) collection sheet
21d5ba4f-ebb3-5025-8111-5e92947607a1,7e79d9ef-cc12-51b8-8044-3ca5e1e3d377,,8469f799-0d87-44b4-84e9-b18f6a443ba3,savings_deposit,950,2026-03-15,Imported from megabit 2018 (Ethiopian) collection sheet
9e074c7e-0379-502c-9c88-fe60afdbdaaf,7e79d9ef-cc12-51b8-8044-3ca5e1e3d377,,8469f799-0d87-44b4-84e9-b18f6a443ba3,share_purchase,1000,2026-03-15,Imported from megabit 2018 (Ethiopian) collection sheet
1df05ce0-0594-5569-8e2e-aac80382e229,7e79d9ef-cc12-51b8-8044-3ca5e1e3d377,,8469f799-0d87-44b4-84e9-b18f6a443ba3,penalty_payment,100,2026-03-15,Imported from megabit 2018 (Ethiopian) collection sheet
e1a77c0e-134a-532e-8c2c-4462afa69516,40cd2138-10ea-53af-a42e-8bb58521e9ae,,8469f799-0d87-44b4-84e9-b18f6a443ba3,savings_deposit,950,2026-03-15,Imported from megabit 2018 (Ethiopian) collection sheet
c59b9e84-e753-589b-a740-c6466362b8d4,40cd2138-10ea-53af-a42e-8bb58521e9ae,,8469f799-0d87-44b4-84e9-b18f6a443ba3,penalty_payment,50,2026-03-15,Imported from megabit 2018 (Ethiopian) collection sheet
ea074b78-5778-56c0-8a86-e4420e842d87,fd4fc03e-beed-599e-a862-bf1ebb489d28,,8469f799-0d87-44b4-84e9-b18f6a443ba3,savings_deposit,950,2026-03-15,Imported from megabit 2018 (Ethiopian) collection sheet
d2a1e948-da81-5286-a904-b5438d9b4ea5,fd4fc03e-beed-599e-a862-bf1ebb489d28,,8469f799-0d87-44b4-84e9-b18f6a443ba3,penalty_payment,50,2026-03-15,Imported from megabit 2018 (Ethiopian) collection sheet
fd82d9bd-208e-5f9e-90bb-4f05fe269e81,a31db2ec-9d4a-5d1a-b551-cc423673ea8a,,8469f799-0d87-44b4-84e9-b18f6a443ba3,savings_deposit,500,2026-03-15,Imported from megabit 2018 (Ethiopian) collection sheet
f6f2f95c-d09c-5ecf-994e-fef75daa1f32,a31db2ec-9d4a-5d1a-b551-cc423673ea8a,,8469f799-0d87-44b4-84e9-b18f6a443ba3,share_purchase,1000,2026-03-15,Imported from megabit 2018 (Ethiopian) collection sheet
a07be8f0-3dff-5909-a2ae-bc4d595751f3,7b0770a8-2173-5070-80f4-3cc171ab8378,,8469f799-0d87-44b4-84e9-b18f6a443ba3,savings_deposit,2000,2026-03-15,Imported from megabit 2018 (Ethiopian) collection sheet
7a9ee705-87d2-5b16-aeff-2003c388a7b1,7b0770a8-2173-5070-80f4-3cc171ab8378,,8469f799-0d87-44b4-84e9-b18f6a443ba3,share_purchase,8000,2026-03-15,Imported from megabit 2018 (Ethiopian) collection sheet
b88e9dc4-9de5-51b0-ab15-f32d326a4b71,a4abc03d-99d2-5421-9712-1e1eb35acc37,,8469f799-0d87-44b4-84e9-b18f6a443ba3,savings_deposit,527,2026-03-15,Imported from megabit 2018 (Ethiopian) collection sheet
5b95e55d-f087-5f4c-860d-d78d949b5938,a4abc03d-99d2-5421-9712-1e1eb35acc37,,8469f799-0d87-44b4-84e9-b18f6a443ba3,penalty_payment,50,2026-03-15,Imported from megabit 2018 (Ethiopian) collection sheet
471d77bc-ec09-5c95-9ada-ff7e89ce8ef5,f7a5e560-da9b-5bf0-96c3-9a087507a3a5,,8469f799-0d87-44b4-84e9-b18f6a443ba3,savings_deposit,500,2026-03-15,Imported from megabit 2018 (Ethiopian) collection sheet
0060b672-90e1-52a1-a1ce-a5b04e47baba,a9e1deed-561a-5838-8766-2fb2c036ea29,,8469f799-0d87-44b4-84e9-b18f6a443ba3,savings_deposit,1000,2026-03-15,Imported from megabit 2018 (Ethiopian) collection sheet
d0ab7280-70e2-5699-9edc-e0cc48f4d650,2e2b55a7-2c48-5b27-ab85-e84cfe6ba873,,8469f799-0d87-44b4-84e9-b18f6a443ba3,savings_deposit,1500,2026-03-15,Imported from megabit 2018 (Ethiopian) collection sheet
c662853e-3823-5b05-aaf3-a4043353b026,26cf5d2f-1d72-5d7f-ada9-7379077b11ae,,8469f799-0d87-44b4-84e9-b18f6a443ba3,savings_deposit,1000,2026-03-15,Imported from megabit 2018 (Ethiopian) collection sheet
b450fc71-8e1f-5381-90b4-4f70e8eccafb,26cf5d2f-1d72-5d7f-ada9-7379077b11ae,,8469f799-0d87-44b4-84e9-b18f6a443ba3,penalty_payment,50,2026-03-15,Imported from megabit 2018 (Ethiopian) collection sheet
dc78e464-d435-5843-99eb-139a1805cc0f,d413f918-479b-57e9-87d9-23d6708d8d81,,8469f799-0d87-44b4-84e9-b18f6a443ba3,savings_deposit,1000,2026-03-15,Imported from megabit 2018 (Ethiopian) collection sheet
c45ae3d7-8262-5098-9598-860e0253cd44,d413f918-479b-57e9-87d9-23d6708d8d81,,8469f799-0d87-44b4-84e9-b18f6a443ba3,share_purchase,5000,2026-03-15,Imported from megabit 2018 (Ethiopian) collection sheet
71a0f438-8230-5e83-bb51-aa0fe6dbe69f,d413f918-479b-57e9-87d9-23d6708d8d81,,8469f799-0d87-44b4-84e9-b18f6a443ba3,penalty_payment,50,2026-03-15,Imported from megabit 2018 (Ethiopian) collection sheet
e1c54f11-f1e1-5e99-9a4d-a7ce581afd31,f2915524-e894-5bde-aecd-da2bed49a70c,,8469f799-0d87-44b4-84e9-b18f6a443ba3,savings_deposit,600,2026-03-15,Imported from megabit 2018 (Ethiopian) collection sheet
90938ad1-1418-5315-97a9-64d68e062a1f,8cbc921c-b09b-5afb-8361-fa63c61ffd8a,,8469f799-0d87-44b4-84e9-b18f6a443ba3,savings_deposit,800,2026-03-15,Imported from megabit 2018 (Ethiopian) collection sheet
c4894b11-c62d-55f8-a413-f59b9771f581,1f0dbffc-ffca-5b20-b4fb-3b17fbe5a239,,8469f799-0d87-44b4-84e9-b18f6a443ba3,savings_deposit,1000,2026-03-15,Imported from megabit 2018 (Ethiopian) collection sheet
d83fa491-1daa-5598-bd0e-da00704ae616,1f0dbffc-ffca-5b20-b4fb-3b17fbe5a239,,8469f799-0d87-44b4-84e9-b18f6a443ba3,share_purchase,1000,2026-03-15,Imported from megabit 2018 (Ethiopian) collection sheet
7ffd141b-372e-5094-88b8-dbbca01cfc5a,b5824845-954a-56c9-92b3-946cdcce91f7,,8469f799-0d87-44b4-84e9-b18f6a443ba3,savings_deposit,600,2026-03-15,Imported from megabit 2018 (Ethiopian) collection sheet
37638b92-e367-5aba-961f-aafa774e8995,a69c8787-2423-5b77-bc34-87f8260086ef,,8469f799-0d87-44b4-84e9-b18f6a443ba3,savings_deposit,599,2026-03-15,Imported from megabit 2018 (Ethiopian) collection sheet
857a8bb7-211a-52ad-ac7d-b9de325e8228,0799c4e9-58bc-5b55-b3bb-822f9120af53,,8469f799-0d87-44b4-84e9-b18f6a443ba3,savings_deposit,1000,2026-03-15,Imported from megabit 2018 (Ethiopian) collection sheet
dd3ea3aa-45aa-56d4-9501-873840d9271a,404705d2-d41d-5bd5-8836-1b5feb5214f8,,8469f799-0d87-44b4-84e9-b18f6a443ba3,savings_deposit,1000,2026-03-15,Imported from megabit 2018 (Ethiopian) collection sheet
584cf6bf-a0d1-587e-b7f3-283018d556b3,404705d2-d41d-5bd5-8836-1b5feb5214f8,,8469f799-0d87-44b4-84e9-b18f6a443ba3,share_purchase,2000,2026-03-15,Imported from megabit 2018 (Ethiopian) collection sheet
6e90182d-5577-5053-8525-7bcb45ad528c,6137a13d-bb02-50d8-a60c-81b54bebaab0,,8469f799-0d87-44b4-84e9-b18f6a443ba3,savings_deposit,2000,2026-03-15,Imported from megabit 2018 (Ethiopian) collection sheet
76f7bb69-7a8a-5220-89be-e497f44d4ef7,6137a13d-bb02-50d8-a60c-81b54bebaab0,,8469f799-0d87-44b4-84e9-b18f6a443ba3,share_purchase,2000,2026-03-15,Imported from megabit 2018 (Ethiopian) collection sheet
f073933a-97aa-5820-bf7c-65ddb502983b,e0a1cd41-f09b-584c-a323-5e24952b99ee,,8469f799-0d87-44b4-84e9-b18f6a443ba3,savings_deposit,2000,2026-03-15,Imported from megabit 2018 (Ethiopian) collection sheet
3938af77-98ec-564c-a73e-c86666404d3a,e0a1cd41-f09b-584c-a323-5e24952b99ee,,8469f799-0d87-44b4-84e9-b18f6a443ba3,share_purchase,2000,2026-03-15,Imported from megabit 2018 (Ethiopian) collection sheet
e40e00dd-dbc2-5060-a78f-6fbc368cf77a,b3d4ad0c-ee3c-53a5-a951-a9759c819236,,8469f799-0d87-44b4-84e9-b18f6a443ba3,savings_deposit,550,2026-03-15,Imported from megabit 2018 (Ethiopian) collection sheet
144bc0f7-f6ab-5774-96d5-933b68390d2a,b3d4ad0c-ee3c-53a5-a951-a9759c819236,,8469f799-0d87-44b4-84e9-b18f6a443ba3,share_purchase,1000,2026-03-15,Imported from megabit 2018 (Ethiopian) collection sheet
4c87e1f5-029f-5ba2-8e36-67520c3b9b56,8fc8de0b-78bc-545e-8408-2189a31760ec,,8469f799-0d87-44b4-84e9-b18f6a443ba3,savings_deposit,2000,2026-03-15,Imported from megabit 2018 (Ethiopian) collection sheet
7c4f6f50-9e0c-5e15-964f-12c611b5b868,8fc8de0b-78bc-545e-8408-2189a31760ec,,8469f799-0d87-44b4-84e9-b18f6a443ba3,share_purchase,2000,2026-03-15,Imported from megabit 2018 (Ethiopian) collection sheet
7f21ff68-3b15-5581-8491-9c74e68da173,59b2b2dc-7289-54a6-9435-57bf25be75c7,,8469f799-0d87-44b4-84e9-b18f6a443ba3,savings_deposit,2000,2026-03-15,Imported from megabit 2018 (Ethiopian) collection sheet
063898a5-e5c9-5b68-b3d8-42394d780180,95154953-c3dd-55eb-9284-60060b3e99a8,,8469f799-0d87-44b4-84e9-b18f6a443ba3,savings_deposit,750,2026-03-15,Imported from megabit 2018 (Ethiopian) collection sheet
a545cbf9-6242-5837-950f-7595466fd2a4,06fa8212-7f04-5497-a2b6-310f1c798b46,,8469f799-0d87-44b4-84e9-b18f6a443ba3,savings_deposit,1000,2026-03-15,Imported from megabit 2018 (Ethiopian) collection sheet
99a140da-40db-56bd-bf48-833ae79cbfa8,06fa8212-7f04-5497-a2b6-310f1c798b46,,8469f799-0d87-44b4-84e9-b18f6a443ba3,share_purchase,1000,2026-03-15,Imported from megabit 2018 (Ethiopian) collection sheet
66918ada-2bfd-5fda-a1ca-1842c06cd5f1,e2de7857-57f4-52de-9b30-0d0c74d7933f,,8469f799-0d87-44b4-84e9-b18f6a443ba3,savings_deposit,500,2026-03-15,Imported from megabit 2018 (Ethiopian) collection sheet
f3912439-5bdd-5cd3-b367-84c88c551e46,14097ace-d5d4-58a0-b4e8-d735db008348,,8469f799-0d87-44b4-84e9-b18f6a443ba3,savings_deposit,2000,2026-03-15,Imported from megabit 2018 (Ethiopian) collection sheet
33c38b53-29d6-5a84-b885-79cf8c2e12da,35075fef-07f6-5252-8183-cc3a2f16eb41,,8469f799-0d87-44b4-84e9-b18f6a443ba3,savings_deposit,1000,2026-03-15,Imported from megabit 2018 (Ethiopian) collection sheet
eccd1a42-e4c0-5060-b349-ce89d1a0f7f2,fc282955-0b0a-54ad-8057-22d4d660b8f3,,8469f799-0d87-44b4-84e9-b18f6a443ba3,savings_deposit,1000,2026-03-15,Imported from megabit 2018 (Ethiopian) collection sheet
dd22cc7b-4d0b-55c0-9164-76de8136000d,7ff58eac-03b8-5c06-83a7-d23117961668,,8469f799-0d87-44b4-84e9-b18f6a443ba3,savings_deposit,2000,2026-03-15,Imported from megabit 2018 (Ethiopian) collection sheet
8ac3a9eb-ba7b-5db2-a2ca-c9d270ae8ff4,7ff58eac-03b8-5c06-83a7-d23117961668,,8469f799-0d87-44b4-84e9-b18f6a443ba3,share_purchase,3700,2026-03-15,Imported from megabit 2018 (Ethiopian) collection sheet
fa4b8e95-51bd-5cf1-a38f-a55a36e307e7,9fcf7196-5811-531b-9d09-c74999451007,,8469f799-0d87-44b4-84e9-b18f6a443ba3,savings_deposit,900,2026-03-15,Imported from megabit 2018 (Ethiopian) collection sheet
ff2702d1-2fa1-5942-9013-924ef2387b34,9fcf7196-5811-531b-9d09-c74999451007,,8469f799-0d87-44b4-84e9-b18f6a443ba3,penalty_payment,100,2026-03-15,Imported from megabit 2018 (Ethiopian) collection sheet
76c29d89-6de9-5bbd-84e1-a2f032f53971,b2efb9cd-1182-562a-9d94-094f7d382bee,,8469f799-0d87-44b4-84e9-b18f6a443ba3,savings_deposit,300,2026-03-15,Imported from megabit 2018 (Ethiopian) collection sheet
4541318b-49c8-5b27-8720-87c087f6265f,3912ff00-0f6f-5b2c-9347-85cf4836d771,,8469f799-0d87-44b4-84e9-b18f6a443ba3,savings_deposit,300,2026-03-15,Imported from megabit 2018 (Ethiopian) collection sheet
39ede21a-e807-5dd1-9415-1e8c469e1e2e,50b83ed9-e5bb-5b8d-8732-2ec2c6a7205b,,8469f799-0d87-44b4-84e9-b18f6a443ba3,savings_deposit,1000,2026-03-15,Imported from megabit 2018 (Ethiopian) collection sheet
4ce4e655-ff89-5308-b516-5db94d5514af,50b83ed9-e5bb-5b8d-8732-2ec2c6a7205b,,8469f799-0d87-44b4-84e9-b18f6a443ba3,share_purchase,1000,2026-03-15,Imported from megabit 2018 (Ethiopian) collection sheet
dc99f86d-382e-568c-b0ef-0e4b58d71e87,18556b09-0ab4-5885-9547-840bf5c1f616,,8469f799-0d87-44b4-84e9-b18f6a443ba3,savings_deposit,999,2026-03-15,Imported from megabit 2018 (Ethiopian) collection sheet
0cb8af4a-d9e7-505d-ba1b-603b6022f359,18556b09-0ab4-5885-9547-840bf5c1f616,,8469f799-0d87-44b4-84e9-b18f6a443ba3,share_purchase,2000,2026-03-15,Imported from megabit 2018 (Ethiopian) collection sheet
fb022415-650c-574e-b721-c5c027d152e2,f36e90f7-c963-52f0-bbf6-27b03512f8aa,,8469f799-0d87-44b4-84e9-b18f6a443ba3,savings_deposit,300,2026-03-15,Imported from megabit 2018 (Ethiopian) collection sheet
dab6138c-d6ab-521e-a254-5982fb513948,d4f2023e-279b-5701-8eef-b0a0e9d3688a,,8469f799-0d87-44b4-84e9-b18f6a443ba3,savings_deposit,1300,2026-03-15,Imported from megabit 2018 (Ethiopian) collection sheet
cec99d63-29e0-577b-93af-0fa28ccc9841,a98c7ead-82e7-5f45-864a-3bf83a0a2643,,8469f799-0d87-44b4-84e9-b18f6a443ba3,savings_deposit,500,2026-03-15,Imported from megabit 2018 (Ethiopian) collection sheet
45fe505d-928e-5894-a227-04870d187905,a05a8645-6102-52e9-8c87-199ab572e309,,8469f799-0d87-44b4-84e9-b18f6a443ba3,savings_deposit,1000,2026-03-15,Imported from megabit 2018 (Ethiopian) collection sheet
5769e602-ed78-5725-8168-8b0dd026d5ee,37582b03-8054-551a-8d62-3b0ad867c7ac,,8469f799-0d87-44b4-84e9-b18f6a443ba3,savings_deposit,1000,2026-03-15,Imported from megabit 2018 (Ethiopian) collection sheet
7895ccdf-c33e-5e06-a2e7-5116cabea347,284e696c-3949-5c06-ba88-16fccaa4ade9,,8469f799-0d87-44b4-84e9-b18f6a443ba3,savings_deposit,950,2026-03-15,Imported from megabit 2018 (Ethiopian) collection sheet
9807eadc-57f4-5cbb-ae8d-44c815c8a048,284e696c-3949-5c06-ba88-16fccaa4ade9,,8469f799-0d87-44b4-84e9-b18f6a443ba3,share_purchase,1000,2026-03-15,Imported from megabit 2018 (Ethiopian) collection sheet
c48e7011-c201-5fce-9a67-616d490f1ebc,284e696c-3949-5c06-ba88-16fccaa4ade9,,8469f799-0d87-44b4-84e9-b18f6a443ba3,penalty_payment,50,2026-03-15,Imported from megabit 2018 (Ethiopian) collection sheet
8ce17e24-7e07-5148-a450-8f0a06595dfe,f5ed49cd-2af4-523f-9a48-b4c14551e8eb,,8469f799-0d87-44b4-84e9-b18f6a443ba3,savings_deposit,500,2026-03-15,Imported from megabit 2018 (Ethiopian) collection sheet
96c54fa5-8b2f-5f8a-9b3d-260f998fe872,efb40953-7213-50c9-9529-b8fc3cdb7d92,,8469f799-0d87-44b4-84e9-b18f6a443ba3,savings_deposit,300,2026-03-15,Imported from megabit 2018 (Ethiopian) collection sheet
a4ba70c0-d646-561b-9f41-0692adf7edf4,efb40953-7213-50c9-9529-b8fc3cdb7d92,,8469f799-0d87-44b4-84e9-b18f6a443ba3,share_purchase,3000,2026-03-15,Imported from megabit 2018 (Ethiopian) collection sheet
192c970f-8659-5ef3-9106-c3b279cf2627,ae168754-dc53-53bb-8759-fdf401fd7c06,,8469f799-0d87-44b4-84e9-b18f6a443ba3,savings_deposit,1000,2026-03-15,Imported from megabit 2018 (Ethiopian) collection sheet
b70564db-368f-5ae8-83a8-0f34791511cc,bef556d7-3b69-5f7b-9805-f9f2d36e7ad4,,8469f799-0d87-44b4-84e9-b18f6a443ba3,savings_deposit,1000,2026-03-15,Imported from megabit 2018 (Ethiopian) collection sheet
98717a6a-b962-51b9-abde-5fe86291e28f,bef556d7-3b69-5f7b-9805-f9f2d36e7ad4,,8469f799-0d87-44b4-84e9-b18f6a443ba3,share_purchase,2000,2026-03-15,Imported from megabit 2018 (Ethiopian) collection sheet
57093588-f2aa-5fd9-a534-a61aa95143f6,570068f9-c44a-5f37-b264-42d09d4fc9d0,,8469f799-0d87-44b4-84e9-b18f6a443ba3,savings_deposit,2000,2026-03-15,Imported from megabit 2018 (Ethiopian) collection sheet
82adcd60-28d0-5b5e-bf47-0cb52bed8697,96d80a6e-8b0c-5f54-a94f-6a423e77e285,,8469f799-0d87-44b4-84e9-b18f6a443ba3,savings_deposit,2000,2026-03-15,Imported from megabit 2018 (Ethiopian) collection sheet
70444b8a-0406-5de2-91df-e5cb6102fae9,607b812d-459f-5cab-9340-d4ac3326e983,,8469f799-0d87-44b4-84e9-b18f6a443ba3,savings_deposit,1500,2026-03-15,Imported from megabit 2018 (Ethiopian) collection sheet
505da468-58f9-5f17-947c-1f4c58862a8f,5906d4be-3a6d-51fc-8fe6-4e5654c5c962,,8469f799-0d87-44b4-84e9-b18f6a443ba3,savings_deposit,1000,2026-03-15,Imported from megabit 2018 (Ethiopian) collection sheet
a077fd84-4300-50fe-990e-bfa19eecf871,84fe73ed-e690-590d-8b51-d82f682ef24d,,8469f799-0d87-44b4-84e9-b18f6a443ba3,savings_deposit,500,2026-03-15,Imported from megabit 2018 (Ethiopian) collection sheet
cc37ce56-32e1-5a57-895d-735abe67cbfc,c411ed30-b985-51c0-819a-9c20ee637977,,8469f799-0d87-44b4-84e9-b18f6a443ba3,savings_deposit,1000,2026-03-15,Imported from megabit 2018 (Ethiopian) collection sheet
d2466a44-1e42-5af2-9040-2a9d3c2f11d8,c411ed30-b985-51c0-819a-9c20ee637977,,8469f799-0d87-44b4-84e9-b18f6a443ba3,share_purchase,1000,2026-03-15,Imported from megabit 2018 (Ethiopian) collection sheet
69907e06-eda3-57d3-a64b-9a2d59f589a6,fbf6ab5b-094d-5b83-aed6-66f7c8169e36,,8469f799-0d87-44b4-84e9-b18f6a443ba3,savings_deposit,1000,2026-03-15,Imported from megabit 2018 (Ethiopian) collection sheet
76ba4efb-a10b-55b7-a842-36c7d1a3a11f,fbf6ab5b-094d-5b83-aed6-66f7c8169e36,,8469f799-0d87-44b4-84e9-b18f6a443ba3,share_purchase,2000,2026-03-15,Imported from megabit 2018 (Ethiopian) collection sheet
25ad7acf-3b76-5d92-a7c8-629d39c3ea1c,e4ccf2e5-774e-5b15-99a6-973a2b66f4ce,,8469f799-0d87-44b4-84e9-b18f6a443ba3,savings_deposit,1000,2026-03-15,Imported from megabit 2018 (Ethiopian) collection sheet
782d0c29-7bf5-5aee-9296-7c0ae6cfd8af,e4ccf2e5-774e-5b15-99a6-973a2b66f4ce,,8469f799-0d87-44b4-84e9-b18f6a443ba3,share_purchase,1000,2026-03-15,Imported from megabit 2018 (Ethiopian) collection sheet
97c79d26-8713-5551-89a8-27da4f9ca310,bdd7c207-732a-5bb1-b133-60543d8c7d92,,8469f799-0d87-44b4-84e9-b18f6a443ba3,savings_deposit,1000,2026-03-15,Imported from megabit 2018 (Ethiopian) collection sheet
5769826a-eeed-548c-b769-332c89ffe709,bdd7c207-732a-5bb1-b133-60543d8c7d92,,8469f799-0d87-44b4-84e9-b18f6a443ba3,share_purchase,2000,2026-03-15,Imported from megabit 2018 (Ethiopian) collection sheet
d3691cd3-073f-5853-bcfb-27e63fb3ff8b,24c594aa-4181-5c0b-a5b7-45ff7c3fa3b0,,8469f799-0d87-44b4-84e9-b18f6a443ba3,savings_deposit,500,2026-03-15,Imported from megabit 2018 (Ethiopian) collection sheet
810d9443-1bbc-57a5-9d7c-b1eb7eadfe0c,a67cebb5-b09e-5a16-8c5b-c6973fdcbd77,,8469f799-0d87-44b4-84e9-b18f6a443ba3,savings_deposit,1000,2026-03-15,Imported from megabit 2018 (Ethiopian) collection sheet
88109817-9626-52c2-94c6-5825a10a3347,a67cebb5-b09e-5a16-8c5b-c6973fdcbd77,,8469f799-0d87-44b4-84e9-b18f6a443ba3,share_purchase,1000,2026-03-15,Imported from megabit 2018 (Ethiopian) collection sheet
97f2bedf-91ad-5d2f-8115-53c796daa7fc,fa0549d4-1b83-5d11-8b62-a4ca6a085063,,8469f799-0d87-44b4-84e9-b18f6a443ba3,savings_deposit,1000,2026-03-15,Imported from megabit 2018 (Ethiopian) collection sheet
c989bac1-1f24-5b9d-8c18-c3ae44909432,fa0549d4-1b83-5d11-8b62-a4ca6a085063,,8469f799-0d87-44b4-84e9-b18f6a443ba3,share_purchase,1000,2026-03-15,Imported from megabit 2018 (Ethiopian) collection sheet
a0fb4663-ac64-518b-b5e1-d855e85aae03,fa0798ba-fbda-57b6-910d-6ce545d807cb,,8469f799-0d87-44b4-84e9-b18f6a443ba3,savings_deposit,1000,2026-03-15,Imported from megabit 2018 (Ethiopian) collection sheet
635b1333-6292-55d8-8716-4c8ffeac5858,fa0798ba-fbda-57b6-910d-6ce545d807cb,,8469f799-0d87-44b4-84e9-b18f6a443ba3,share_purchase,1000,2026-03-15,Imported from megabit 2018 (Ethiopian) collection sheet
3502bbe0-3a7c-56e4-b44d-171e8f9cf040,44494d4f-dbca-596d-ba04-7f0bf8264cef,,8469f799-0d87-44b4-84e9-b18f6a443ba3,savings_deposit,1000,2026-03-15,Imported from megabit 2018 (Ethiopian) collection sheet
1f3f484c-43d7-5b84-af3a-679bb2d4980b,44494d4f-dbca-596d-ba04-7f0bf8264cef,,8469f799-0d87-44b4-84e9-b18f6a443ba3,share_purchase,2000,2026-03-15,Imported from megabit 2018 (Ethiopian) collection sheet
eeadad9d-d331-5e61-ad74-e6514bd29a7f,affc511e-8b76-57f4-9a6f-c2717513f00e,,8469f799-0d87-44b4-84e9-b18f6a443ba3,savings_deposit,500,2026-03-15,Imported from megabit 2018 (Ethiopian) collection sheet
8b07a1d5-745e-5c45-99ab-bf8dffd9daf0,bec2830f-deee-5041-8c34-59d519198cc5,,8469f799-0d87-44b4-84e9-b18f6a443ba3,savings_deposit,1000,2026-03-15,Imported from megabit 2018 (Ethiopian) collection sheet
cd0f4a7a-b6dc-5cea-b48d-74bf2df3e9fd,bec2830f-deee-5041-8c34-59d519198cc5,,8469f799-0d87-44b4-84e9-b18f6a443ba3,penalty_payment,50,2026-03-15,Imported from megabit 2018 (Ethiopian) collection sheet
c00a860d-2af3-58e1-9af2-92ea336a7bad,724b2186-00c5-596f-8fcf-f163b5e7b692,,8469f799-0d87-44b4-84e9-b18f6a443ba3,savings_deposit,500,2026-03-15,Imported from megabit 2018 (Ethiopian) collection sheet
981756a6-b22d-5eda-a755-5ad6756b6308,cb63cdfa-da1f-5520-ab57-db6d7c17cb52,,8469f799-0d87-44b4-84e9-b18f6a443ba3,savings_deposit,500,2026-03-15,Imported from megabit 2018 (Ethiopian) collection sheet
88babdcf-8e5a-5bdb-85a9-689ffc996da5,93877516-e6ab-5857-8ecf-88ad98cb9ebd,,8469f799-0d87-44b4-84e9-b18f6a443ba3,savings_deposit,1000,2026-03-15,Imported from megabit 2018 (Ethiopian) collection sheet
997af481-6e18-57f1-af53-8c325e55e13a,2d2ae0dc-2a31-5b87-a4f2-b58ccb827786,,8469f799-0d87-44b4-84e9-b18f6a443ba3,savings_deposit,1000,2026-03-15,Imported from megabit 2018 (Ethiopian) collection sheet
2fd92f17-2d70-5350-b2c1-39e55a172f83,2d2ae0dc-2a31-5b87-a4f2-b58ccb827786,,8469f799-0d87-44b4-84e9-b18f6a443ba3,share_purchase,1000,2026-03-15,Imported from megabit 2018 (Ethiopian) collection sheet
2ac3f95f-e030-55a7-aad7-228aeb096d2d,3df735ff-5508-55ef-b7cc-a84d6fc248fd,,8469f799-0d87-44b4-84e9-b18f6a443ba3,savings_deposit,500,2026-03-15,Imported from megabit 2018 (Ethiopian) collection sheet
ba86b08b-99da-53f5-b12b-97853b435a6e,3df735ff-5508-55ef-b7cc-a84d6fc248fd,,8469f799-0d87-44b4-84e9-b18f6a443ba3,share_purchase,2500,2026-03-15,Imported from megabit 2018 (Ethiopian) collection sheet
665d953e-1b95-5675-9853-6d51700ae326,738df8f8-ea60-5f98-bcf8-7afbe58e00d8,,8469f799-0d87-44b4-84e9-b18f6a443ba3,savings_deposit,450,2026-03-15,Imported from megabit 2018 (Ethiopian) collection sheet
22a9b51e-9118-572a-b174-57724831e9bc,738df8f8-ea60-5f98-bcf8-7afbe58e00d8,,8469f799-0d87-44b4-84e9-b18f6a443ba3,share_purchase,2000,2026-03-15,Imported from megabit 2018 (Ethiopian) collection sheet
c746f864-97aa-54e8-94ff-b4712e2c87e3,738df8f8-ea60-5f98-bcf8-7afbe58e00d8,,8469f799-0d87-44b4-84e9-b18f6a443ba3,registration_fee,400,2026-03-15,Imported from megabit 2018 (Ethiopian) collection sheet
e53d7f93-e5e9-5749-8b1f-555e9d121b45,738df8f8-ea60-5f98-bcf8-7afbe58e00d8,,8469f799-0d87-44b4-84e9-b18f6a443ba3,card_fee,150,2026-03-15,Imported from megabit 2018 (Ethiopian) collection sheet
c7484a4c-5131-53fc-8b02-ddcfeecc108a,abb99ed7-0b31-59eb-85f1-e1e2d9f77a9f,,8469f799-0d87-44b4-84e9-b18f6a443ba3,savings_deposit,300,2026-03-15,Imported from megabit 2018 (Ethiopian) collection sheet
71671405-e3ec-5bd2-90c0-230470c627ed,abb99ed7-0b31-59eb-85f1-e1e2d9f77a9f,,8469f799-0d87-44b4-84e9-b18f6a443ba3,share_purchase,2000,2026-03-15,Imported from megabit 2018 (Ethiopian) collection sheet
35de2d42-6a55-597d-ab1d-ee548e1e484b,abb99ed7-0b31-59eb-85f1-e1e2d9f77a9f,,8469f799-0d87-44b4-84e9-b18f6a443ba3,registration_fee,400,2026-03-15,Imported from megabit 2018 (Ethiopian) collection sheet
b0e5f3be-ccae-5bbf-ae72-fc4765d4a31e,abb99ed7-0b31-59eb-85f1-e1e2d9f77a9f,,8469f799-0d87-44b4-84e9-b18f6a443ba3,card_fee,150,2026-03-15,Imported from megabit 2018 (Ethiopian) collection sheet
8f9fa8bd-1576-5c0c-8de2-ac1e4d434ceb,7ce9968c-0a19-5d74-9c35-820ff9e1e6e8,,8469f799-0d87-44b4-84e9-b18f6a443ba3,savings_deposit,500,2026-04-19,Imported from miazia 2018 (Ethiopian) collection sheet
eed6c821-b837-5f7c-a6d0-2f7121900e93,e4827c78-8368-58d0-bf8c-92365bc84c75,,8469f799-0d87-44b4-84e9-b18f6a443ba3,savings_deposit,1000,2026-04-19,Imported from miazia 2018 (Ethiopian) collection sheet
b4e7d0cb-3318-5f21-8a19-ac264e4e5baa,76dd954f-2718-5744-aa59-ccb1748016b4,,8469f799-0d87-44b4-84e9-b18f6a443ba3,savings_deposit,500,2026-04-19,Imported from miazia 2018 (Ethiopian) collection sheet
df6ba90d-0025-58be-b2d4-353f69b99b9b,b4d56e1e-236f-5e82-8da0-abe9e0b93b56,,8469f799-0d87-44b4-84e9-b18f6a443ba3,savings_deposit,500,2026-04-19,Imported from miazia 2018 (Ethiopian) collection sheet
440ff4c7-64fe-502b-ab0a-cee1f80ab770,b4d56e1e-236f-5e82-8da0-abe9e0b93b56,,8469f799-0d87-44b4-84e9-b18f6a443ba3,penalty_payment,37,2026-04-19,Imported from miazia 2018 (Ethiopian) collection sheet
a6f10e11-4694-5465-9f49-82a5ed3e1220,ec993c4b-d61a-5880-9ca2-8474b057f3f6,,8469f799-0d87-44b4-84e9-b18f6a443ba3,savings_deposit,500,2026-04-19,Imported from miazia 2018 (Ethiopian) collection sheet
82e19576-0f14-520c-9936-ee814ea21fd3,73beb1f6-b7bf-54aa-ab3e-eb494fdb1568,,8469f799-0d87-44b4-84e9-b18f6a443ba3,savings_deposit,2000,2026-04-19,Imported from miazia 2018 (Ethiopian) collection sheet
4385bca9-73a7-5cc9-b203-5f844c15c8d5,73beb1f6-b7bf-54aa-ab3e-eb494fdb1568,,8469f799-0d87-44b4-84e9-b18f6a443ba3,share_purchase,11232,2026-04-19,Imported from miazia 2018 (Ethiopian) collection sheet
7432b418-3f4e-5428-8b5e-29d4962e8812,bbe40192-271f-518c-bea6-c1478fc552c2,,8469f799-0d87-44b4-84e9-b18f6a443ba3,savings_deposit,500,2026-04-19,Imported from miazia 2018 (Ethiopian) collection sheet
1f306b63-2ddb-5065-9c1e-c152e4f90424,bac4fd55-4666-50ee-adee-4d2170814631,,8469f799-0d87-44b4-84e9-b18f6a443ba3,savings_deposit,2000,2026-04-19,Imported from miazia 2018 (Ethiopian) collection sheet
64821f11-8bb9-5c23-8ae0-cff371159b40,3cb63966-4581-5528-b803-034ed796a796,,8469f799-0d87-44b4-84e9-b18f6a443ba3,savings_deposit,500,2026-04-19,Imported from miazia 2018 (Ethiopian) collection sheet
486a3780-3334-5c14-9928-30f150bf5042,a69a3a62-171b-5523-8fbe-54e569dd29d4,,8469f799-0d87-44b4-84e9-b18f6a443ba3,savings_deposit,500,2026-04-19,Imported from miazia 2018 (Ethiopian) collection sheet
8878a4d4-78d3-578f-9212-682819e7424d,a7f75ced-fef8-5b0f-a28e-cd7f09043280,,8469f799-0d87-44b4-84e9-b18f6a443ba3,savings_deposit,299,2026-04-19,Imported from miazia 2018 (Ethiopian) collection sheet
927e3835-405d-52b2-803b-baa918ae746c,b89552e4-4718-56a1-a4f8-7c84e72e0506,,8469f799-0d87-44b4-84e9-b18f6a443ba3,savings_deposit,600,2026-04-19,Imported from miazia 2018 (Ethiopian) collection sheet
ccfa5ecc-3c26-5966-852d-25c9061461d7,6d8f0a03-bc10-579e-a58f-2ffa42fcab6f,,8469f799-0d87-44b4-84e9-b18f6a443ba3,savings_deposit,400,2026-04-19,Imported from miazia 2018 (Ethiopian) collection sheet
f9d56cf4-b7da-51dd-be12-6a6b8299d6bd,0c26b4c4-ac4c-5349-b995-958b76f2805e,,8469f799-0d87-44b4-84e9-b18f6a443ba3,savings_deposit,500,2026-04-19,Imported from miazia 2018 (Ethiopian) collection sheet
c236d164-110a-5a37-8fdc-6d4326ac9dd4,501a3774-7945-502f-8519-cff3445f53cf,,8469f799-0d87-44b4-84e9-b18f6a443ba3,savings_deposit,700,2026-04-19,Imported from miazia 2018 (Ethiopian) collection sheet
01eef7ca-90bc-5e71-bdf6-800278afbdc2,247c6df0-a05e-541c-a00a-fb077be873f7,,8469f799-0d87-44b4-84e9-b18f6a443ba3,savings_deposit,339,2026-04-19,Imported from miazia 2018 (Ethiopian) collection sheet
634a48ab-58b5-5254-9dfe-34d666f2e1f6,247c6df0-a05e-541c-a00a-fb077be873f7,,8469f799-0d87-44b4-84e9-b18f6a443ba3,share_purchase,10000,2026-04-19,Imported from miazia 2018 (Ethiopian) collection sheet
311d2708-695f-559a-b234-69d323c6a77e,d56fc296-2f16-5e5a-9004-d4ad49c5658f,,8469f799-0d87-44b4-84e9-b18f6a443ba3,savings_deposit,1000,2026-04-19,Imported from miazia 2018 (Ethiopian) collection sheet
c3b6f6e4-92d9-5076-8e96-d8bedd3ef2e8,5d001133-4abc-5416-8360-8277eeaead7d,,8469f799-0d87-44b4-84e9-b18f6a443ba3,savings_deposit,500,2026-04-19,Imported from miazia 2018 (Ethiopian) collection sheet
39c2947b-5647-5629-98a3-760f8e28529e,abe8c6ff-419f-5b7b-9b1e-b2622924be09,,8469f799-0d87-44b4-84e9-b18f6a443ba3,savings_deposit,999,2026-04-19,Imported from miazia 2018 (Ethiopian) collection sheet
9c42dee0-248b-549b-8492-490ec39b7911,e99acf91-e7a6-5999-8aed-0b4c34b2ee85,,8469f799-0d87-44b4-84e9-b18f6a443ba3,savings_deposit,400,2026-04-19,Imported from miazia 2018 (Ethiopian) collection sheet
5ce7de87-d86e-5344-acd9-e19a5a051e54,e75e482c-243f-5e13-aaac-15f1302dd157,,8469f799-0d87-44b4-84e9-b18f6a443ba3,savings_deposit,2000,2026-04-19,Imported from miazia 2018 (Ethiopian) collection sheet
9cbea402-238e-596c-bde1-e83acaf8afab,7b26a460-4f89-52ff-8930-60889b3fd875,,8469f799-0d87-44b4-84e9-b18f6a443ba3,savings_deposit,2000,2026-04-19,Imported from miazia 2018 (Ethiopian) collection sheet
4718e52d-23eb-5693-bba6-e041428a43a8,3c5a6fea-e69b-5312-9684-694c1ee6ebdf,,8469f799-0d87-44b4-84e9-b18f6a443ba3,savings_deposit,692,2026-04-19,Imported from miazia 2018 (Ethiopian) collection sheet
86406928-1cb4-537d-89de-e8de0152e9d8,b828959c-5bea-560a-929d-1a5594da53d8,,8469f799-0d87-44b4-84e9-b18f6a443ba3,savings_deposit,300,2026-04-19,Imported from miazia 2018 (Ethiopian) collection sheet
9d93195a-6cf7-533b-aeda-11dee3ea4957,9a84e629-b9ce-5ae9-8a74-bb63c9db97b5,,8469f799-0d87-44b4-84e9-b18f6a443ba3,savings_deposit,550,2026-04-19,Imported from miazia 2018 (Ethiopian) collection sheet
2d0faa62-33c4-50ec-a1d0-8ef5f71dd18f,9a84e629-b9ce-5ae9-8a74-bb63c9db97b5,,8469f799-0d87-44b4-84e9-b18f6a443ba3,penalty_payment,50,2026-04-19,Imported from miazia 2018 (Ethiopian) collection sheet
0f269adf-bb71-50a3-83e1-57eaf97fe91d,a102851d-91d9-5d77-ab52-d018bd9be779,,8469f799-0d87-44b4-84e9-b18f6a443ba3,savings_deposit,1000,2026-04-19,Imported from miazia 2018 (Ethiopian) collection sheet
15a05f18-1703-51a5-b5a4-a6978bad90ff,a102851d-91d9-5d77-ab52-d018bd9be779,,8469f799-0d87-44b4-84e9-b18f6a443ba3,share_purchase,10000,2026-04-19,Imported from miazia 2018 (Ethiopian) collection sheet
aaa0b08e-dccc-5726-bbc6-cc8c190fc760,4b9a8348-f9f3-52df-8d17-50b8abdeaea6,,8469f799-0d87-44b4-84e9-b18f6a443ba3,savings_deposit,1000,2026-04-19,Imported from miazia 2018 (Ethiopian) collection sheet
1e68754e-d7c6-5332-a138-930f4065e6d2,edf171cb-7bb8-5f91-a0e7-0f5f8fecbead,,8469f799-0d87-44b4-84e9-b18f6a443ba3,savings_deposit,500,2026-04-19,Imported from miazia 2018 (Ethiopian) collection sheet
1da5c6d4-f732-5cbe-877d-b236b0fcf759,6e18d32a-3bc0-52b7-8bfe-a677c478fa77,,8469f799-0d87-44b4-84e9-b18f6a443ba3,savings_deposit,1000,2026-04-19,Imported from miazia 2018 (Ethiopian) collection sheet
e09c3285-f453-50bd-ab19-2a41fdd3f74f,438c5624-fdbc-5263-965a-9e9da4524827,,8469f799-0d87-44b4-84e9-b18f6a443ba3,savings_deposit,300,2026-04-19,Imported from miazia 2018 (Ethiopian) collection sheet
219e9467-7f4b-5197-890f-12d4ffe0bd16,3f7f10e4-ecdb-55ad-891c-4a5c430edc1f,,8469f799-0d87-44b4-84e9-b18f6a443ba3,savings_deposit,999,2026-04-19,Imported from miazia 2018 (Ethiopian) collection sheet
b5ae0db6-8efb-5976-97f5-5a813a85a0b3,f33516c1-ea10-5e53-b29f-9f0005ba22ee,,8469f799-0d87-44b4-84e9-b18f6a443ba3,savings_deposit,300,2026-04-19,Imported from miazia 2018 (Ethiopian) collection sheet
54433bb2-f975-5312-9bfa-3df5fd2bd4e2,8e67885d-ff02-5d58-a570-e235a003f3ee,,8469f799-0d87-44b4-84e9-b18f6a443ba3,savings_deposit,2000,2026-04-19,Imported from miazia 2018 (Ethiopian) collection sheet
bf9f310f-25f1-5842-8235-34b63d911d6f,8e67885d-ff02-5d58-a570-e235a003f3ee,,8469f799-0d87-44b4-84e9-b18f6a443ba3,share_purchase,500,2026-04-19,Imported from miazia 2018 (Ethiopian) collection sheet
3bd1e15a-291b-5f41-ba22-2af69cb5de40,d95d868a-9299-557a-8903-e93a509d3b45,,8469f799-0d87-44b4-84e9-b18f6a443ba3,savings_deposit,500,2026-04-19,Imported from miazia 2018 (Ethiopian) collection sheet
e5b57ee3-0f79-532b-9f9f-917b97994f9c,1d3e31ef-6836-593b-86c9-a7ed487b2815,,8469f799-0d87-44b4-84e9-b18f6a443ba3,savings_deposit,1400,2026-04-19,Imported from miazia 2018 (Ethiopian) collection sheet
75c8040f-9522-5416-83c0-fd4ec9ccffed,2903a34a-7dd7-5a18-bdc2-00f49fb2ea18,,8469f799-0d87-44b4-84e9-b18f6a443ba3,savings_deposit,500,2026-04-19,Imported from miazia 2018 (Ethiopian) collection sheet
c87267b2-6270-518d-b995-aacfd7146d8b,2903a34a-7dd7-5a18-bdc2-00f49fb2ea18,,8469f799-0d87-44b4-84e9-b18f6a443ba3,share_purchase,1000,2026-04-19,Imported from miazia 2018 (Ethiopian) collection sheet
d19aea69-05e7-52e5-a53a-941325417380,57f27bbf-52f5-59d6-a6cd-46b8e16cf6cc,,8469f799-0d87-44b4-84e9-b18f6a443ba3,savings_deposit,999,2026-04-19,Imported from miazia 2018 (Ethiopian) collection sheet
c31097ec-2f45-5fa5-b0fa-e5b92b6113b7,f104d8fc-08c1-5425-af09-a40135783bf7,,8469f799-0d87-44b4-84e9-b18f6a443ba3,savings_deposit,2000,2026-04-19,Imported from miazia 2018 (Ethiopian) collection sheet
b4466a9f-4f63-5904-908a-26a7105003a5,f314716f-ef2a-5bee-8da5-c08e35551753,,8469f799-0d87-44b4-84e9-b18f6a443ba3,savings_deposit,309,2026-04-19,Imported from miazia 2018 (Ethiopian) collection sheet
09c32361-68cf-5c07-9171-02f303fab487,48f8809b-e76b-5fe0-8476-816fd1bf7a3d,,8469f799-0d87-44b4-84e9-b18f6a443ba3,savings_deposit,800,2026-04-19,Imported from miazia 2018 (Ethiopian) collection sheet
b9b6aa52-b0e5-556c-a50b-91721e67ac52,153d50f3-26e2-5d61-bf34-38615c211570,,8469f799-0d87-44b4-84e9-b18f6a443ba3,savings_deposit,996,2026-04-19,Imported from miazia 2018 (Ethiopian) collection sheet
51eb31e9-324c-504e-b989-d551b0d2a946,e5b336ba-b0f3-55b3-8c80-2558ac0e5303,,8469f799-0d87-44b4-84e9-b18f6a443ba3,savings_deposit,2000,2026-04-19,Imported from miazia 2018 (Ethiopian) collection sheet
fe411d65-a696-5d1d-9f62-4468f43004a1,74de8801-16da-5088-ac85-37183499a068,,8469f799-0d87-44b4-84e9-b18f6a443ba3,savings_deposit,424,2026-04-19,Imported from miazia 2018 (Ethiopian) collection sheet
5f467dc0-0912-58bf-ba87-d7e09c2933f9,931b0746-94f4-5576-8f61-cae6f5f4e9fb,,8469f799-0d87-44b4-84e9-b18f6a443ba3,savings_deposit,500,2026-04-19,Imported from miazia 2018 (Ethiopian) collection sheet
be78aa06-2a39-5b4a-aec5-c8b637180283,a3d64128-76ea-59ec-b4bc-75f491ee497a,,8469f799-0d87-44b4-84e9-b18f6a443ba3,savings_deposit,300,2026-04-19,Imported from miazia 2018 (Ethiopian) collection sheet
17941cad-3db7-5073-8477-52e46e06a2f7,53ff7ea7-b493-5696-ac33-638e20ed23d6,,8469f799-0d87-44b4-84e9-b18f6a443ba3,savings_deposit,300,2026-04-19,Imported from miazia 2018 (Ethiopian) collection sheet
88e1f5e0-3cb0-5b2d-a332-1f71bc9c6bde,ddb4d203-8783-5e23-9a3d-e72378bfa8c5,,8469f799-0d87-44b4-84e9-b18f6a443ba3,savings_deposit,1322,2026-04-19,Imported from miazia 2018 (Ethiopian) collection sheet
003e22ec-f1f2-54c9-b95e-fa93f6d21640,ddb4d203-8783-5e23-9a3d-e72378bfa8c5,,8469f799-0d87-44b4-84e9-b18f6a443ba3,penalty_payment,176,2026-04-19,Imported from miazia 2018 (Ethiopian) collection sheet
c27daa78-098a-542f-9b81-8bfc07a19f79,40f55d53-b6d1-5f39-87c3-7a1f51dba41f,,8469f799-0d87-44b4-84e9-b18f6a443ba3,savings_deposit,1000,2026-04-19,Imported from miazia 2018 (Ethiopian) collection sheet
8930f139-6e39-58c3-abf2-b37b535648d0,190f76d1-882b-54af-a156-bf8336cf47bc,,8469f799-0d87-44b4-84e9-b18f6a443ba3,savings_deposit,500,2026-04-19,Imported from miazia 2018 (Ethiopian) collection sheet
8b5a0604-130f-553f-9ad4-0d7515248065,2a9148cc-142c-550b-b7ba-dc80a11f4914,,8469f799-0d87-44b4-84e9-b18f6a443ba3,savings_deposit,500,2026-04-19,Imported from miazia 2018 (Ethiopian) collection sheet
87a53115-52f1-5be2-946b-70fb2823e46e,2a9148cc-142c-550b-b7ba-dc80a11f4914,,8469f799-0d87-44b4-84e9-b18f6a443ba3,share_purchase,500,2026-04-19,Imported from miazia 2018 (Ethiopian) collection sheet
5fdbf38e-a24a-5d21-adab-0bc7d03288ab,063b4232-a6e8-5c72-8949-eac343337d09,,8469f799-0d87-44b4-84e9-b18f6a443ba3,savings_deposit,2000,2026-04-19,Imported from miazia 2018 (Ethiopian) collection sheet
24f43d7c-1f3a-5ec8-bf7d-af438f3da683,063b4232-a6e8-5c72-8949-eac343337d09,,8469f799-0d87-44b4-84e9-b18f6a443ba3,share_purchase,8182,2026-04-19,Imported from miazia 2018 (Ethiopian) collection sheet
4f6e56a7-fb63-5c1e-919c-58820b6aec8b,e2583ea5-bea6-58c0-88f9-1dd731746ec6,,8469f799-0d87-44b4-84e9-b18f6a443ba3,savings_deposit,1000,2026-04-19,Imported from miazia 2018 (Ethiopian) collection sheet
efd8184b-4cf0-5203-a02d-e54850145d49,e2583ea5-bea6-58c0-88f9-1dd731746ec6,,8469f799-0d87-44b4-84e9-b18f6a443ba3,share_purchase,2000,2026-04-19,Imported from miazia 2018 (Ethiopian) collection sheet
d10ba04e-e66f-551a-83a3-c893a18aff32,291b70c1-e4ab-514f-a557-232a75feb979,,8469f799-0d87-44b4-84e9-b18f6a443ba3,savings_deposit,1000,2026-04-19,Imported from miazia 2018 (Ethiopian) collection sheet
5d7141f3-67d5-5b69-ab6b-7b83ad50d14f,234ef2cd-10db-5e9f-b1a9-c0696ebce40d,,8469f799-0d87-44b4-84e9-b18f6a443ba3,savings_deposit,999,2026-04-19,Imported from miazia 2018 (Ethiopian) collection sheet
9f450598-9d5b-5ef4-bc89-94a3f31f4336,ed85c919-5c3b-5eb4-95c8-b11e7698c38d,,8469f799-0d87-44b4-84e9-b18f6a443ba3,savings_deposit,500,2026-04-19,Imported from miazia 2018 (Ethiopian) collection sheet
d8d01ea1-a156-5e8a-8a81-d5eaa1005d0f,8c7cc508-4acf-5805-95a1-d2256303fc96,,8469f799-0d87-44b4-84e9-b18f6a443ba3,savings_deposit,600,2026-04-19,Imported from miazia 2018 (Ethiopian) collection sheet
ea668b8a-948c-50c7-82e8-10fe5a4fbc08,8c7cc508-4acf-5805-95a1-d2256303fc96,,8469f799-0d87-44b4-84e9-b18f6a443ba3,penalty_payment,50,2026-04-19,Imported from miazia 2018 (Ethiopian) collection sheet
6ca9cd61-8866-5f3d-a274-4f12df00c6b8,c0ec6910-d9a3-55c0-a9e2-a88a91225030,,8469f799-0d87-44b4-84e9-b18f6a443ba3,savings_deposit,1085,2026-04-19,Imported from miazia 2018 (Ethiopian) collection sheet
503720e9-d5b8-503a-9a3d-0afffadea6bb,c0ec6910-d9a3-55c0-a9e2-a88a91225030,,8469f799-0d87-44b4-84e9-b18f6a443ba3,share_purchase,1502,2026-04-19,Imported from miazia 2018 (Ethiopian) collection sheet
f0cb3f5e-2191-5096-aa46-23e9c1dc9737,3061b4b5-43d6-5a2f-bc12-e65c7d0b2a07,,8469f799-0d87-44b4-84e9-b18f6a443ba3,savings_deposit,580,2026-04-19,Imported from miazia 2018 (Ethiopian) collection sheet
0816fdb0-912e-534b-94ea-6bee8dfd7a93,46482174-29d4-5343-8060-527c13d865f2,,8469f799-0d87-44b4-84e9-b18f6a443ba3,savings_deposit,2000,2026-04-19,Imported from miazia 2018 (Ethiopian) collection sheet
65ed485d-ee72-51cb-9276-d1ed17702b82,46482174-29d4-5343-8060-527c13d865f2,,8469f799-0d87-44b4-84e9-b18f6a443ba3,share_purchase,800,2026-04-19,Imported from miazia 2018 (Ethiopian) collection sheet
2e699919-66a7-5e80-b098-0b0da3290ddc,5ddc26e5-de48-59a0-83d7-94f66b9e4603,,8469f799-0d87-44b4-84e9-b18f6a443ba3,savings_deposit,2000,2026-04-19,Imported from miazia 2018 (Ethiopian) collection sheet
d83db77f-54f7-5c5d-998c-2c448d205e26,f34fe5ba-00a1-513e-ba67-47de67cfb5e0,,8469f799-0d87-44b4-84e9-b18f6a443ba3,savings_deposit,500,2026-04-19,Imported from miazia 2018 (Ethiopian) collection sheet
1e70ffb9-71c8-517e-96b6-62cca19394f8,e56738c4-4c2f-5a94-9f05-992ceed2b0d3,,8469f799-0d87-44b4-84e9-b18f6a443ba3,savings_deposit,500,2026-04-19,Imported from miazia 2018 (Ethiopian) collection sheet
01b41921-56c9-555c-993a-f5ba097176da,e56738c4-4c2f-5a94-9f05-992ceed2b0d3,,8469f799-0d87-44b4-84e9-b18f6a443ba3,share_purchase,500,2026-04-19,Imported from miazia 2018 (Ethiopian) collection sheet
ad720ac7-8372-54b9-b5cb-a14a704cc9b2,5cce1f82-3f5e-5e69-920e-b32eba9c0204,,8469f799-0d87-44b4-84e9-b18f6a443ba3,savings_deposit,500,2026-04-19,Imported from miazia 2018 (Ethiopian) collection sheet
b313eca3-d83d-5a86-90fd-67c7c94b5e0f,45af6e13-a8f4-56f2-8ef9-b73c7dd5cdd1,,8469f799-0d87-44b4-84e9-b18f6a443ba3,savings_deposit,299,2026-04-19,Imported from miazia 2018 (Ethiopian) collection sheet
6eb1cff2-94aa-5f02-81c3-49d50ed19a20,6c1cccc7-063d-5548-96bf-c8b76b4609bc,,8469f799-0d87-44b4-84e9-b18f6a443ba3,penalty_payment,31,2026-04-19,Imported from miazia 2018 (Ethiopian) collection sheet
eef013af-3bf0-5008-84fa-d5ccb80f364c,b26cc191-dfba-5022-9572-99257f2fd021,,8469f799-0d87-44b4-84e9-b18f6a443ba3,savings_deposit,300,2026-04-19,Imported from miazia 2018 (Ethiopian) collection sheet
6bcbbcc2-5ca8-51f3-86a0-99db140ec334,f1f985d6-f79a-5a7e-9417-a15eac7249c0,,8469f799-0d87-44b4-84e9-b18f6a443ba3,savings_deposit,300,2026-04-19,Imported from miazia 2018 (Ethiopian) collection sheet
4608cd73-21d2-5149-85b0-dbdba89d052f,fa2151db-7eef-5c30-9e07-8de3985ca350,,8469f799-0d87-44b4-84e9-b18f6a443ba3,savings_deposit,799,2026-04-19,Imported from miazia 2018 (Ethiopian) collection sheet
050b4c3e-e686-5b83-b4fe-aa53229c709f,57956ee2-c849-545e-b15b-4724a8b68210,,8469f799-0d87-44b4-84e9-b18f6a443ba3,savings_deposit,300,2026-04-19,Imported from miazia 2018 (Ethiopian) collection sheet
19e826cf-225d-5b45-a163-ba73943e2794,3d0bbb7f-ffd0-58b8-a762-659e62ff49c6,,8469f799-0d87-44b4-84e9-b18f6a443ba3,savings_deposit,300,2026-04-19,Imported from miazia 2018 (Ethiopian) collection sheet
3a62811f-cbe4-5351-9cbe-a7110a19842c,3d0bbb7f-ffd0-58b8-a762-659e62ff49c6,,8469f799-0d87-44b4-84e9-b18f6a443ba3,share_purchase,500,2026-04-19,Imported from miazia 2018 (Ethiopian) collection sheet
d3d4aa95-08c5-5416-a3f2-9881ab2f8318,851c52ee-df4c-5558-bf08-b4d8183abfa5,,8469f799-0d87-44b4-84e9-b18f6a443ba3,savings_deposit,916,2026-04-19,Imported from miazia 2018 (Ethiopian) collection sheet
f382cfaf-7235-59e5-928a-aea38403b618,7c5ca725-9ded-56ac-b940-fac936b46282,,8469f799-0d87-44b4-84e9-b18f6a443ba3,savings_deposit,500,2026-04-19,Imported from miazia 2018 (Ethiopian) collection sheet
320629dc-4ca9-5897-acd8-3c32baa4f0ed,aad6fb2e-75fe-52ed-b422-b6f3666b5d3e,,8469f799-0d87-44b4-84e9-b18f6a443ba3,savings_deposit,300,2026-04-19,Imported from miazia 2018 (Ethiopian) collection sheet
82159820-d04a-5690-a0b3-8780a6e8e182,36fd29c5-a786-5484-b733-86fbfe2c1184,,8469f799-0d87-44b4-84e9-b18f6a443ba3,savings_deposit,500,2026-04-19,Imported from miazia 2018 (Ethiopian) collection sheet
b1b9625a-de7c-54b4-ad37-92b3b8485ca5,455b7b7c-a0ec-5e51-9939-03896ecd0f48,,8469f799-0d87-44b4-84e9-b18f6a443ba3,savings_deposit,300,2026-04-19,Imported from miazia 2018 (Ethiopian) collection sheet
d237c8a8-8782-54b1-8f3a-3103e609e60b,92ece406-1c58-5c89-ab67-c39497211f35,,8469f799-0d87-44b4-84e9-b18f6a443ba3,savings_deposit,1000,2026-04-19,Imported from miazia 2018 (Ethiopian) collection sheet
58a903b0-a6ca-58c7-9df0-64e9f3b25023,702a64d1-c195-57b1-a80b-b826bdb158e3,,8469f799-0d87-44b4-84e9-b18f6a443ba3,savings_deposit,1000,2026-04-19,Imported from miazia 2018 (Ethiopian) collection sheet
1533f68d-8fbd-58a4-810c-f8ba1d71f4d6,702a64d1-c195-57b1-a80b-b826bdb158e3,,8469f799-0d87-44b4-84e9-b18f6a443ba3,penalty_payment,156,2026-04-19,Imported from miazia 2018 (Ethiopian) collection sheet
903a5a01-ef0e-5ed7-b646-ef45f208ccef,a53169c6-8855-52ab-958f-9f12cb9a5575,,8469f799-0d87-44b4-84e9-b18f6a443ba3,savings_deposit,300,2026-04-19,Imported from miazia 2018 (Ethiopian) collection sheet
95448152-afd1-5464-a29d-e730ab4ba9e9,b3753ad4-8917-51cb-bcf2-00be4a652cf5,,8469f799-0d87-44b4-84e9-b18f6a443ba3,savings_deposit,499,2026-04-19,Imported from miazia 2018 (Ethiopian) collection sheet
837e0a4b-a375-5910-a626-5ec84665093c,4eddb914-b607-5910-8203-d43303149149,,8469f799-0d87-44b4-84e9-b18f6a443ba3,savings_deposit,1242,2026-04-19,Imported from miazia 2018 (Ethiopian) collection sheet
7fefc1b1-636f-5153-8641-6a857e80f7eb,e80494f0-91cb-543b-a13a-cf7a4d60e8b2,,8469f799-0d87-44b4-84e9-b18f6a443ba3,savings_deposit,2000,2026-04-19,Imported from miazia 2018 (Ethiopian) collection sheet
51d996ce-9061-50f8-874e-54a8c01ff747,e80494f0-91cb-543b-a13a-cf7a4d60e8b2,,8469f799-0d87-44b4-84e9-b18f6a443ba3,share_purchase,1799,2026-04-19,Imported from miazia 2018 (Ethiopian) collection sheet
d21cfb6f-fea7-59ec-8e7b-2529bc54afe5,29989b23-a726-57ee-a9c9-47185b8fec11,,8469f799-0d87-44b4-84e9-b18f6a443ba3,savings_deposit,500,2026-04-19,Imported from miazia 2018 (Ethiopian) collection sheet
15cfca0a-8639-53fa-a6e5-7c7e509d9d78,ca334b3d-3acd-52a7-983e-ec5b0e203b72,,8469f799-0d87-44b4-84e9-b18f6a443ba3,savings_deposit,500,2026-04-19,Imported from miazia 2018 (Ethiopian) collection sheet
660ffae4-9db8-51b5-a627-5e011e0bdf66,ca334b3d-3acd-52a7-983e-ec5b0e203b72,,8469f799-0d87-44b4-84e9-b18f6a443ba3,share_purchase,10000,2026-04-19,Imported from miazia 2018 (Ethiopian) collection sheet
316e339e-fe8f-53af-adf3-00ea92d479c2,3c2609c2-54e1-5a48-9a86-1bc3e84f3051,,8469f799-0d87-44b4-84e9-b18f6a443ba3,savings_deposit,2000,2026-04-19,Imported from miazia 2018 (Ethiopian) collection sheet
030d6339-204b-5bbb-9665-a3395d8eaa92,125f3d29-ba17-5171-83d2-afeea46bbc03,,8469f799-0d87-44b4-84e9-b18f6a443ba3,savings_deposit,299,2026-04-19,Imported from miazia 2018 (Ethiopian) collection sheet
08215a64-558a-563f-baf0-a298b7adbbe9,6514871c-f8bd-5888-9734-9ec3e4d2337a,,8469f799-0d87-44b4-84e9-b18f6a443ba3,savings_deposit,1850,2026-04-19,Imported from miazia 2018 (Ethiopian) collection sheet
3b61e2b3-eb8c-57f9-a180-2aa49c411573,6514871c-f8bd-5888-9734-9ec3e4d2337a,,8469f799-0d87-44b4-84e9-b18f6a443ba3,share_purchase,2600,2026-04-19,Imported from miazia 2018 (Ethiopian) collection sheet
f5843636-4ce6-5a03-8dc3-093b91ac1c21,6514871c-f8bd-5888-9734-9ec3e4d2337a,,8469f799-0d87-44b4-84e9-b18f6a443ba3,registration_fee,400,2026-04-19,Imported from miazia 2018 (Ethiopian) collection sheet
bc3c4131-bb22-5304-b488-4fc938e80973,6514871c-f8bd-5888-9734-9ec3e4d2337a,,8469f799-0d87-44b4-84e9-b18f6a443ba3,card_fee,150,2026-04-19,Imported from miazia 2018 (Ethiopian) collection sheet
009b43ae-a274-5fe7-80db-80da5293a17e,1a488e67-9018-5d60-b55e-10337a44cc31,,8469f799-0d87-44b4-84e9-b18f6a443ba3,savings_deposit,500,2026-04-19,Imported from miazia 2018 (Ethiopian) collection sheet
47b755a8-cbe3-51fc-ae7b-9b97f1ddf95f,71f4c2a5-fe70-5477-a35d-3ffbef658197,,8469f799-0d87-44b4-84e9-b18f6a443ba3,savings_deposit,1534,2026-04-19,Imported from miazia 2018 (Ethiopian) collection sheet
93f57324-f945-5738-8529-5bb4e5cbc916,f2f1058c-5d30-5571-8877-d28487edbe16,,8469f799-0d87-44b4-84e9-b18f6a443ba3,savings_deposit,578,2026-04-19,Imported from miazia 2018 (Ethiopian) collection sheet
cba6218c-331d-5804-b85a-55224b731381,34dd36a5-118a-5e12-a67f-3b49d921bb51,,8469f799-0d87-44b4-84e9-b18f6a443ba3,savings_deposit,2000,2026-04-19,Imported from miazia 2018 (Ethiopian) collection sheet
c851ec5c-ce04-56b9-b3ac-040b9970d6a4,34dd36a5-118a-5e12-a67f-3b49d921bb51,,8469f799-0d87-44b4-84e9-b18f6a443ba3,share_purchase,3000,2026-04-19,Imported from miazia 2018 (Ethiopian) collection sheet
93f3da2f-223c-5eab-835e-acff4ec9fe8c,6f5c0e57-34ab-5a5f-9d91-ae406320fc26,,8469f799-0d87-44b4-84e9-b18f6a443ba3,savings_deposit,1000,2026-04-19,Imported from miazia 2018 (Ethiopian) collection sheet
e9c3acbd-9d15-58dd-a324-4f52bb54f37c,8cd9b157-768a-527a-90b5-2d0d4628c94a,,8469f799-0d87-44b4-84e9-b18f6a443ba3,savings_deposit,950,2026-04-19,Imported from miazia 2018 (Ethiopian) collection sheet
c54d7f2d-882b-5c81-a406-b276ff08d63d,8cd9b157-768a-527a-90b5-2d0d4628c94a,,8469f799-0d87-44b4-84e9-b18f6a443ba3,penalty_payment,50,2026-04-19,Imported from miazia 2018 (Ethiopian) collection sheet
7d5ae181-3d58-5f6e-9c73-01ec959afdb3,354b4c37-2e0b-5f50-923f-75e9c0064233,,8469f799-0d87-44b4-84e9-b18f6a443ba3,savings_deposit,500,2026-04-19,Imported from miazia 2018 (Ethiopian) collection sheet
1c449d50-447c-5d83-aa98-ddb4404332bd,977128b0-a9c7-513f-8db5-812416bc280f,,8469f799-0d87-44b4-84e9-b18f6a443ba3,savings_deposit,300,2026-04-19,Imported from miazia 2018 (Ethiopian) collection sheet
5581ac1c-2d84-5201-81e1-f5b357ab4104,a1f289ae-ae47-540a-9fe1-8887c6c02727,,8469f799-0d87-44b4-84e9-b18f6a443ba3,savings_deposit,300,2026-04-19,Imported from miazia 2018 (Ethiopian) collection sheet
f543c7a0-fe80-5047-a6fb-36701b0c5ca1,f4d3c897-4e25-51d1-bd31-b5266a7f6180,,8469f799-0d87-44b4-84e9-b18f6a443ba3,savings_deposit,499,2026-04-19,Imported from miazia 2018 (Ethiopian) collection sheet
a2d0ffe2-0e0d-55b1-8948-361ab0c7dbc1,cd0872ad-8f7d-5a15-b293-edc89f474de3,,8469f799-0d87-44b4-84e9-b18f6a443ba3,savings_deposit,499,2026-04-19,Imported from miazia 2018 (Ethiopian) collection sheet
93303ece-cf78-50ee-b4f4-c25d223ca22a,2e5e1ac8-b2fe-5bd4-a1e3-f4032579bda0,,8469f799-0d87-44b4-84e9-b18f6a443ba3,savings_deposit,500,2026-04-19,Imported from miazia 2018 (Ethiopian) collection sheet
74ad2f5a-8202-5ee3-ad5e-615b85d3c183,10f1f992-35ba-5068-a0f7-9f831a267ccb,,8469f799-0d87-44b4-84e9-b18f6a443ba3,savings_deposit,1000,2026-04-19,Imported from miazia 2018 (Ethiopian) collection sheet
5d59e506-576f-5c5a-a442-302a7ad5e3a7,051eb74f-3bea-595a-a4dc-f08b2b9bf711,,8469f799-0d87-44b4-84e9-b18f6a443ba3,savings_deposit,432,2026-04-19,Imported from miazia 2018 (Ethiopian) collection sheet
32a058f2-b3cf-58b5-81b6-1c35d8af8861,4eed4f71-e460-5a5b-9916-34719987c2aa,,8469f799-0d87-44b4-84e9-b18f6a443ba3,savings_deposit,1000,2026-04-19,Imported from miazia 2018 (Ethiopian) collection sheet
9c41c722-a23c-5983-bbb4-7c5fc7b62aaf,3d152d6f-ed5b-5cce-82c4-f386a9ee0ce4,,8469f799-0d87-44b4-84e9-b18f6a443ba3,savings_deposit,330,2026-04-19,Imported from miazia 2018 (Ethiopian) collection sheet
a280f93d-6be3-533e-a750-3a5a158ae10b,54dcf52c-ffc8-508a-83e0-26063fb2621a,,8469f799-0d87-44b4-84e9-b18f6a443ba3,savings_deposit,499,2026-04-19,Imported from miazia 2018 (Ethiopian) collection sheet
660aed41-b774-5087-bf19-3ae687f2d376,2f80699b-30f8-50d9-b2c6-484d7f9dc1ec,,8469f799-0d87-44b4-84e9-b18f6a443ba3,savings_deposit,300,2026-04-19,Imported from miazia 2018 (Ethiopian) collection sheet
9c7f5112-1392-5481-8410-3166c4268484,d4a87532-6f1f-5375-ab91-a2951df1615b,,8469f799-0d87-44b4-84e9-b18f6a443ba3,savings_deposit,100,2026-04-19,Imported from miazia 2018 (Ethiopian) collection sheet
66955447-db96-55c7-8a0d-3a440539c743,170f7791-7bf0-577c-a043-64fb779a31d9,,8469f799-0d87-44b4-84e9-b18f6a443ba3,savings_deposit,1500,2026-04-19,Imported from miazia 2018 (Ethiopian) collection sheet
d2485515-b716-5e60-ae11-98c57906d1a6,00996b02-5241-589e-aeb7-425449f40eb8,,8469f799-0d87-44b4-84e9-b18f6a443ba3,savings_deposit,1000,2026-04-19,Imported from miazia 2018 (Ethiopian) collection sheet
cee779d1-dc12-5bb7-9021-fa164c724dc3,00996b02-5241-589e-aeb7-425449f40eb8,,8469f799-0d87-44b4-84e9-b18f6a443ba3,share_purchase,499,2026-04-19,Imported from miazia 2018 (Ethiopian) collection sheet
3545b7ea-8afb-5144-9ae6-7adbd9afff98,beb33a9f-37f1-5872-8cb9-1e26996f8407,,8469f799-0d87-44b4-84e9-b18f6a443ba3,savings_deposit,1000,2026-04-19,Imported from miazia 2018 (Ethiopian) collection sheet
28447fd0-3875-546c-a467-7fb5d6f1f186,beb33a9f-37f1-5872-8cb9-1e26996f8407,,8469f799-0d87-44b4-84e9-b18f6a443ba3,penalty_payment,50,2026-04-19,Imported from miazia 2018 (Ethiopian) collection sheet
33d06a1b-e208-56b5-b915-2f5290f8f989,76f88045-5002-5b6e-9681-43b735316605,,8469f799-0d87-44b4-84e9-b18f6a443ba3,savings_deposit,500,2026-04-19,Imported from miazia 2018 (Ethiopian) collection sheet
b4bd30f6-3bc3-51da-9af5-923bdc65dce4,991e35bc-30fb-5dc8-ac2b-8018c60eddb2,,8469f799-0d87-44b4-84e9-b18f6a443ba3,savings_deposit,500,2026-04-19,Imported from miazia 2018 (Ethiopian) collection sheet
a8fd5cf2-ba21-5f69-b035-4620b56d1e00,62734299-08da-5759-bcec-2ee0c758799c,,8469f799-0d87-44b4-84e9-b18f6a443ba3,savings_deposit,301,2026-04-19,Imported from miazia 2018 (Ethiopian) collection sheet
4a60b9a2-36aa-5fae-af8b-17cf202b7ae6,657f1680-7a2b-5bac-8c63-4b8e6d343813,,8469f799-0d87-44b4-84e9-b18f6a443ba3,savings_deposit,399,2026-04-19,Imported from miazia 2018 (Ethiopian) collection sheet
f005fe7e-cd15-5001-808b-4276a09cd4d8,869176ce-c515-5353-b0dd-d5925b52340d,,8469f799-0d87-44b4-84e9-b18f6a443ba3,savings_deposit,300,2026-04-19,Imported from miazia 2018 (Ethiopian) collection sheet
e4360322-4098-5178-8be7-63bc86b541a2,1de9385b-94da-5913-8519-c4d9da1f84a0,,8469f799-0d87-44b4-84e9-b18f6a443ba3,savings_deposit,300,2026-04-19,Imported from miazia 2018 (Ethiopian) collection sheet
d81698a9-2cb0-5d39-94bb-ba6a06a0c8d5,aee4b7df-f455-5168-970e-5b37cd8740d3,,8469f799-0d87-44b4-84e9-b18f6a443ba3,savings_deposit,500,2026-04-19,Imported from miazia 2018 (Ethiopian) collection sheet
ae888e55-d080-5129-bf12-1f6d8c4a6ac3,d7d27b5f-57d6-5506-9ce7-7ab56fd82b56,,8469f799-0d87-44b4-84e9-b18f6a443ba3,savings_deposit,500,2026-04-19,Imported from miazia 2018 (Ethiopian) collection sheet
70a26371-f474-52d2-a25a-28ae2719cd01,3bbb05b3-76ad-58f1-891b-6777e08fe734,,8469f799-0d87-44b4-84e9-b18f6a443ba3,savings_deposit,500,2026-04-19,Imported from miazia 2018 (Ethiopian) collection sheet
a3957e9c-cfa1-5259-b8b4-ad49d9258a1a,f4772095-a982-5f67-9483-de5bd0269aa2,,8469f799-0d87-44b4-84e9-b18f6a443ba3,savings_deposit,700,2026-04-19,Imported from miazia 2018 (Ethiopian) collection sheet
a998e209-8726-5387-b6a1-64ea4a7e36ff,b1242fc4-085a-59d9-bd25-3d53db393a95,,8469f799-0d87-44b4-84e9-b18f6a443ba3,savings_deposit,300,2026-04-19,Imported from miazia 2018 (Ethiopian) collection sheet
724eba13-ebea-5a78-a276-295d52d57042,73e6cb68-bbf3-5dd1-84d3-1cba1163b07f,,8469f799-0d87-44b4-84e9-b18f6a443ba3,savings_deposit,300,2026-04-19,Imported from miazia 2018 (Ethiopian) collection sheet
4ca308e3-55f1-5487-a294-520e9791042e,a4356662-e458-54c8-9ee5-b90949d068cd,,8469f799-0d87-44b4-84e9-b18f6a443ba3,savings_deposit,500,2026-04-19,Imported from miazia 2018 (Ethiopian) collection sheet
1da25516-e681-5670-8904-a121c93cb6cc,72a8896e-535f-58b2-9a53-39bcdd203fce,,8469f799-0d87-44b4-84e9-b18f6a443ba3,savings_deposit,300,2026-04-19,Imported from miazia 2018 (Ethiopian) collection sheet
404fefe2-6fb4-50b9-b86d-d7728d78a573,a6ebd1b9-8689-5540-b5c3-376f9dc47bdb,,8469f799-0d87-44b4-84e9-b18f6a443ba3,savings_deposit,1000,2026-04-19,Imported from miazia 2018 (Ethiopian) collection sheet
9f17d325-b605-5388-899b-1289cb908a7d,60c2f8aa-0358-56b0-9984-d4186f05f767,,8469f799-0d87-44b4-84e9-b18f6a443ba3,savings_deposit,1033,2026-04-19,Imported from miazia 2018 (Ethiopian) collection sheet
f08b7a17-84d5-5c27-984e-6e5bc4e84ae4,60c2f8aa-0358-56b0-9984-d4186f05f767,,8469f799-0d87-44b4-84e9-b18f6a443ba3,penalty_payment,166,2026-04-19,Imported from miazia 2018 (Ethiopian) collection sheet
06400020-6152-540c-8ef2-5cf7ee68412e,c25c27a2-8d3d-5fa4-99d5-1712bde7ef39,,8469f799-0d87-44b4-84e9-b18f6a443ba3,savings_deposit,149,2026-04-19,Imported from miazia 2018 (Ethiopian) collection sheet
9095ba9f-5479-5312-8e27-7aa6b09eb2ed,1ad8f71e-4f15-52fb-8ad6-158e2ccac339,,8469f799-0d87-44b4-84e9-b18f6a443ba3,savings_deposit,1000,2026-04-19,Imported from miazia 2018 (Ethiopian) collection sheet
75e84ad5-77c2-5dcd-a5ea-f5dc74b60039,f76d7cab-6a2e-5d14-89da-26ccafbd3be0,,8469f799-0d87-44b4-84e9-b18f6a443ba3,savings_deposit,500,2026-04-19,Imported from miazia 2018 (Ethiopian) collection sheet
a0165667-c736-54d3-9af7-a37473229c42,fc4352be-369e-5598-8274-98a6cae1f207,,8469f799-0d87-44b4-84e9-b18f6a443ba3,savings_deposit,480,2026-04-19,Imported from miazia 2018 (Ethiopian) collection sheet
d91370e6-3848-5503-b5dc-80d3cc98e5e3,c3a66182-f9eb-55b0-a3f4-fe924a4dec95,,8469f799-0d87-44b4-84e9-b18f6a443ba3,savings_deposit,500,2026-04-19,Imported from miazia 2018 (Ethiopian) collection sheet
988f3533-a80b-53f0-a7db-79e27123dba5,75f95f5d-bdcc-5624-9532-315ba2d8cf68,,8469f799-0d87-44b4-84e9-b18f6a443ba3,savings_deposit,300,2026-04-19,Imported from miazia 2018 (Ethiopian) collection sheet
0afbc3c9-8382-5cfd-a637-3711f4831f0f,d3faf4eb-9546-5aa9-9995-1d985500ac16,,8469f799-0d87-44b4-84e9-b18f6a443ba3,savings_deposit,500,2026-04-19,Imported from miazia 2018 (Ethiopian) collection sheet
5ce768ae-c208-5830-94ac-6269769437ca,d3faf4eb-9546-5aa9-9995-1d985500ac16,,8469f799-0d87-44b4-84e9-b18f6a443ba3,share_purchase,500,2026-04-19,Imported from miazia 2018 (Ethiopian) collection sheet
6fbbcc30-fa5c-55bc-912f-73910232738f,6c8bee9a-74b1-5e90-afac-e0a6e165fcef,,8469f799-0d87-44b4-84e9-b18f6a443ba3,savings_deposit,500,2026-04-19,Imported from miazia 2018 (Ethiopian) collection sheet
2e31e8c1-e1b9-5a12-98d4-bd66badb7c3e,6c8bee9a-74b1-5e90-afac-e0a6e165fcef,,8469f799-0d87-44b4-84e9-b18f6a443ba3,share_purchase,1500,2026-04-19,Imported from miazia 2018 (Ethiopian) collection sheet
e84aed4c-109b-588e-aefe-a79e015914e5,53198375-0834-5854-95d3-f14812d02e9f,,8469f799-0d87-44b4-84e9-b18f6a443ba3,savings_deposit,1000,2026-04-19,Imported from miazia 2018 (Ethiopian) collection sheet
03cdc5a8-8f03-5770-b378-e597c1acc5e2,653a7e72-171e-5a5b-a8bc-a744f16e7542,,8469f799-0d87-44b4-84e9-b18f6a443ba3,savings_deposit,2000,2026-04-19,Imported from miazia 2018 (Ethiopian) collection sheet
261dde70-6221-522f-a5cb-78f1cf3c30e6,439dca62-e8ee-5687-96ba-ed76048724b5,,8469f799-0d87-44b4-84e9-b18f6a443ba3,savings_deposit,500,2026-04-19,Imported from miazia 2018 (Ethiopian) collection sheet
feee3e1f-17f2-5f68-bb89-538947d445b2,9bcb279d-1071-5ff0-aae5-53ea184ce725,,8469f799-0d87-44b4-84e9-b18f6a443ba3,savings_deposit,779,2026-04-19,Imported from miazia 2018 (Ethiopian) collection sheet
c8b5d652-103a-5c4f-9e2b-6ed50831e853,fdf165ea-a6ad-5b9a-a7ed-146969ee7817,,8469f799-0d87-44b4-84e9-b18f6a443ba3,savings_deposit,500,2026-04-19,Imported from miazia 2018 (Ethiopian) collection sheet
9e0aef2f-6f23-584f-be06-ee1b22b92dcd,319312c6-6801-528d-b138-81bcf7aba92e,,8469f799-0d87-44b4-84e9-b18f6a443ba3,savings_deposit,482,2026-04-19,Imported from miazia 2018 (Ethiopian) collection sheet
c36c6ab3-1fed-54a5-8f3b-d03136b15471,0bc38e75-0d03-50eb-9d02-a102d730494c,,8469f799-0d87-44b4-84e9-b18f6a443ba3,savings_deposit,1157,2026-04-19,Imported from miazia 2018 (Ethiopian) collection sheet
c519e104-a16e-5233-9c10-74b7725b1175,0bc38e75-0d03-50eb-9d02-a102d730494c,,8469f799-0d87-44b4-84e9-b18f6a443ba3,share_purchase,1000,2026-04-19,Imported from miazia 2018 (Ethiopian) collection sheet
91d53c2a-f892-51a2-abd6-051a160425e4,a771f0ce-7daf-5dc3-8fdf-a04e8fe108cc,,8469f799-0d87-44b4-84e9-b18f6a443ba3,savings_deposit,1000,2026-04-19,Imported from miazia 2018 (Ethiopian) collection sheet
27545f94-991b-5054-a039-def91afd6c3d,a771f0ce-7daf-5dc3-8fdf-a04e8fe108cc,,8469f799-0d87-44b4-84e9-b18f6a443ba3,penalty_payment,50,2026-04-19,Imported from miazia 2018 (Ethiopian) collection sheet
bb04a533-e123-5dec-be36-485b13a702c3,fdaaa5b7-6f56-5f9a-8cb6-1134927a1df1,,8469f799-0d87-44b4-84e9-b18f6a443ba3,savings_deposit,500,2026-04-19,Imported from miazia 2018 (Ethiopian) collection sheet
a3e2247a-531a-59e4-84c5-b5638e26d49c,dc05a34e-7603-5430-8644-1006b5eb9ce8,,8469f799-0d87-44b4-84e9-b18f6a443ba3,savings_deposit,1500,2026-04-19,Imported from miazia 2018 (Ethiopian) collection sheet
63ca62ed-3bd6-57ee-aa10-306be9221a69,1312a235-bded-5cc9-9115-fbe26eb8d4ff,,8469f799-0d87-44b4-84e9-b18f6a443ba3,savings_deposit,300,2026-04-19,Imported from miazia 2018 (Ethiopian) collection sheet
33ab300c-b96b-5b6d-a4b2-31d5dab6db6e,00504940-bbb4-52dd-9bed-81b31d16e60c,,8469f799-0d87-44b4-84e9-b18f6a443ba3,savings_deposit,300,2026-04-19,Imported from miazia 2018 (Ethiopian) collection sheet
04436f2f-0003-5a4d-8afc-664b25610f6c,4c1c461a-ae9f-5b76-980a-956c802b4225,,8469f799-0d87-44b4-84e9-b18f6a443ba3,savings_deposit,1300,2026-04-19,Imported from miazia 2018 (Ethiopian) collection sheet
e66a7e2d-4414-5b8f-99cd-4e1e1c54cad1,5b09d4aa-c1b0-512a-a1dc-de6bb23c0fa2,,8469f799-0d87-44b4-84e9-b18f6a443ba3,savings_deposit,514,2026-04-19,Imported from miazia 2018 (Ethiopian) collection sheet
0a6a884e-e4e9-553a-bf9d-1d6ada8f6443,7de65b59-a390-528f-9574-24528382dc93,,8469f799-0d87-44b4-84e9-b18f6a443ba3,savings_deposit,500,2026-04-19,Imported from miazia 2018 (Ethiopian) collection sheet
de60bb72-954d-57fc-8645-4407b1b49acd,094105d3-95fc-5ef8-9498-a9da1f7bd987,,8469f799-0d87-44b4-84e9-b18f6a443ba3,savings_deposit,500,2026-04-19,Imported from miazia 2018 (Ethiopian) collection sheet
3cd6279d-6c3e-5902-8d09-810520ab7994,6c7e695e-1c69-5ba8-8e86-11220259cea5,,8469f799-0d87-44b4-84e9-b18f6a443ba3,savings_deposit,964,2026-04-19,Imported from miazia 2018 (Ethiopian) collection sheet
06f9e40f-9cc5-509a-855f-ccb3f302af4a,640b242e-d25d-5d03-ac35-6d4ada4340a4,,8469f799-0d87-44b4-84e9-b18f6a443ba3,savings_deposit,500,2026-04-19,Imported from miazia 2018 (Ethiopian) collection sheet
2730d236-b036-5d7d-b43e-0c5ace3959ac,640b242e-d25d-5d03-ac35-6d4ada4340a4,,8469f799-0d87-44b4-84e9-b18f6a443ba3,share_purchase,500,2026-04-19,Imported from miazia 2018 (Ethiopian) collection sheet
28a9afbf-312c-5037-bbe2-c6113691e3d4,b6399dcf-1caa-5da3-bb09-d4f79922e2ed,,8469f799-0d87-44b4-84e9-b18f6a443ba3,savings_deposit,500,2026-04-19,Imported from miazia 2018 (Ethiopian) collection sheet
5de9da8a-0d9d-5a5b-88df-7d603ba27a1c,fcee7f90-a4ed-5bb4-bc0a-7f04623c694a,,8469f799-0d87-44b4-84e9-b18f6a443ba3,savings_deposit,500,2026-04-19,Imported from miazia 2018 (Ethiopian) collection sheet
3251438e-51b4-530d-a4e5-e77d37f069f5,980a1405-2a66-53ba-b246-90cc1bcd9824,,8469f799-0d87-44b4-84e9-b18f6a443ba3,savings_deposit,500,2026-04-19,Imported from miazia 2018 (Ethiopian) collection sheet
c8b365fd-c494-5a8b-a0d0-5e882cf917ed,ae5e0f27-63ff-5cfe-b320-5839eccb0f39,,8469f799-0d87-44b4-84e9-b18f6a443ba3,savings_deposit,500,2026-04-19,Imported from miazia 2018 (Ethiopian) collection sheet
1fc94ed8-be10-55a2-a3f3-08318a862c82,ae5e0f27-63ff-5cfe-b320-5839eccb0f39,,8469f799-0d87-44b4-84e9-b18f6a443ba3,share_purchase,1000,2026-04-19,Imported from miazia 2018 (Ethiopian) collection sheet
59ebf04a-31b9-58e8-88c3-24c2a7bab8f1,f21a7119-21e1-5886-a094-aeef9ea90120,,8469f799-0d87-44b4-84e9-b18f6a443ba3,savings_deposit,769,2026-04-19,Imported from miazia 2018 (Ethiopian) collection sheet
734108c6-b799-532b-a987-c597ed4766e8,286ecb3c-8211-53a0-97be-24e354b06a1d,,8469f799-0d87-44b4-84e9-b18f6a443ba3,savings_deposit,500,2026-04-19,Imported from miazia 2018 (Ethiopian) collection sheet
f65196a9-6c92-5fce-bc77-c60de64eee25,ddc514dd-8a84-5b7e-a501-88fdbfec0106,,8469f799-0d87-44b4-84e9-b18f6a443ba3,savings_deposit,1000,2026-04-19,Imported from miazia 2018 (Ethiopian) collection sheet
dfe5f742-2b2a-59bf-8001-0e4cbe0abc93,ddc514dd-8a84-5b7e-a501-88fdbfec0106,,8469f799-0d87-44b4-84e9-b18f6a443ba3,share_purchase,1000,2026-04-19,Imported from miazia 2018 (Ethiopian) collection sheet
d1c2f361-948f-5ae8-9f32-244c89cd6c76,737a8d1b-4900-52ab-a075-9e94a6135e5a,,8469f799-0d87-44b4-84e9-b18f6a443ba3,savings_deposit,1049,2026-04-19,Imported from miazia 2018 (Ethiopian) collection sheet
953d1350-af26-5ab3-8b10-1d574e18f185,22d76f64-4d03-57bd-9591-22362b1ef93d,,8469f799-0d87-44b4-84e9-b18f6a443ba3,savings_deposit,500,2026-04-19,Imported from miazia 2018 (Ethiopian) collection sheet
fd0c5563-f8e0-589b-94ee-a3aed02e44c1,f20f195e-d014-50ac-891d-111561cc1b23,,8469f799-0d87-44b4-84e9-b18f6a443ba3,savings_deposit,500,2026-04-19,Imported from miazia 2018 (Ethiopian) collection sheet
02a45099-766b-5518-b616-0458df2dafda,f20f195e-d014-50ac-891d-111561cc1b23,,8469f799-0d87-44b4-84e9-b18f6a443ba3,share_purchase,5000,2026-04-19,Imported from miazia 2018 (Ethiopian) collection sheet
0e4e3ccc-57b4-5318-9bc2-c36f4ea8719a,d82e3094-7b6c-5331-b605-63ab2e240d21,,8469f799-0d87-44b4-84e9-b18f6a443ba3,savings_deposit,1000,2026-04-19,Imported from miazia 2018 (Ethiopian) collection sheet
b722376a-d6a0-5e24-b048-9c2c989acede,47ec08e9-732a-5965-8cd9-d5cd3b4e9c48,,8469f799-0d87-44b4-84e9-b18f6a443ba3,savings_deposit,500,2026-04-19,Imported from miazia 2018 (Ethiopian) collection sheet
886b927b-3d2a-5564-b313-89a3f5f482f7,760554fa-d88d-565f-8205-3c6ef1abd75c,,8469f799-0d87-44b4-84e9-b18f6a443ba3,savings_deposit,2000,2026-04-19,Imported from miazia 2018 (Ethiopian) collection sheet
72fbaae8-1dff-591d-a1a0-3b8001dcf914,760554fa-d88d-565f-8205-3c6ef1abd75c,,8469f799-0d87-44b4-84e9-b18f6a443ba3,share_purchase,12950,2026-04-19,Imported from miazia 2018 (Ethiopian) collection sheet
bc2f9382-1229-5055-b6e9-7f2b77d63128,760554fa-d88d-565f-8205-3c6ef1abd75c,,8469f799-0d87-44b4-84e9-b18f6a443ba3,penalty_payment,50,2026-04-19,Imported from miazia 2018 (Ethiopian) collection sheet
88b1bf09-1053-597f-8387-34b9246aa0f9,7985d6cf-d3d7-54e1-934e-55ea3e0244e1,,8469f799-0d87-44b4-84e9-b18f6a443ba3,savings_deposit,619,2026-04-19,Imported from miazia 2018 (Ethiopian) collection sheet
716ebaa9-6b43-50b6-baa8-668887319435,2026c4da-1714-521d-8595-16301af3fd86,,8469f799-0d87-44b4-84e9-b18f6a443ba3,savings_deposit,300,2026-04-19,Imported from miazia 2018 (Ethiopian) collection sheet
e8c43dfc-bedb-5949-8eb8-91c9d5ea8273,48348d28-35b4-5a0c-b871-86b6516eadc9,,8469f799-0d87-44b4-84e9-b18f6a443ba3,savings_deposit,1000,2026-04-19,Imported from miazia 2018 (Ethiopian) collection sheet
d93042da-80e7-5ffa-9086-2070a59cb43d,2cb9dc21-141f-5c94-a3a2-53c9146b95d9,,8469f799-0d87-44b4-84e9-b18f6a443ba3,savings_deposit,1999,2026-04-19,Imported from miazia 2018 (Ethiopian) collection sheet
0a6b564f-146f-5a49-a520-f2cc4f6e1073,b32fac1a-aa87-568b-b93b-e5763112b61d,,8469f799-0d87-44b4-84e9-b18f6a443ba3,savings_deposit,520,2026-04-19,Imported from miazia 2018 (Ethiopian) collection sheet
8b6a9f5f-ac93-56e9-8e41-17f3020dae51,414b6ffc-f127-5a64-9f70-c41106f36639,,8469f799-0d87-44b4-84e9-b18f6a443ba3,savings_deposit,1200,2026-04-19,Imported from miazia 2018 (Ethiopian) collection sheet
a7f3351f-5aa5-5a7b-a5ca-e9bcb4837df9,049218fa-9e5a-5b66-b2bd-8b33630b5130,,8469f799-0d87-44b4-84e9-b18f6a443ba3,savings_deposit,375,2026-04-19,Imported from miazia 2018 (Ethiopian) collection sheet
1a51ce2b-75de-5d2b-b78f-813bd92a3386,049218fa-9e5a-5b66-b2bd-8b33630b5130,,8469f799-0d87-44b4-84e9-b18f6a443ba3,penalty_payment,144,2026-04-19,Imported from miazia 2018 (Ethiopian) collection sheet
c1d14dff-a123-505c-878d-bbb6ca91bf9c,35fdeddd-15b6-5e4f-ae4d-0470a098c6bb,,8469f799-0d87-44b4-84e9-b18f6a443ba3,savings_deposit,1950,2026-04-19,Imported from miazia 2018 (Ethiopian) collection sheet
f2f05d6f-0b3e-5cf3-ac80-16dde51deaf9,35fdeddd-15b6-5e4f-ae4d-0470a098c6bb,,8469f799-0d87-44b4-84e9-b18f6a443ba3,penalty_payment,50,2026-04-19,Imported from miazia 2018 (Ethiopian) collection sheet
2bc453c2-7b0b-5778-b5fe-40715c2287d3,51987227-8d50-5cc6-b629-42d0dc1ec837,,8469f799-0d87-44b4-84e9-b18f6a443ba3,savings_deposit,500,2026-04-19,Imported from miazia 2018 (Ethiopian) collection sheet
812665b2-8c0c-56b2-98fa-5aaa559c3cbc,51987227-8d50-5cc6-b629-42d0dc1ec837,,8469f799-0d87-44b4-84e9-b18f6a443ba3,share_purchase,500,2026-04-19,Imported from miazia 2018 (Ethiopian) collection sheet
b99e2237-1014-5f8d-b848-023b3ad619c5,643e30d9-af60-5c78-a1d6-74388a9af0f9,,8469f799-0d87-44b4-84e9-b18f6a443ba3,savings_deposit,1000,2026-04-19,Imported from miazia 2018 (Ethiopian) collection sheet
9f80062a-ab90-52e4-825f-d6fe259d357d,643e30d9-af60-5c78-a1d6-74388a9af0f9,,8469f799-0d87-44b4-84e9-b18f6a443ba3,share_purchase,1000,2026-04-19,Imported from miazia 2018 (Ethiopian) collection sheet
716cb52c-d2a9-5a74-83e6-c73c0eb6f65b,0c0a5dc8-0a60-5d67-9aba-378c65dfad91,,8469f799-0d87-44b4-84e9-b18f6a443ba3,savings_deposit,500,2026-04-19,Imported from miazia 2018 (Ethiopian) collection sheet
42bbaa4d-c95f-50b4-8592-7d6f8b305496,f88d8e5f-0ed1-5e58-bdfc-8df9e93c0195,,8469f799-0d87-44b4-84e9-b18f6a443ba3,savings_deposit,1000,2026-04-19,Imported from miazia 2018 (Ethiopian) collection sheet
1777d8df-d030-5e03-a4f4-5791b19aa791,f88d8e5f-0ed1-5e58-bdfc-8df9e93c0195,,8469f799-0d87-44b4-84e9-b18f6a443ba3,share_purchase,1000,2026-04-19,Imported from miazia 2018 (Ethiopian) collection sheet
a8aec723-109a-5c1f-818c-fb16df0d4887,7e79d9ef-cc12-51b8-8044-3ca5e1e3d377,,8469f799-0d87-44b4-84e9-b18f6a443ba3,savings_deposit,1000,2026-04-19,Imported from miazia 2018 (Ethiopian) collection sheet
f78772aa-9bf3-547f-9ee0-dd5d4cc3809b,40cd2138-10ea-53af-a42e-8bb58521e9ae,,8469f799-0d87-44b4-84e9-b18f6a443ba3,savings_deposit,1500,2026-04-19,Imported from miazia 2018 (Ethiopian) collection sheet
a6f79377-e55d-581b-94a8-0b42ce425f78,fd4fc03e-beed-599e-a862-bf1ebb489d28,,8469f799-0d87-44b4-84e9-b18f6a443ba3,savings_deposit,1000,2026-04-19,Imported from miazia 2018 (Ethiopian) collection sheet
48cc2a45-3b10-5600-8c05-aa59cbe93290,a31db2ec-9d4a-5d1a-b551-cc423673ea8a,,8469f799-0d87-44b4-84e9-b18f6a443ba3,savings_deposit,500,2026-04-19,Imported from miazia 2018 (Ethiopian) collection sheet
186b76b5-6fe7-5dfe-8257-4a2c6e16924d,7b0770a8-2173-5070-80f4-3cc171ab8378,,8469f799-0d87-44b4-84e9-b18f6a443ba3,savings_deposit,2000,2026-04-19,Imported from miazia 2018 (Ethiopian) collection sheet
da464838-9829-5b53-93e6-c02f8c18ed86,7b0770a8-2173-5070-80f4-3cc171ab8378,,8469f799-0d87-44b4-84e9-b18f6a443ba3,share_purchase,8000,2026-04-19,Imported from miazia 2018 (Ethiopian) collection sheet
cbbc3866-341f-5a2c-bd1d-d02910fb3c51,a4abc03d-99d2-5421-9712-1e1eb35acc37,,8469f799-0d87-44b4-84e9-b18f6a443ba3,savings_deposit,477,2026-04-19,Imported from miazia 2018 (Ethiopian) collection sheet
37d87c0e-2086-5946-8545-e40799d47aa2,f7a5e560-da9b-5bf0-96c3-9a087507a3a5,,8469f799-0d87-44b4-84e9-b18f6a443ba3,savings_deposit,500,2026-04-19,Imported from miazia 2018 (Ethiopian) collection sheet
50dcff48-fbd3-51b7-83e1-5d9b77d678b2,a9e1deed-561a-5838-8766-2fb2c036ea29,,8469f799-0d87-44b4-84e9-b18f6a443ba3,savings_deposit,1000,2026-04-19,Imported from miazia 2018 (Ethiopian) collection sheet
b61598fb-bcb8-5597-92dc-46e476e1e2e7,26cf5d2f-1d72-5d7f-ada9-7379077b11ae,,8469f799-0d87-44b4-84e9-b18f6a443ba3,savings_deposit,500,2026-04-19,Imported from miazia 2018 (Ethiopian) collection sheet
7b27bfee-9f84-5375-a216-e2893e29612a,d413f918-479b-57e9-87d9-23d6708d8d81,,8469f799-0d87-44b4-84e9-b18f6a443ba3,savings_deposit,500,2026-04-19,Imported from miazia 2018 (Ethiopian) collection sheet
e7509d48-ce2c-5e1a-9d76-025eb8a2dd92,f2915524-e894-5bde-aecd-da2bed49a70c,,8469f799-0d87-44b4-84e9-b18f6a443ba3,savings_deposit,500,2026-04-19,Imported from miazia 2018 (Ethiopian) collection sheet
df6434a7-da54-57d5-86ed-15195b506e0f,8cbc921c-b09b-5afb-8361-fa63c61ffd8a,,8469f799-0d87-44b4-84e9-b18f6a443ba3,savings_deposit,500,2026-04-19,Imported from miazia 2018 (Ethiopian) collection sheet
308a93a1-6f21-5dd8-bb21-39608677fcfd,1f0dbffc-ffca-5b20-b4fb-3b17fbe5a239,,8469f799-0d87-44b4-84e9-b18f6a443ba3,savings_deposit,1000,2026-04-19,Imported from miazia 2018 (Ethiopian) collection sheet
d0134186-97fe-5e21-b966-04ef338630b6,1f0dbffc-ffca-5b20-b4fb-3b17fbe5a239,,8469f799-0d87-44b4-84e9-b18f6a443ba3,share_purchase,1000,2026-04-19,Imported from miazia 2018 (Ethiopian) collection sheet
a9d1faef-9d3a-5b82-b038-57c4a102aea1,0799c4e9-58bc-5b55-b3bb-822f9120af53,,8469f799-0d87-44b4-84e9-b18f6a443ba3,savings_deposit,1000,2026-04-19,Imported from miazia 2018 (Ethiopian) collection sheet
5712ce43-0d29-548b-aa19-e5692c6450da,0799c4e9-58bc-5b55-b3bb-822f9120af53,,8469f799-0d87-44b4-84e9-b18f6a443ba3,share_purchase,4000,2026-04-19,Imported from miazia 2018 (Ethiopian) collection sheet
f1e4a74d-eeff-5a46-b9bd-ee6d7d9fa49f,404705d2-d41d-5bd5-8836-1b5feb5214f8,,8469f799-0d87-44b4-84e9-b18f6a443ba3,savings_deposit,1000,2026-04-19,Imported from miazia 2018 (Ethiopian) collection sheet
7edef5ba-9b2d-5c89-a6db-1c7cfeb141b0,404705d2-d41d-5bd5-8836-1b5feb5214f8,,8469f799-0d87-44b4-84e9-b18f6a443ba3,share_purchase,1000,2026-04-19,Imported from miazia 2018 (Ethiopian) collection sheet
47b6a45e-fe2b-5670-9f26-b8e1a6cc454b,6137a13d-bb02-50d8-a60c-81b54bebaab0,,8469f799-0d87-44b4-84e9-b18f6a443ba3,savings_deposit,2000,2026-04-19,Imported from miazia 2018 (Ethiopian) collection sheet
f56c5f7f-0062-5128-b966-363e409f5188,6137a13d-bb02-50d8-a60c-81b54bebaab0,,8469f799-0d87-44b4-84e9-b18f6a443ba3,share_purchase,2000,2026-04-19,Imported from miazia 2018 (Ethiopian) collection sheet
ce63d69d-1d7b-5406-8c24-0d5891735d7f,e0a1cd41-f09b-584c-a323-5e24952b99ee,,8469f799-0d87-44b4-84e9-b18f6a443ba3,savings_deposit,2000,2026-04-19,Imported from miazia 2018 (Ethiopian) collection sheet
1658b43a-5d60-5f27-adc7-9730a755d955,e0a1cd41-f09b-584c-a323-5e24952b99ee,,8469f799-0d87-44b4-84e9-b18f6a443ba3,share_purchase,19000,2026-04-19,Imported from miazia 2018 (Ethiopian) collection sheet
09ff58b5-f2fe-54d6-a935-301147dc7257,b3d4ad0c-ee3c-53a5-a951-a9759c819236,,8469f799-0d87-44b4-84e9-b18f6a443ba3,savings_deposit,1000,2026-04-19,Imported from miazia 2018 (Ethiopian) collection sheet
9743e47a-cd55-576f-8b27-56456e205359,b3d4ad0c-ee3c-53a5-a951-a9759c819236,,8469f799-0d87-44b4-84e9-b18f6a443ba3,share_purchase,1000,2026-04-19,Imported from miazia 2018 (Ethiopian) collection sheet
0ab7ace1-454a-552d-91e8-3d0ba62cad47,8fc8de0b-78bc-545e-8408-2189a31760ec,,8469f799-0d87-44b4-84e9-b18f6a443ba3,savings_deposit,2000,2026-04-19,Imported from miazia 2018 (Ethiopian) collection sheet
c9c3ba60-ef6e-5826-8ee6-89108430dbdc,95154953-c3dd-55eb-9284-60060b3e99a8,,8469f799-0d87-44b4-84e9-b18f6a443ba3,savings_deposit,750,2026-04-19,Imported from miazia 2018 (Ethiopian) collection sheet
1990914a-14be-54e3-bfa5-36443a7406b7,06fa8212-7f04-5497-a2b6-310f1c798b46,,8469f799-0d87-44b4-84e9-b18f6a443ba3,savings_deposit,1000,2026-04-19,Imported from miazia 2018 (Ethiopian) collection sheet
a7afb772-baf4-5f99-8fb8-941d1286386e,06fa8212-7f04-5497-a2b6-310f1c798b46,,8469f799-0d87-44b4-84e9-b18f6a443ba3,share_purchase,1000,2026-04-19,Imported from miazia 2018 (Ethiopian) collection sheet
9731dd7d-efd1-5756-8cbc-555280b9e05b,e2de7857-57f4-52de-9b30-0d0c74d7933f,,8469f799-0d87-44b4-84e9-b18f6a443ba3,savings_deposit,500,2026-04-19,Imported from miazia 2018 (Ethiopian) collection sheet
38a736a8-28eb-5268-a90b-91977c5f309f,14097ace-d5d4-58a0-b4e8-d735db008348,,8469f799-0d87-44b4-84e9-b18f6a443ba3,savings_deposit,1000,2026-04-19,Imported from miazia 2018 (Ethiopian) collection sheet
85d47437-064a-5066-ba42-2578583e00c9,14097ace-d5d4-58a0-b4e8-d735db008348,,8469f799-0d87-44b4-84e9-b18f6a443ba3,share_purchase,1000,2026-04-19,Imported from miazia 2018 (Ethiopian) collection sheet
4b20c044-8733-51b3-b548-5fbedfd54607,35075fef-07f6-5252-8183-cc3a2f16eb41,,8469f799-0d87-44b4-84e9-b18f6a443ba3,savings_deposit,2000,2026-04-19,Imported from miazia 2018 (Ethiopian) collection sheet
283e5f28-ab2e-54c0-9dbe-ebd1be5ec7a8,35075fef-07f6-5252-8183-cc3a2f16eb41,,8469f799-0d87-44b4-84e9-b18f6a443ba3,share_purchase,500,2026-04-19,Imported from miazia 2018 (Ethiopian) collection sheet
631f392d-e5a9-5cc1-bf5a-e6b4c1cf4b47,cf50d566-4405-5b00-b14c-0d5020d22c31,,8469f799-0d87-44b4-84e9-b18f6a443ba3,savings_deposit,1000,2026-04-19,Imported from miazia 2018 (Ethiopian) collection sheet
acbaac2b-5eeb-5699-a4d4-a37a1b23bb98,cf50d566-4405-5b00-b14c-0d5020d22c31,,8469f799-0d87-44b4-84e9-b18f6a443ba3,penalty_payment,50,2026-04-19,Imported from miazia 2018 (Ethiopian) collection sheet
b1333715-688c-50d1-a660-65d0741929f0,fc282955-0b0a-54ad-8057-22d4d660b8f3,,8469f799-0d87-44b4-84e9-b18f6a443ba3,savings_deposit,1000,2026-04-19,Imported from miazia 2018 (Ethiopian) collection sheet
3dccad43-e9d7-54a5-a3fe-862b65f242ab,7ff58eac-03b8-5c06-83a7-d23117961668,,8469f799-0d87-44b4-84e9-b18f6a443ba3,savings_deposit,2000,2026-04-19,Imported from miazia 2018 (Ethiopian) collection sheet
6799638e-b363-517f-8d62-4790d71a0a24,7ff58eac-03b8-5c06-83a7-d23117961668,,8469f799-0d87-44b4-84e9-b18f6a443ba3,share_purchase,500,2026-04-19,Imported from miazia 2018 (Ethiopian) collection sheet
e4e38529-e043-59a0-92c4-ff5d93b1dfaf,b2efb9cd-1182-562a-9d94-094f7d382bee,,8469f799-0d87-44b4-84e9-b18f6a443ba3,savings_deposit,300,2026-04-19,Imported from miazia 2018 (Ethiopian) collection sheet
aeeba802-49a6-58e8-8eca-0fe0682e9538,3912ff00-0f6f-5b2c-9347-85cf4836d771,,8469f799-0d87-44b4-84e9-b18f6a443ba3,savings_deposit,300,2026-04-19,Imported from miazia 2018 (Ethiopian) collection sheet
7686d7d6-608d-5eaf-940d-80f86925d65f,50b83ed9-e5bb-5b8d-8732-2ec2c6a7205b,,8469f799-0d87-44b4-84e9-b18f6a443ba3,savings_deposit,1000,2026-04-19,Imported from miazia 2018 (Ethiopian) collection sheet
9df5eb82-fe1c-599f-87ca-50699a54ff00,50b83ed9-e5bb-5b8d-8732-2ec2c6a7205b,,8469f799-0d87-44b4-84e9-b18f6a443ba3,share_purchase,1000,2026-04-19,Imported from miazia 2018 (Ethiopian) collection sheet
c25dc685-ef24-53b1-b44f-027ea12b85fa,18556b09-0ab4-5885-9547-840bf5c1f616,,8469f799-0d87-44b4-84e9-b18f6a443ba3,savings_deposit,999,2026-04-19,Imported from miazia 2018 (Ethiopian) collection sheet
60396e1d-117b-5ba6-afe6-3f52812d946b,18556b09-0ab4-5885-9547-840bf5c1f616,,8469f799-0d87-44b4-84e9-b18f6a443ba3,share_purchase,2000,2026-04-19,Imported from miazia 2018 (Ethiopian) collection sheet
66d349c5-3c03-512f-ae45-f05e2b7b411f,0d708cf3-ad24-508c-9c92-a1ec38825d05,,8469f799-0d87-44b4-84e9-b18f6a443ba3,savings_deposit,800,2026-04-19,Imported from miazia 2018 (Ethiopian) collection sheet
b30d20ad-66e3-52ea-a127-7e4ee6d7561c,0d708cf3-ad24-508c-9c92-a1ec38825d05,,8469f799-0d87-44b4-84e9-b18f6a443ba3,penalty_payment,200,2026-04-19,Imported from miazia 2018 (Ethiopian) collection sheet
2c90c14e-1d81-5c8b-8c68-12304438523c,f36e90f7-c963-52f0-bbf6-27b03512f8aa,,8469f799-0d87-44b4-84e9-b18f6a443ba3,savings_deposit,300,2026-04-19,Imported from miazia 2018 (Ethiopian) collection sheet
24da7165-2f2c-5912-a146-47e2b4c7b5f2,d4f2023e-279b-5701-8eef-b0a0e9d3688a,,8469f799-0d87-44b4-84e9-b18f6a443ba3,savings_deposit,1000,2026-04-19,Imported from miazia 2018 (Ethiopian) collection sheet
46359316-3649-5ec0-ad24-6696db129b6c,28161268-eba4-517b-aad0-38e29bbf42b4,,8469f799-0d87-44b4-84e9-b18f6a443ba3,savings_deposit,1000,2026-04-19,Imported from miazia 2018 (Ethiopian) collection sheet
96fdda68-c64c-5c58-b9d8-dbf0395eab65,28161268-eba4-517b-aad0-38e29bbf42b4,,8469f799-0d87-44b4-84e9-b18f6a443ba3,penalty_payment,50,2026-04-19,Imported from miazia 2018 (Ethiopian) collection sheet
ad8b63af-09d7-5477-b598-05022207e17d,6b0460be-2f71-5133-afa7-dd554cdffd51,,8469f799-0d87-44b4-84e9-b18f6a443ba3,savings_deposit,1500,2026-04-19,Imported from miazia 2018 (Ethiopian) collection sheet
4ac83879-3d2e-5018-831f-5e3dcc025b82,6b0460be-2f71-5133-afa7-dd554cdffd51,,8469f799-0d87-44b4-84e9-b18f6a443ba3,penalty_payment,100,2026-04-19,Imported from miazia 2018 (Ethiopian) collection sheet
7881b520-5012-541f-9cab-fc9a42e2acfa,a98c7ead-82e7-5f45-864a-3bf83a0a2643,,8469f799-0d87-44b4-84e9-b18f6a443ba3,savings_deposit,500,2026-04-19,Imported from miazia 2018 (Ethiopian) collection sheet
28a81c63-cda7-5c44-ac53-35a7f6e200a5,a05a8645-6102-52e9-8c87-199ab572e309,,8469f799-0d87-44b4-84e9-b18f6a443ba3,savings_deposit,1000,2026-04-19,Imported from miazia 2018 (Ethiopian) collection sheet
ed167bfa-e922-578c-a7ce-e7e0c8570cce,37582b03-8054-551a-8d62-3b0ad867c7ac,,8469f799-0d87-44b4-84e9-b18f6a443ba3,savings_deposit,1000,2026-04-19,Imported from miazia 2018 (Ethiopian) collection sheet
c1f36291-a6c3-5164-9106-81faa4b24544,f5ed49cd-2af4-523f-9a48-b4c14551e8eb,,8469f799-0d87-44b4-84e9-b18f6a443ba3,savings_deposit,500,2026-04-19,Imported from miazia 2018 (Ethiopian) collection sheet
82b22f0c-34d1-5919-b436-60da040935d5,efb40953-7213-50c9-9529-b8fc3cdb7d92,,8469f799-0d87-44b4-84e9-b18f6a443ba3,savings_deposit,1300,2026-04-19,Imported from miazia 2018 (Ethiopian) collection sheet
079f9688-fc87-5751-a5d3-caa9b3a9ef65,efb40953-7213-50c9-9529-b8fc3cdb7d92,,8469f799-0d87-44b4-84e9-b18f6a443ba3,share_purchase,2000,2026-04-19,Imported from miazia 2018 (Ethiopian) collection sheet
6bbd7bc1-882b-5e5f-a92c-92d6bef88026,ae168754-dc53-53bb-8759-fdf401fd7c06,,8469f799-0d87-44b4-84e9-b18f6a443ba3,savings_deposit,1000,2026-04-19,Imported from miazia 2018 (Ethiopian) collection sheet
8fb6b4a4-dd13-5c7d-8e03-dc71b545a558,570068f9-c44a-5f37-b264-42d09d4fc9d0,,8469f799-0d87-44b4-84e9-b18f6a443ba3,savings_deposit,2000,2026-04-19,Imported from miazia 2018 (Ethiopian) collection sheet
0511c38b-3244-50b1-8b79-b310467e9245,96d80a6e-8b0c-5f54-a94f-6a423e77e285,,8469f799-0d87-44b4-84e9-b18f6a443ba3,savings_deposit,1000,2026-04-19,Imported from miazia 2018 (Ethiopian) collection sheet
c7c43dcd-800b-5572-9346-afba69672640,96d80a6e-8b0c-5f54-a94f-6a423e77e285,,8469f799-0d87-44b4-84e9-b18f6a443ba3,share_purchase,1000,2026-04-19,Imported from miazia 2018 (Ethiopian) collection sheet
c808cfa6-0118-5c1e-94cd-918939a28346,607b812d-459f-5cab-9340-d4ac3326e983,,8469f799-0d87-44b4-84e9-b18f6a443ba3,savings_deposit,1500,2026-04-19,Imported from miazia 2018 (Ethiopian) collection sheet
0eb9dee0-7409-5de6-8e07-129b7d3b8a7c,5906d4be-3a6d-51fc-8fe6-4e5654c5c962,,8469f799-0d87-44b4-84e9-b18f6a443ba3,savings_deposit,1000,2026-04-19,Imported from miazia 2018 (Ethiopian) collection sheet
6667abe3-38fd-5606-a914-ed4d9dbe60be,84fe73ed-e690-590d-8b51-d82f682ef24d,,8469f799-0d87-44b4-84e9-b18f6a443ba3,savings_deposit,500,2026-04-19,Imported from miazia 2018 (Ethiopian) collection sheet
0b2b3621-6113-5e8d-8f4d-78fc3a081f0c,fbf6ab5b-094d-5b83-aed6-66f7c8169e36,,8469f799-0d87-44b4-84e9-b18f6a443ba3,savings_deposit,1000,2026-04-19,Imported from miazia 2018 (Ethiopian) collection sheet
dd93d46f-1559-5be7-ba31-d439213bcc2f,fbf6ab5b-094d-5b83-aed6-66f7c8169e36,,8469f799-0d87-44b4-84e9-b18f6a443ba3,share_purchase,2000,2026-04-19,Imported from miazia 2018 (Ethiopian) collection sheet
38ed70b1-8cd4-5461-a9b7-828df783f8d8,e4ccf2e5-774e-5b15-99a6-973a2b66f4ce,,8469f799-0d87-44b4-84e9-b18f6a443ba3,savings_deposit,1000,2026-04-19,Imported from miazia 2018 (Ethiopian) collection sheet
b14c309f-444c-515c-b47c-fe57fab52624,e4ccf2e5-774e-5b15-99a6-973a2b66f4ce,,8469f799-0d87-44b4-84e9-b18f6a443ba3,share_purchase,1000,2026-04-19,Imported from miazia 2018 (Ethiopian) collection sheet
47044d41-0388-5638-abee-f1259117db52,bdd7c207-732a-5bb1-b133-60543d8c7d92,,8469f799-0d87-44b4-84e9-b18f6a443ba3,savings_deposit,1000,2026-04-19,Imported from miazia 2018 (Ethiopian) collection sheet
ba0297ab-281d-5c79-abf1-6dd532f77bc0,bdd7c207-732a-5bb1-b133-60543d8c7d92,,8469f799-0d87-44b4-84e9-b18f6a443ba3,share_purchase,2000,2026-04-19,Imported from miazia 2018 (Ethiopian) collection sheet
9c7737d0-d782-51c1-a4a3-0e0d54c80305,24c594aa-4181-5c0b-a5b7-45ff7c3fa3b0,,8469f799-0d87-44b4-84e9-b18f6a443ba3,savings_deposit,500,2026-04-19,Imported from miazia 2018 (Ethiopian) collection sheet
857706a2-49ef-5f86-b7f1-4bca74134876,24c594aa-4181-5c0b-a5b7-45ff7c3fa3b0,,8469f799-0d87-44b4-84e9-b18f6a443ba3,share_purchase,500,2026-04-19,Imported from miazia 2018 (Ethiopian) collection sheet
cf6a26b9-23c7-5f1a-b3a1-88ab01ebe18d,fa0798ba-fbda-57b6-910d-6ce545d807cb,,8469f799-0d87-44b4-84e9-b18f6a443ba3,savings_deposit,1000,2026-04-19,Imported from miazia 2018 (Ethiopian) collection sheet
9d9c2d97-41aa-5df8-9f80-af3de099de98,fa0798ba-fbda-57b6-910d-6ce545d807cb,,8469f799-0d87-44b4-84e9-b18f6a443ba3,share_purchase,1000,2026-04-19,Imported from miazia 2018 (Ethiopian) collection sheet
ea058172-9bcf-57c8-ae1d-ef8b5bb27878,44494d4f-dbca-596d-ba04-7f0bf8264cef,,8469f799-0d87-44b4-84e9-b18f6a443ba3,savings_deposit,1000,2026-04-19,Imported from miazia 2018 (Ethiopian) collection sheet
a386da22-f37a-58a0-b534-9efd153feabf,44494d4f-dbca-596d-ba04-7f0bf8264cef,,8469f799-0d87-44b4-84e9-b18f6a443ba3,share_purchase,2000,2026-04-19,Imported from miazia 2018 (Ethiopian) collection sheet
1af4531e-f5a1-5a94-b7e5-d8e2604bb6a8,affc511e-8b76-57f4-9a6f-c2717513f00e,,8469f799-0d87-44b4-84e9-b18f6a443ba3,savings_deposit,500,2026-04-19,Imported from miazia 2018 (Ethiopian) collection sheet
3fc8bb2f-e55b-53c1-8a98-6af47eda8284,bec2830f-deee-5041-8c34-59d519198cc5,,8469f799-0d87-44b4-84e9-b18f6a443ba3,savings_deposit,500,2026-04-19,Imported from miazia 2018 (Ethiopian) collection sheet
82c4a989-48eb-5cd5-9406-235804ad6512,724b2186-00c5-596f-8fcf-f163b5e7b692,,8469f799-0d87-44b4-84e9-b18f6a443ba3,savings_deposit,500,2026-04-19,Imported from miazia 2018 (Ethiopian) collection sheet
c7529553-9cb3-5d95-b98f-fae5ab2f1434,cb63cdfa-da1f-5520-ab57-db6d7c17cb52,,8469f799-0d87-44b4-84e9-b18f6a443ba3,savings_deposit,500,2026-04-19,Imported from miazia 2018 (Ethiopian) collection sheet
1006b871-d642-5633-a7c7-2a5bf852a666,93877516-e6ab-5857-8ecf-88ad98cb9ebd,,8469f799-0d87-44b4-84e9-b18f6a443ba3,savings_deposit,500,2026-04-19,Imported from miazia 2018 (Ethiopian) collection sheet
7a393514-9679-5e35-9ba2-3c425059dd5f,2d2ae0dc-2a31-5b87-a4f2-b58ccb827786,,8469f799-0d87-44b4-84e9-b18f6a443ba3,savings_deposit,1000,2026-04-19,Imported from miazia 2018 (Ethiopian) collection sheet
fe9d347d-0ac7-55e0-83c7-e8598a397e6e,2d2ae0dc-2a31-5b87-a4f2-b58ccb827786,,8469f799-0d87-44b4-84e9-b18f6a443ba3,share_purchase,2000,2026-04-19,Imported from miazia 2018 (Ethiopian) collection sheet
774497fb-ab32-55cc-b797-7453b9e231b0,e216199c-f2ce-54a1-a11d-f2e82a55208b,,8469f799-0d87-44b4-84e9-b18f6a443ba3,savings_deposit,300,2026-04-19,Imported from miazia 2018 (Ethiopian) collection sheet
fc8134d7-ce57-54da-b5b8-6c3c552dbe6d,e216199c-f2ce-54a1-a11d-f2e82a55208b,,8469f799-0d87-44b4-84e9-b18f6a443ba3,share_purchase,1000,2026-04-19,Imported from miazia 2018 (Ethiopian) collection sheet
f826c403-b215-5151-b93e-f3e30e094985,a7ccd65e-6270-5b5e-8479-48f8636eeb86,,8469f799-0d87-44b4-84e9-b18f6a443ba3,savings_deposit,1950,2026-04-19,Imported from miazia 2018 (Ethiopian) collection sheet
e0e34eb9-ae62-5a9d-9489-a3dd7e67943f,a7ccd65e-6270-5b5e-8479-48f8636eeb86,,8469f799-0d87-44b4-84e9-b18f6a443ba3,penalty_payment,50,2026-04-19,Imported from miazia 2018 (Ethiopian) collection sheet
6542d523-2810-5078-9151-d2ac053299fc,3df735ff-5508-55ef-b7cc-a84d6fc248fd,,8469f799-0d87-44b4-84e9-b18f6a443ba3,savings_deposit,1000,2026-04-19,Imported from miazia 2018 (Ethiopian) collection sheet
bffba264-0d7a-5111-b27f-3ef6e64b9059,3df735ff-5508-55ef-b7cc-a84d6fc248fd,,8469f799-0d87-44b4-84e9-b18f6a443ba3,share_purchase,2000,2026-04-19,Imported from miazia 2018 (Ethiopian) collection sheet
6fcf929e-0acd-53ca-b9e0-d9e5458cf78f,738df8f8-ea60-5f98-bcf8-7afbe58e00d8,,8469f799-0d87-44b4-84e9-b18f6a443ba3,savings_deposit,500,2026-04-19,Imported from miazia 2018 (Ethiopian) collection sheet
2461d2bd-c740-5bbd-823d-862c288f972b,abb99ed7-0b31-59eb-85f1-e1e2d9f77a9f,,8469f799-0d87-44b4-84e9-b18f6a443ba3,savings_deposit,500,2026-04-19,Imported from miazia 2018 (Ethiopian) collection sheet
3c98549e-c57d-5f8a-8eb0-43102644da5c,abb99ed7-0b31-59eb-85f1-e1e2d9f77a9f,,8469f799-0d87-44b4-84e9-b18f6a443ba3,share_purchase,1000,2026-04-19,Imported from miazia 2018 (Ethiopian) collection sheet
7dcbd68d-9d1a-524e-bf05-78ab6bd3e12d,2a7b383f-8231-5fd6-b410-12931339fefc,,8469f799-0d87-44b4-84e9-b18f6a443ba3,savings_deposit,1000,2026-04-19,Imported from miazia 2018 (Ethiopian) collection sheet
b3258eed-a32c-5dee-92eb-0c54e5244c3e,2a7b383f-8231-5fd6-b410-12931339fefc,,8469f799-0d87-44b4-84e9-b18f6a443ba3,share_purchase,1000,2026-04-19,Imported from miazia 2018 (Ethiopian) collection sheet
2246fe82-ccd9-5774-b0b4-6f934196dec1,2a7b383f-8231-5fd6-b410-12931339fefc,,8469f799-0d87-44b4-84e9-b18f6a443ba3,registration_fee,400,2026-04-19,Imported from miazia 2018 (Ethiopian) collection sheet
4b1b340a-e5d5-5805-a41b-1b5afa36165a,2a7b383f-8231-5fd6-b410-12931339fefc,,8469f799-0d87-44b4-84e9-b18f6a443ba3,card_fee,150,2026-04-19,Imported from miazia 2018 (Ethiopian) collection sheet
75ca9e95-874a-5b28-8003-de199dee7dd0,807ca310-6e27-5fb2-9afb-11928bb73bff,,8469f799-0d87-44b4-84e9-b18f6a443ba3,savings_deposit,1450,2026-04-19,Imported from miazia 2018 (Ethiopian) collection sheet
141b9e07-9b03-51f8-8f55-daa2750c134d,807ca310-6e27-5fb2-9afb-11928bb73bff,,8469f799-0d87-44b4-84e9-b18f6a443ba3,share_purchase,8000,2026-04-19,Imported from miazia 2018 (Ethiopian) collection sheet
3281d339-d2e2-548c-9918-51614af655c3,807ca310-6e27-5fb2-9afb-11928bb73bff,,8469f799-0d87-44b4-84e9-b18f6a443ba3,registration_fee,400,2026-04-19,Imported from miazia 2018 (Ethiopian) collection sheet
010bf75b-37cf-5ecd-82b8-3defed9d7446,807ca310-6e27-5fb2-9afb-11928bb73bff,,8469f799-0d87-44b4-84e9-b18f6a443ba3,card_fee,150,2026-04-19,Imported from miazia 2018 (Ethiopian) collection sheet
f5707483-d556-5378-b6ab-4901777e1223,d0acd2bc-66f6-52d7-bebf-e196efeefc68,,8469f799-0d87-44b4-84e9-b18f6a443ba3,savings_deposit,1000,2026-04-19,Imported from miazia 2018 (Ethiopian) collection sheet
3365e864-bd67-5cb8-9d35-752b2c09981b,d0acd2bc-66f6-52d7-bebf-e196efeefc68,,8469f799-0d87-44b4-84e9-b18f6a443ba3,share_purchase,2500,2026-04-19,Imported from miazia 2018 (Ethiopian) collection sheet
988320e7-8815-5cc2-946f-8648ee68a2bd,d0acd2bc-66f6-52d7-bebf-e196efeefc68,,8469f799-0d87-44b4-84e9-b18f6a443ba3,registration_fee,400,2026-04-19,Imported from miazia 2018 (Ethiopian) collection sheet
e567293e-ba69-5410-8507-164d44b8b90b,d0acd2bc-66f6-52d7-bebf-e196efeefc68,,8469f799-0d87-44b4-84e9-b18f6a443ba3,card_fee,150,2026-04-19,Imported from miazia 2018 (Ethiopian) collection sheet
b18e89fb-2fdc-5c0d-9fb1-d18eeb1182e8,269bee2a-93e6-5eaa-a322-25124135a6ad,,8469f799-0d87-44b4-84e9-b18f6a443ba3,savings_deposit,1000,2026-04-19,Imported from miazia 2018 (Ethiopian) collection sheet
8fede531-5fa2-5719-b113-c6319cf62713,269bee2a-93e6-5eaa-a322-25124135a6ad,,8469f799-0d87-44b4-84e9-b18f6a443ba3,share_purchase,2500,2026-04-19,Imported from miazia 2018 (Ethiopian) collection sheet
824fe9df-142f-515c-89bb-f8bda75babf6,269bee2a-93e6-5eaa-a322-25124135a6ad,,8469f799-0d87-44b4-84e9-b18f6a443ba3,registration_fee,400,2026-04-19,Imported from miazia 2018 (Ethiopian) collection sheet
139017ba-fd0e-5c76-9ed0-ad9c59aea978,269bee2a-93e6-5eaa-a322-25124135a6ad,,8469f799-0d87-44b4-84e9-b18f6a443ba3,card_fee,150,2026-04-19,Imported from miazia 2018 (Ethiopian) collection sheet
a5edd9f6-40b3-5545-84c5-e0ccea27fd94,b56dc347-8878-551f-84b4-49aeda4d1f3f,,8469f799-0d87-44b4-84e9-b18f6a443ba3,savings_deposit,950,2026-04-19,Imported from miazia 2018 (Ethiopian) collection sheet
ad1e2dab-d8fe-5ed2-aa0c-c7a31263eb3c,b56dc347-8878-551f-84b4-49aeda4d1f3f,,8469f799-0d87-44b4-84e9-b18f6a443ba3,share_purchase,21000,2026-04-19,Imported from miazia 2018 (Ethiopian) collection sheet
20c14703-a83c-5a47-8129-b4f27f9a83cb,b56dc347-8878-551f-84b4-49aeda4d1f3f,,8469f799-0d87-44b4-84e9-b18f6a443ba3,registration_fee,400,2026-04-19,Imported from miazia 2018 (Ethiopian) collection sheet
e2b1f5ab-a55e-5c96-8d9d-93dca2660d37,b56dc347-8878-551f-84b4-49aeda4d1f3f,,8469f799-0d87-44b4-84e9-b18f6a443ba3,card_fee,150,2026-04-19,Imported from miazia 2018 (Ethiopian) collection sheet
15dd8050-a9e7-5def-8312-89176f94abd6,b66e05c0-f352-5485-9929-0c041809fd92,,8469f799-0d87-44b4-84e9-b18f6a443ba3,savings_deposit,950,2026-04-19,Imported from miazia 2018 (Ethiopian) collection sheet
598694e1-58a0-59ea-801b-2a266d74d1ec,b66e05c0-f352-5485-9929-0c041809fd92,,8469f799-0d87-44b4-84e9-b18f6a443ba3,share_purchase,21000,2026-04-19,Imported from miazia 2018 (Ethiopian) collection sheet
41282077-a8e1-5ee2-9fac-cdac8ab8c946,b66e05c0-f352-5485-9929-0c041809fd92,,8469f799-0d87-44b4-84e9-b18f6a443ba3,registration_fee,400,2026-04-19,Imported from miazia 2018 (Ethiopian) collection sheet
3450c2a5-4719-517e-bc81-869d65cddd5f,b66e05c0-f352-5485-9929-0c041809fd92,,8469f799-0d87-44b4-84e9-b18f6a443ba3,card_fee,150,2026-04-19,Imported from miazia 2018 (Ethiopian) collection sheet
2292fcf2-6d61-5a9d-a9e7-9e850d8ad798,e1a9c16a-40d9-5579-8ff8-5f850d010dbb,,8469f799-0d87-44b4-84e9-b18f6a443ba3,savings_deposit,450,2026-04-19,Imported from miazia 2018 (Ethiopian) collection sheet
90ab1cab-c217-5767-ad24-f9743d0dfff9,e1a9c16a-40d9-5579-8ff8-5f850d010dbb,,8469f799-0d87-44b4-84e9-b18f6a443ba3,share_purchase,1000,2026-04-19,Imported from miazia 2018 (Ethiopian) collection sheet
d8a50880-adb8-5233-a677-9abf1034ce8a,e1a9c16a-40d9-5579-8ff8-5f850d010dbb,,8469f799-0d87-44b4-84e9-b18f6a443ba3,registration_fee,400,2026-04-19,Imported from miazia 2018 (Ethiopian) collection sheet
3498be63-8ade-5833-8dd2-b8255ba9fad3,e1a9c16a-40d9-5579-8ff8-5f850d010dbb,,8469f799-0d87-44b4-84e9-b18f6a443ba3,card_fee,150,2026-04-19,Imported from miazia 2018 (Ethiopian) collection sheet
07bef402-d311-5458-bbbb-5f35af36caef,7ce9968c-0a19-5d74-9c35-820ff9e1e6e8,,8469f799-0d87-44b4-84e9-b18f6a443ba3,savings_deposit,500,2026-05-10,Imported from ginbot 2018 (Ethiopian) collection sheet
25a28e99-4fff-5d4f-a78c-a3cdf0545b36,e4827c78-8368-58d0-bf8c-92365bc84c75,,8469f799-0d87-44b4-84e9-b18f6a443ba3,savings_deposit,1000,2026-05-10,Imported from ginbot 2018 (Ethiopian) collection sheet
f6a44aaa-a4c0-539e-b42c-6d211327703a,01d7976b-a494-5020-aac0-73df2dd9e31b,,8469f799-0d87-44b4-84e9-b18f6a443ba3,savings_deposit,381,2026-05-10,Imported from ginbot 2018 (Ethiopian) collection sheet
5553091b-a643-5033-9aa1-b1fe5f9761e4,01d7976b-a494-5020-aac0-73df2dd9e31b,,8469f799-0d87-44b4-84e9-b18f6a443ba3,penalty_payment,169,2026-05-10,Imported from ginbot 2018 (Ethiopian) collection sheet
cee3fdee-4310-51d2-b189-bcf3b5ed327d,76dd954f-2718-5744-aa59-ccb1748016b4,,8469f799-0d87-44b4-84e9-b18f6a443ba3,savings_deposit,500,2026-05-10,Imported from ginbot 2018 (Ethiopian) collection sheet
f88eb115-17da-53e3-afd2-3e6f7686e98b,b4d56e1e-236f-5e82-8da0-abe9e0b93b56,,8469f799-0d87-44b4-84e9-b18f6a443ba3,savings_deposit,1500,2026-05-10,Imported from ginbot 2018 (Ethiopian) collection sheet
b2ae1413-f3d3-5aec-9cc9-a53e09fa2e40,ec993c4b-d61a-5880-9ca2-8474b057f3f6,,8469f799-0d87-44b4-84e9-b18f6a443ba3,savings_deposit,500,2026-05-10,Imported from ginbot 2018 (Ethiopian) collection sheet
5b727b48-63c1-5c8a-a7cf-5753a483de10,73beb1f6-b7bf-54aa-ab3e-eb494fdb1568,,8469f799-0d87-44b4-84e9-b18f6a443ba3,savings_deposit,2000,2026-05-10,Imported from ginbot 2018 (Ethiopian) collection sheet
7dae779b-81a4-5717-b3a8-fdf7ecdd91c6,73beb1f6-b7bf-54aa-ab3e-eb494fdb1568,,8469f799-0d87-44b4-84e9-b18f6a443ba3,share_purchase,2882,2026-05-10,Imported from ginbot 2018 (Ethiopian) collection sheet
51fdc521-ecde-5b04-acd0-aa12841f54b0,bbe40192-271f-518c-bea6-c1478fc552c2,,8469f799-0d87-44b4-84e9-b18f6a443ba3,savings_deposit,504,2026-05-10,Imported from ginbot 2018 (Ethiopian) collection sheet
0cc0991c-a48d-58c8-8983-b1d064fd5a1b,bac4fd55-4666-50ee-adee-4d2170814631,,8469f799-0d87-44b4-84e9-b18f6a443ba3,savings_deposit,2000,2026-05-10,Imported from ginbot 2018 (Ethiopian) collection sheet
cdee3647-1e5c-5009-a656-b99448ecf48b,3cb63966-4581-5528-b803-034ed796a796,,8469f799-0d87-44b4-84e9-b18f6a443ba3,savings_deposit,1500,2026-05-10,Imported from ginbot 2018 (Ethiopian) collection sheet
f29e6b0e-d377-587a-b645-9dd002bdede1,a69a3a62-171b-5523-8fbe-54e569dd29d4,,8469f799-0d87-44b4-84e9-b18f6a443ba3,savings_deposit,500,2026-05-10,Imported from ginbot 2018 (Ethiopian) collection sheet
36794143-4629-5fcd-8ff4-494f698cbaed,a7f75ced-fef8-5b0f-a28e-cd7f09043280,,8469f799-0d87-44b4-84e9-b18f6a443ba3,savings_deposit,299,2026-05-10,Imported from ginbot 2018 (Ethiopian) collection sheet
a5d46e07-9f66-593b-9bcf-1c411c17783b,b89552e4-4718-56a1-a4f8-7c84e72e0506,,8469f799-0d87-44b4-84e9-b18f6a443ba3,savings_deposit,600,2026-05-10,Imported from ginbot 2018 (Ethiopian) collection sheet
fc1ea862-4684-558a-a6cd-0d7934f35f18,6d8f0a03-bc10-579e-a58f-2ffa42fcab6f,,8469f799-0d87-44b4-84e9-b18f6a443ba3,savings_deposit,400,2026-05-10,Imported from ginbot 2018 (Ethiopian) collection sheet
71bf2c7e-bdf2-52ad-9725-1c3617665bc0,0c26b4c4-ac4c-5349-b995-958b76f2805e,,8469f799-0d87-44b4-84e9-b18f6a443ba3,savings_deposit,500,2026-05-10,Imported from ginbot 2018 (Ethiopian) collection sheet
81ac0653-2d12-5c1b-942a-b6edd3c4e5dc,501a3774-7945-502f-8519-cff3445f53cf,,8469f799-0d87-44b4-84e9-b18f6a443ba3,savings_deposit,1000,2026-05-10,Imported from ginbot 2018 (Ethiopian) collection sheet
64338c6c-7de6-528d-a49b-55ed18904363,501a3774-7945-502f-8519-cff3445f53cf,,8469f799-0d87-44b4-84e9-b18f6a443ba3,share_purchase,1000,2026-05-10,Imported from ginbot 2018 (Ethiopian) collection sheet
e7260d27-576c-5089-a56f-863b21e2dbf3,247c6df0-a05e-541c-a00a-fb077be873f7,,8469f799-0d87-44b4-84e9-b18f6a443ba3,savings_deposit,339,2026-05-10,Imported from ginbot 2018 (Ethiopian) collection sheet
5b684bf5-b676-5b0e-b815-4aeb691e41aa,d56fc296-2f16-5e5a-9004-d4ad49c5658f,,8469f799-0d87-44b4-84e9-b18f6a443ba3,savings_deposit,1000,2026-05-10,Imported from ginbot 2018 (Ethiopian) collection sheet
68a535be-1567-50d6-b18f-9d04a67041ce,5d001133-4abc-5416-8360-8277eeaead7d,,8469f799-0d87-44b4-84e9-b18f6a443ba3,savings_deposit,500,2026-05-10,Imported from ginbot 2018 (Ethiopian) collection sheet
369f4b76-db64-52d4-9aa3-e279fbf70692,abe8c6ff-419f-5b7b-9b1e-b2622924be09,,8469f799-0d87-44b4-84e9-b18f6a443ba3,savings_deposit,999,2026-05-10,Imported from ginbot 2018 (Ethiopian) collection sheet
3ef8431e-e64a-5908-b215-a68a955ddec3,e99acf91-e7a6-5999-8aed-0b4c34b2ee85,,8469f799-0d87-44b4-84e9-b18f6a443ba3,savings_deposit,400,2026-05-10,Imported from ginbot 2018 (Ethiopian) collection sheet
eb5f5dcd-8549-5005-b344-48db3078f20a,e75e482c-243f-5e13-aaac-15f1302dd157,,8469f799-0d87-44b4-84e9-b18f6a443ba3,savings_deposit,2000,2026-05-10,Imported from ginbot 2018 (Ethiopian) collection sheet
4d26539b-0ecd-5280-b1da-11edee1e9d19,7b26a460-4f89-52ff-8930-60889b3fd875,,8469f799-0d87-44b4-84e9-b18f6a443ba3,savings_deposit,2000,2026-05-10,Imported from ginbot 2018 (Ethiopian) collection sheet
341b542d-8986-5493-a4ad-9457f55691ae,3c5a6fea-e69b-5312-9684-694c1ee6ebdf,,8469f799-0d87-44b4-84e9-b18f6a443ba3,savings_deposit,692,2026-05-10,Imported from ginbot 2018 (Ethiopian) collection sheet
56266b59-645c-5e39-9904-61d843e71abb,b828959c-5bea-560a-929d-1a5594da53d8,,8469f799-0d87-44b4-84e9-b18f6a443ba3,savings_deposit,300,2026-05-10,Imported from ginbot 2018 (Ethiopian) collection sheet
1e1ec967-068a-5121-9c81-9eacde677aeb,9a84e629-b9ce-5ae9-8a74-bb63c9db97b5,,8469f799-0d87-44b4-84e9-b18f6a443ba3,savings_deposit,365,2026-05-10,Imported from ginbot 2018 (Ethiopian) collection sheet
9805b8d0-41d6-557a-9134-c4c19a4bd68f,a102851d-91d9-5d77-ab52-d018bd9be779,,8469f799-0d87-44b4-84e9-b18f6a443ba3,savings_deposit,1000,2026-05-10,Imported from ginbot 2018 (Ethiopian) collection sheet
bc729df0-55a2-5fc7-8afd-321796c50193,4b9a8348-f9f3-52df-8d17-50b8abdeaea6,,8469f799-0d87-44b4-84e9-b18f6a443ba3,savings_deposit,1000,2026-05-10,Imported from ginbot 2018 (Ethiopian) collection sheet
49e4fd7c-5ce2-5cc5-ae45-d7b5685c609a,4b9a8348-f9f3-52df-8d17-50b8abdeaea6,,8469f799-0d87-44b4-84e9-b18f6a443ba3,share_purchase,30000,2026-05-10,Imported from ginbot 2018 (Ethiopian) collection sheet
5b9489f3-0066-59ca-ba07-435c7c040df6,edf171cb-7bb8-5f91-a0e7-0f5f8fecbead,,8469f799-0d87-44b4-84e9-b18f6a443ba3,savings_deposit,500,2026-05-10,Imported from ginbot 2018 (Ethiopian) collection sheet
3ec86d7e-322b-55d4-ae51-522ca5ccb419,6e18d32a-3bc0-52b7-8bfe-a677c478fa77,,8469f799-0d87-44b4-84e9-b18f6a443ba3,savings_deposit,1000,2026-05-10,Imported from ginbot 2018 (Ethiopian) collection sheet
080f689a-9d4f-5c73-a414-5a3eb2426717,438c5624-fdbc-5263-965a-9e9da4524827,,8469f799-0d87-44b4-84e9-b18f6a443ba3,savings_deposit,300,2026-05-10,Imported from ginbot 2018 (Ethiopian) collection sheet
897733fe-fd8a-5dbb-94d8-f6bb8df3862c,3f7f10e4-ecdb-55ad-891c-4a5c430edc1f,,8469f799-0d87-44b4-84e9-b18f6a443ba3,savings_deposit,999,2026-05-10,Imported from ginbot 2018 (Ethiopian) collection sheet
6fa2bea6-7f13-59d0-a75c-b6781eda4d46,f33516c1-ea10-5e53-b29f-9f0005ba22ee,,8469f799-0d87-44b4-84e9-b18f6a443ba3,savings_deposit,300,2026-05-10,Imported from ginbot 2018 (Ethiopian) collection sheet
ac17a37d-8219-5833-9a11-78155226f497,8e67885d-ff02-5d58-a570-e235a003f3ee,,8469f799-0d87-44b4-84e9-b18f6a443ba3,savings_deposit,2000,2026-05-10,Imported from ginbot 2018 (Ethiopian) collection sheet
d1387b5c-ad5c-5e4b-a08f-e8c975e59183,8e67885d-ff02-5d58-a570-e235a003f3ee,,8469f799-0d87-44b4-84e9-b18f6a443ba3,share_purchase,500,2026-05-10,Imported from ginbot 2018 (Ethiopian) collection sheet
d23de2f9-7287-540a-a380-e8aa1715911e,d95d868a-9299-557a-8903-e93a509d3b45,,8469f799-0d87-44b4-84e9-b18f6a443ba3,savings_deposit,500,2026-05-10,Imported from ginbot 2018 (Ethiopian) collection sheet
93aa48f4-9ee6-57f4-a528-7eda6f32ace5,1d3e31ef-6836-593b-86c9-a7ed487b2815,,8469f799-0d87-44b4-84e9-b18f6a443ba3,savings_deposit,1400,2026-05-10,Imported from ginbot 2018 (Ethiopian) collection sheet
2b558786-1ff8-59b7-8500-fa33daa82da7,2903a34a-7dd7-5a18-bdc2-00f49fb2ea18,,8469f799-0d87-44b4-84e9-b18f6a443ba3,savings_deposit,500,2026-05-10,Imported from ginbot 2018 (Ethiopian) collection sheet
8cf93bee-4db3-582e-bd7a-1ba59c281960,57f27bbf-52f5-59d6-a6cd-46b8e16cf6cc,,8469f799-0d87-44b4-84e9-b18f6a443ba3,savings_deposit,999,2026-05-10,Imported from ginbot 2018 (Ethiopian) collection sheet
bc50dc33-4cef-5d88-a181-5dd67536669a,57f27bbf-52f5-59d6-a6cd-46b8e16cf6cc,,8469f799-0d87-44b4-84e9-b18f6a443ba3,share_purchase,13000,2026-05-10,Imported from ginbot 2018 (Ethiopian) collection sheet
bfa862cc-799a-536e-8fe5-1829695b004c,85b4d884-295f-5b4a-9797-d98a609456d1,,8469f799-0d87-44b4-84e9-b18f6a443ba3,savings_deposit,2000,2026-05-10,Imported from ginbot 2018 (Ethiopian) collection sheet
ea022693-317e-58d7-b36d-0f01ed825400,85b4d884-295f-5b4a-9797-d98a609456d1,,8469f799-0d87-44b4-84e9-b18f6a443ba3,share_purchase,2696,2026-05-10,Imported from ginbot 2018 (Ethiopian) collection sheet
7cc7b245-522d-5fe3-88c3-17e9015ce3da,85b4d884-295f-5b4a-9797-d98a609456d1,,8469f799-0d87-44b4-84e9-b18f6a443ba3,penalty_payment,104,2026-05-10,Imported from ginbot 2018 (Ethiopian) collection sheet
a4da89cb-0887-53a9-9f64-d7c46a719beb,7bce6fd2-030a-5f79-8ff5-8fd865b85427,,8469f799-0d87-44b4-84e9-b18f6a443ba3,savings_deposit,1000,2026-05-10,Imported from ginbot 2018 (Ethiopian) collection sheet
c20d18cc-e89a-5dce-be1a-c8ada2a1a662,7bce6fd2-030a-5f79-8ff5-8fd865b85427,,8469f799-0d87-44b4-84e9-b18f6a443ba3,penalty_payment,50,2026-05-10,Imported from ginbot 2018 (Ethiopian) collection sheet
984dcaf9-b155-5771-9a00-6d3300197819,f104d8fc-08c1-5425-af09-a40135783bf7,,8469f799-0d87-44b4-84e9-b18f6a443ba3,savings_deposit,2000,2026-05-10,Imported from ginbot 2018 (Ethiopian) collection sheet
66b7e7d6-3071-5c35-afee-7f8394981ef6,f314716f-ef2a-5bee-8da5-c08e35551753,,8469f799-0d87-44b4-84e9-b18f6a443ba3,savings_deposit,309,2026-05-10,Imported from ginbot 2018 (Ethiopian) collection sheet
5d784698-8ed2-54ca-a05b-5f379eff04d0,48f8809b-e76b-5fe0-8476-816fd1bf7a3d,,8469f799-0d87-44b4-84e9-b18f6a443ba3,savings_deposit,300,2026-05-10,Imported from ginbot 2018 (Ethiopian) collection sheet
91c57861-fcdf-542e-8d86-4a2afd4ec691,48f8809b-e76b-5fe0-8476-816fd1bf7a3d,,8469f799-0d87-44b4-84e9-b18f6a443ba3,share_purchase,500,2026-05-10,Imported from ginbot 2018 (Ethiopian) collection sheet
8d711a72-c74e-5c7a-91a5-873b03b1afdc,153d50f3-26e2-5d61-bf34-38615c211570,,8469f799-0d87-44b4-84e9-b18f6a443ba3,savings_deposit,996,2026-05-10,Imported from ginbot 2018 (Ethiopian) collection sheet
5e8dad8d-6173-5912-8508-4c3b5780af1d,e5b336ba-b0f3-55b3-8c80-2558ac0e5303,,8469f799-0d87-44b4-84e9-b18f6a443ba3,savings_deposit,2000,2026-05-10,Imported from ginbot 2018 (Ethiopian) collection sheet
bdbfd002-f665-52f1-b439-e4380a4d2895,931b0746-94f4-5576-8f61-cae6f5f4e9fb,,8469f799-0d87-44b4-84e9-b18f6a443ba3,savings_deposit,500,2026-05-10,Imported from ginbot 2018 (Ethiopian) collection sheet
6b3c6b97-e725-5633-bb57-d62be0fdb220,a3d64128-76ea-59ec-b4bc-75f491ee497a,,8469f799-0d87-44b4-84e9-b18f6a443ba3,savings_deposit,300,2026-05-10,Imported from ginbot 2018 (Ethiopian) collection sheet
777d39b6-0736-5ba1-8438-c703ec98957a,53ff7ea7-b493-5696-ac33-638e20ed23d6,,8469f799-0d87-44b4-84e9-b18f6a443ba3,savings_deposit,300,2026-05-10,Imported from ginbot 2018 (Ethiopian) collection sheet
001d55ab-3f1e-57c9-8b14-15f78de3c23b,40f55d53-b6d1-5f39-87c3-7a1f51dba41f,,8469f799-0d87-44b4-84e9-b18f6a443ba3,savings_deposit,1000,2026-05-10,Imported from ginbot 2018 (Ethiopian) collection sheet
de24b127-8a8e-58b1-ace6-2b402ffe0b27,190f76d1-882b-54af-a156-bf8336cf47bc,,8469f799-0d87-44b4-84e9-b18f6a443ba3,savings_deposit,500,2026-05-10,Imported from ginbot 2018 (Ethiopian) collection sheet
0b26630d-1f4c-5fad-b249-bfc9ab14b240,2a9148cc-142c-550b-b7ba-dc80a11f4914,,8469f799-0d87-44b4-84e9-b18f6a443ba3,savings_deposit,1000,2026-05-10,Imported from ginbot 2018 (Ethiopian) collection sheet
c3a70ae0-5773-59b2-bc1d-42ffaf85d871,063b4232-a6e8-5c72-8949-eac343337d09,,8469f799-0d87-44b4-84e9-b18f6a443ba3,savings_deposit,500,2026-05-10,Imported from ginbot 2018 (Ethiopian) collection sheet
faabfc2d-b9a1-5a48-93da-c4dbbebf1096,063b4232-a6e8-5c72-8949-eac343337d09,,8469f799-0d87-44b4-84e9-b18f6a443ba3,share_purchase,1000,2026-05-10,Imported from ginbot 2018 (Ethiopian) collection sheet
5d2b2f7c-9a81-5d92-97a7-bd14fd038b6c,e2583ea5-bea6-58c0-88f9-1dd731746ec6,,8469f799-0d87-44b4-84e9-b18f6a443ba3,savings_deposit,1000,2026-05-10,Imported from ginbot 2018 (Ethiopian) collection sheet
4561dfd6-eb42-5852-958e-19abdea83431,291b70c1-e4ab-514f-a557-232a75feb979,,8469f799-0d87-44b4-84e9-b18f6a443ba3,savings_deposit,1000,2026-05-10,Imported from ginbot 2018 (Ethiopian) collection sheet
f712d9f6-d50a-5f23-b837-7a6370037368,234ef2cd-10db-5e9f-b1a9-c0696ebce40d,,8469f799-0d87-44b4-84e9-b18f6a443ba3,savings_deposit,499,2026-05-10,Imported from ginbot 2018 (Ethiopian) collection sheet
cd86d1d2-fb47-5c19-adc5-7f152f1ca7cd,c0ec6910-d9a3-55c0-a9e2-a88a91225030,,8469f799-0d87-44b4-84e9-b18f6a443ba3,savings_deposit,300,2026-05-10,Imported from ginbot 2018 (Ethiopian) collection sheet
fbd29d56-9ef1-5d90-9c2d-e3b300bd4c4d,3061b4b5-43d6-5a2f-bc12-e65c7d0b2a07,,8469f799-0d87-44b4-84e9-b18f6a443ba3,savings_deposit,580,2026-05-10,Imported from ginbot 2018 (Ethiopian) collection sheet
a24eb76b-57dd-5d8f-9a33-5aea9329080b,46482174-29d4-5343-8060-527c13d865f2,,8469f799-0d87-44b4-84e9-b18f6a443ba3,savings_deposit,2000,2026-05-10,Imported from ginbot 2018 (Ethiopian) collection sheet
15d53d02-7174-567f-86c2-011fae8357ce,5ddc26e5-de48-59a0-83d7-94f66b9e4603,,8469f799-0d87-44b4-84e9-b18f6a443ba3,savings_deposit,2000,2026-05-10,Imported from ginbot 2018 (Ethiopian) collection sheet
a56dfa90-9596-58b1-bdd3-8fb13a30d201,f34fe5ba-00a1-513e-ba67-47de67cfb5e0,,8469f799-0d87-44b4-84e9-b18f6a443ba3,savings_deposit,313,2026-05-10,Imported from ginbot 2018 (Ethiopian) collection sheet
7b5df81b-b611-5edd-8f99-dc0a300f8eba,e56738c4-4c2f-5a94-9f05-992ceed2b0d3,,8469f799-0d87-44b4-84e9-b18f6a443ba3,savings_deposit,500,2026-05-10,Imported from ginbot 2018 (Ethiopian) collection sheet
e1dee343-282d-50ec-99a1-1cecd12f8cdd,e56738c4-4c2f-5a94-9f05-992ceed2b0d3,,8469f799-0d87-44b4-84e9-b18f6a443ba3,share_purchase,500,2026-05-10,Imported from ginbot 2018 (Ethiopian) collection sheet
5a8f76fb-69b3-52a6-bbfc-ef00a7565d8d,525ba4e9-91e9-5ad0-9f9c-8861cfbb699d,,8469f799-0d87-44b4-84e9-b18f6a443ba3,savings_deposit,800,2026-05-10,Imported from ginbot 2018 (Ethiopian) collection sheet
d4a5e852-184f-5068-b53b-8ba279b8eb20,525ba4e9-91e9-5ad0-9f9c-8861cfbb699d,,8469f799-0d87-44b4-84e9-b18f6a443ba3,penalty_payment,50,2026-05-10,Imported from ginbot 2018 (Ethiopian) collection sheet
63c176be-8710-5bb1-90f6-3913b0ff64df,5cce1f82-3f5e-5e69-920e-b32eba9c0204,,8469f799-0d87-44b4-84e9-b18f6a443ba3,savings_deposit,500,2026-05-10,Imported from ginbot 2018 (Ethiopian) collection sheet
93b3f60f-172a-5863-91b0-18694b8c3038,45af6e13-a8f4-56f2-8ef9-b73c7dd5cdd1,,8469f799-0d87-44b4-84e9-b18f6a443ba3,savings_deposit,299,2026-05-10,Imported from ginbot 2018 (Ethiopian) collection sheet
52a8d05c-245d-53a6-926b-e652f054b81b,6c1cccc7-063d-5548-96bf-c8b76b4609bc,,8469f799-0d87-44b4-84e9-b18f6a443ba3,savings_deposit,2000,2026-05-10,Imported from ginbot 2018 (Ethiopian) collection sheet
f4c53704-09ad-5b0e-ac29-220cd902a6f8,6c1cccc7-063d-5548-96bf-c8b76b4609bc,,8469f799-0d87-44b4-84e9-b18f6a443ba3,share_purchase,2000,2026-05-10,Imported from ginbot 2018 (Ethiopian) collection sheet
895ca1a4-da70-58b5-9e62-8fae4db3e538,b26cc191-dfba-5022-9572-99257f2fd021,,8469f799-0d87-44b4-84e9-b18f6a443ba3,savings_deposit,300,2026-05-10,Imported from ginbot 2018 (Ethiopian) collection sheet
16a66176-305b-5167-8821-276dcda74db1,f1f985d6-f79a-5a7e-9417-a15eac7249c0,,8469f799-0d87-44b4-84e9-b18f6a443ba3,savings_deposit,300,2026-05-10,Imported from ginbot 2018 (Ethiopian) collection sheet
a6508596-2b42-5134-a4aa-c83b2b77d8bc,fa2151db-7eef-5c30-9e07-8de3985ca350,,8469f799-0d87-44b4-84e9-b18f6a443ba3,savings_deposit,799,2026-05-10,Imported from ginbot 2018 (Ethiopian) collection sheet
b665fc59-9354-5958-b934-f60fa5125dc5,57956ee2-c849-545e-b15b-4724a8b68210,,8469f799-0d87-44b4-84e9-b18f6a443ba3,savings_deposit,300,2026-05-10,Imported from ginbot 2018 (Ethiopian) collection sheet
7680aaf7-14dd-5707-8c70-062efd7f9ec8,3d0bbb7f-ffd0-58b8-a762-659e62ff49c6,,8469f799-0d87-44b4-84e9-b18f6a443ba3,savings_deposit,299,2026-05-10,Imported from ginbot 2018 (Ethiopian) collection sheet
89bfbe8c-f81d-5b54-9e9a-43db0d16f7ba,3d0bbb7f-ffd0-58b8-a762-659e62ff49c6,,8469f799-0d87-44b4-84e9-b18f6a443ba3,share_purchase,500,2026-05-10,Imported from ginbot 2018 (Ethiopian) collection sheet
4d8ef12b-8203-5abd-a7ac-beeadf00e13c,851c52ee-df4c-5558-bf08-b4d8183abfa5,,8469f799-0d87-44b4-84e9-b18f6a443ba3,savings_deposit,916,2026-05-10,Imported from ginbot 2018 (Ethiopian) collection sheet
90a7e6ad-19a2-5389-9ccb-f50956884012,7c5ca725-9ded-56ac-b940-fac936b46282,,8469f799-0d87-44b4-84e9-b18f6a443ba3,savings_deposit,500,2026-05-10,Imported from ginbot 2018 (Ethiopian) collection sheet
0c807585-f955-5e27-ac3d-18bd018d3ca3,7c5ca725-9ded-56ac-b940-fac936b46282,,8469f799-0d87-44b4-84e9-b18f6a443ba3,penalty_payment,43,2026-05-10,Imported from ginbot 2018 (Ethiopian) collection sheet
29ccc993-71f8-549d-9151-76c86efb952d,36fd29c5-a786-5484-b733-86fbfe2c1184,,8469f799-0d87-44b4-84e9-b18f6a443ba3,savings_deposit,500,2026-05-10,Imported from ginbot 2018 (Ethiopian) collection sheet
b5770aaa-0911-5b6b-b481-aa8266bc8a10,455b7b7c-a0ec-5e51-9939-03896ecd0f48,,8469f799-0d87-44b4-84e9-b18f6a443ba3,savings_deposit,500,2026-05-10,Imported from ginbot 2018 (Ethiopian) collection sheet
70847f19-2744-5be9-b1bd-662eeb545eda,92ece406-1c58-5c89-ab67-c39497211f35,,8469f799-0d87-44b4-84e9-b18f6a443ba3,savings_deposit,1000,2026-05-10,Imported from ginbot 2018 (Ethiopian) collection sheet
f740ac16-9865-5f6a-9248-0693229a5f2d,ad62a251-c5c5-57dd-8560-f3108d7e018d,,8469f799-0d87-44b4-84e9-b18f6a443ba3,savings_deposit,950,2026-05-10,Imported from ginbot 2018 (Ethiopian) collection sheet
57229692-d2ed-5179-8457-acf5a007f2bb,ad62a251-c5c5-57dd-8560-f3108d7e018d,,8469f799-0d87-44b4-84e9-b18f6a443ba3,share_purchase,1000,2026-05-10,Imported from ginbot 2018 (Ethiopian) collection sheet
b90c2120-3d21-59b7-8ff9-19bc979f9793,ad62a251-c5c5-57dd-8560-f3108d7e018d,,8469f799-0d87-44b4-84e9-b18f6a443ba3,penalty_payment,50,2026-05-10,Imported from ginbot 2018 (Ethiopian) collection sheet
879b7721-6e34-5c3d-937e-3691e973cf5e,702a64d1-c195-57b1-a80b-b826bdb158e3,,8469f799-0d87-44b4-84e9-b18f6a443ba3,savings_deposit,578,2026-05-10,Imported from ginbot 2018 (Ethiopian) collection sheet
ca5d834e-ce37-5c3d-a096-560cf4715eef,a53169c6-8855-52ab-958f-9f12cb9a5575,,8469f799-0d87-44b4-84e9-b18f6a443ba3,savings_deposit,300,2026-05-10,Imported from ginbot 2018 (Ethiopian) collection sheet
1d309256-d847-5506-9f92-b139533135a8,b3753ad4-8917-51cb-bcf2-00be4a652cf5,,8469f799-0d87-44b4-84e9-b18f6a443ba3,savings_deposit,400,2026-05-10,Imported from ginbot 2018 (Ethiopian) collection sheet
4db27821-d8a9-5c6a-8777-78c9a5805c2e,b3753ad4-8917-51cb-bcf2-00be4a652cf5,,8469f799-0d87-44b4-84e9-b18f6a443ba3,share_purchase,200,2026-05-10,Imported from ginbot 2018 (Ethiopian) collection sheet
c5561a47-c3b4-5514-a361-8ccc56f00cf1,e80494f0-91cb-543b-a13a-cf7a4d60e8b2,,8469f799-0d87-44b4-84e9-b18f6a443ba3,savings_deposit,2000,2026-05-10,Imported from ginbot 2018 (Ethiopian) collection sheet
bc3d9349-63cf-5a54-b50e-c290c1d6605c,e80494f0-91cb-543b-a13a-cf7a4d60e8b2,,8469f799-0d87-44b4-84e9-b18f6a443ba3,share_purchase,1799,2026-05-10,Imported from ginbot 2018 (Ethiopian) collection sheet
c0e0a04b-5511-552f-9649-584b27c1e76e,29989b23-a726-57ee-a9c9-47185b8fec11,,8469f799-0d87-44b4-84e9-b18f6a443ba3,savings_deposit,500,2026-05-10,Imported from ginbot 2018 (Ethiopian) collection sheet
89135978-779c-590b-ad9a-20048469908f,0a763b72-8599-5994-a69c-29167da29bf0,,8469f799-0d87-44b4-84e9-b18f6a443ba3,savings_deposit,1000,2026-05-10,Imported from ginbot 2018 (Ethiopian) collection sheet
5e0b5eee-fca3-5631-9ee0-b01906fb6a13,0a763b72-8599-5994-a69c-29167da29bf0,,8469f799-0d87-44b4-84e9-b18f6a443ba3,penalty_payment,50,2026-05-10,Imported from ginbot 2018 (Ethiopian) collection sheet
141a05f1-d213-52f1-acac-4860a2adce4a,39b48c41-03c3-5fbf-a867-a7f46fa34122,,8469f799-0d87-44b4-84e9-b18f6a443ba3,savings_deposit,1000,2026-05-10,Imported from ginbot 2018 (Ethiopian) collection sheet
4998f8bc-e515-5130-9aa7-0a88f7ff84f1,39b48c41-03c3-5fbf-a867-a7f46fa34122,,8469f799-0d87-44b4-84e9-b18f6a443ba3,penalty_payment,50,2026-05-10,Imported from ginbot 2018 (Ethiopian) collection sheet
e2aeb958-3e0c-59d2-b692-e87841040c7d,ca334b3d-3acd-52a7-983e-ec5b0e203b72,,8469f799-0d87-44b4-84e9-b18f6a443ba3,savings_deposit,500,2026-05-10,Imported from ginbot 2018 (Ethiopian) collection sheet
eb3b799d-ae0c-571a-b61f-6c7d6fe51454,3c2609c2-54e1-5a48-9a86-1bc3e84f3051,,8469f799-0d87-44b4-84e9-b18f6a443ba3,savings_deposit,2000,2026-05-10,Imported from ginbot 2018 (Ethiopian) collection sheet
059257ce-3a1c-5fa0-ac1e-770cce6ef5e9,1a488e67-9018-5d60-b55e-10337a44cc31,,8469f799-0d87-44b4-84e9-b18f6a443ba3,savings_deposit,500,2026-05-10,Imported from ginbot 2018 (Ethiopian) collection sheet
ee1af91c-ada1-541f-942a-740af6ad9163,11f52fd5-83dc-5f81-adbc-b62c4720f4fb,,8469f799-0d87-44b4-84e9-b18f6a443ba3,savings_deposit,1100,2026-05-10,Imported from ginbot 2018 (Ethiopian) collection sheet
89f1ce85-a8d0-53b5-9ee7-90c38396d119,11f52fd5-83dc-5f81-adbc-b62c4720f4fb,,8469f799-0d87-44b4-84e9-b18f6a443ba3,penalty_payment,100,2026-05-10,Imported from ginbot 2018 (Ethiopian) collection sheet
4b12d3ee-7909-5038-bbf1-9a917a38548c,8032a0c2-dae9-57ba-86fc-1a9d80962ddf,,8469f799-0d87-44b4-84e9-b18f6a443ba3,savings_deposit,1998,2026-05-10,Imported from ginbot 2018 (Ethiopian) collection sheet
bcd273af-0f4a-5bf1-b371-2a8ea4ad3239,71f4c2a5-fe70-5477-a35d-3ffbef658197,,8469f799-0d87-44b4-84e9-b18f6a443ba3,savings_deposit,1543,2026-05-10,Imported from ginbot 2018 (Ethiopian) collection sheet
36269010-4ac9-5c82-84b9-e6562ab9ab93,f2f1058c-5d30-5571-8877-d28487edbe16,,8469f799-0d87-44b4-84e9-b18f6a443ba3,savings_deposit,982,2026-05-10,Imported from ginbot 2018 (Ethiopian) collection sheet
53889ade-0ecc-54b0-ad17-b44d9a984b5a,34dd36a5-118a-5e12-a67f-3b49d921bb51,,8469f799-0d87-44b4-84e9-b18f6a443ba3,savings_deposit,1000,2026-05-10,Imported from ginbot 2018 (Ethiopian) collection sheet
0384d19d-8a53-5741-949a-2d1f74a9f2e2,6f5c0e57-34ab-5a5f-9d91-ae406320fc26,,8469f799-0d87-44b4-84e9-b18f6a443ba3,savings_deposit,1000,2026-05-10,Imported from ginbot 2018 (Ethiopian) collection sheet
84705bb5-cb8a-5378-b47d-8b7802e8797b,8cd9b157-768a-527a-90b5-2d0d4628c94a,,8469f799-0d87-44b4-84e9-b18f6a443ba3,savings_deposit,500,2026-05-10,Imported from ginbot 2018 (Ethiopian) collection sheet
df5b0baa-24c2-5a8c-bb98-9e8ce971983a,354b4c37-2e0b-5f50-923f-75e9c0064233,,8469f799-0d87-44b4-84e9-b18f6a443ba3,savings_deposit,500,2026-05-10,Imported from ginbot 2018 (Ethiopian) collection sheet
af1dbda7-552b-5ab5-a89a-02f54a0947a1,354b4c37-2e0b-5f50-923f-75e9c0064233,,8469f799-0d87-44b4-84e9-b18f6a443ba3,share_purchase,6000,2026-05-10,Imported from ginbot 2018 (Ethiopian) collection sheet
be31942c-c75b-51b9-8559-5aa3c595b241,977128b0-a9c7-513f-8db5-812416bc280f,,8469f799-0d87-44b4-84e9-b18f6a443ba3,savings_deposit,296,2026-05-10,Imported from ginbot 2018 (Ethiopian) collection sheet
3fce8264-8b9b-5b19-ae57-b19917788858,a1f289ae-ae47-540a-9fe1-8887c6c02727,,8469f799-0d87-44b4-84e9-b18f6a443ba3,savings_deposit,300,2026-05-10,Imported from ginbot 2018 (Ethiopian) collection sheet
63f6d248-f7bc-5175-92e6-d448b2a2fee6,f4d3c897-4e25-51d1-bd31-b5266a7f6180,,8469f799-0d87-44b4-84e9-b18f6a443ba3,savings_deposit,499,2026-05-10,Imported from ginbot 2018 (Ethiopian) collection sheet
98dd7a31-43f0-5b1e-afa8-79907c59648a,cd0872ad-8f7d-5a15-b293-edc89f474de3,,8469f799-0d87-44b4-84e9-b18f6a443ba3,savings_deposit,499,2026-05-10,Imported from ginbot 2018 (Ethiopian) collection sheet
a98355ce-bf07-514a-8c55-89add062958f,2e5e1ac8-b2fe-5bd4-a1e3-f4032579bda0,,8469f799-0d87-44b4-84e9-b18f6a443ba3,savings_deposit,500,2026-05-10,Imported from ginbot 2018 (Ethiopian) collection sheet
eb3124f0-e6b6-5f23-bd68-003aecef8238,10f1f992-35ba-5068-a0f7-9f831a267ccb,,8469f799-0d87-44b4-84e9-b18f6a443ba3,savings_deposit,1000,2026-05-10,Imported from ginbot 2018 (Ethiopian) collection sheet
50075161-10df-5a6f-954b-5e8db961c4bd,051eb74f-3bea-595a-a4dc-f08b2b9bf711,,8469f799-0d87-44b4-84e9-b18f6a443ba3,savings_deposit,400,2026-05-10,Imported from ginbot 2018 (Ethiopian) collection sheet
4fa2e413-66e1-5c45-9fb6-9f9e1ae91f77,051eb74f-3bea-595a-a4dc-f08b2b9bf711,,8469f799-0d87-44b4-84e9-b18f6a443ba3,share_purchase,905,2026-05-10,Imported from ginbot 2018 (Ethiopian) collection sheet
3ead4d83-6560-5546-a1a4-a86df751cc44,4eed4f71-e460-5a5b-9916-34719987c2aa,,8469f799-0d87-44b4-84e9-b18f6a443ba3,savings_deposit,1000,2026-05-10,Imported from ginbot 2018 (Ethiopian) collection sheet
fee07a13-4c83-570d-a54c-d3913c306de3,3d152d6f-ed5b-5cce-82c4-f386a9ee0ce4,,8469f799-0d87-44b4-84e9-b18f6a443ba3,savings_deposit,330,2026-05-10,Imported from ginbot 2018 (Ethiopian) collection sheet
3b51998b-fd77-518c-af2b-2356c24838f8,54dcf52c-ffc8-508a-83e0-26063fb2621a,,8469f799-0d87-44b4-84e9-b18f6a443ba3,savings_deposit,499,2026-05-10,Imported from ginbot 2018 (Ethiopian) collection sheet
98d11d34-abd7-555f-83a8-5b58450c256a,0a09f5ef-5adc-5dbb-b71c-6ea36ec43987,,8469f799-0d87-44b4-84e9-b18f6a443ba3,savings_deposit,1950,2026-05-10,Imported from ginbot 2018 (Ethiopian) collection sheet
6f417f97-eefe-5ade-a539-cf1d13b92509,0a09f5ef-5adc-5dbb-b71c-6ea36ec43987,,8469f799-0d87-44b4-84e9-b18f6a443ba3,penalty_payment,50,2026-05-10,Imported from ginbot 2018 (Ethiopian) collection sheet
a21ceb8b-ee22-5d52-b1e1-91b36d0f8abd,2f80699b-30f8-50d9-b2c6-484d7f9dc1ec,,8469f799-0d87-44b4-84e9-b18f6a443ba3,savings_deposit,300,2026-05-10,Imported from ginbot 2018 (Ethiopian) collection sheet
3cef5ed6-04e7-509a-b381-03f074a16672,170f7791-7bf0-577c-a043-64fb779a31d9,,8469f799-0d87-44b4-84e9-b18f6a443ba3,savings_deposit,1500,2026-05-10,Imported from ginbot 2018 (Ethiopian) collection sheet
b962ae7a-9232-5ac5-964f-8550fdb4485e,beb33a9f-37f1-5872-8cb9-1e26996f8407,,8469f799-0d87-44b4-84e9-b18f6a443ba3,savings_deposit,500,2026-05-10,Imported from ginbot 2018 (Ethiopian) collection sheet
12b554c4-5c18-50ae-9d1e-54358e7f6a94,76f88045-5002-5b6e-9681-43b735316605,,8469f799-0d87-44b4-84e9-b18f6a443ba3,savings_deposit,500,2026-05-10,Imported from ginbot 2018 (Ethiopian) collection sheet
e1a83035-7121-5b34-8f54-380338ae17f8,991e35bc-30fb-5dc8-ac2b-8018c60eddb2,,8469f799-0d87-44b4-84e9-b18f6a443ba3,savings_deposit,500,2026-05-10,Imported from ginbot 2018 (Ethiopian) collection sheet
4c6444cf-bde9-5ef7-98d2-d886e89f14c8,62734299-08da-5759-bcec-2ee0c758799c,,8469f799-0d87-44b4-84e9-b18f6a443ba3,savings_deposit,301,2026-05-10,Imported from ginbot 2018 (Ethiopian) collection sheet
20bb2fc8-7edb-5d52-92b8-d01f72b2c0b0,869176ce-c515-5353-b0dd-d5925b52340d,,8469f799-0d87-44b4-84e9-b18f6a443ba3,savings_deposit,300,2026-05-10,Imported from ginbot 2018 (Ethiopian) collection sheet
5b226d71-ef7c-5cfb-800a-39bb42da26c6,1de9385b-94da-5913-8519-c4d9da1f84a0,,8469f799-0d87-44b4-84e9-b18f6a443ba3,savings_deposit,300,2026-05-10,Imported from ginbot 2018 (Ethiopian) collection sheet
cb64695b-129b-5497-bf93-4ac0822022dd,aee4b7df-f455-5168-970e-5b37cd8740d3,,8469f799-0d87-44b4-84e9-b18f6a443ba3,savings_deposit,500,2026-05-10,Imported from ginbot 2018 (Ethiopian) collection sheet
ae674e57-9770-53f7-81df-940f08fd9183,d7d27b5f-57d6-5506-9ce7-7ab56fd82b56,,8469f799-0d87-44b4-84e9-b18f6a443ba3,savings_deposit,500,2026-05-10,Imported from ginbot 2018 (Ethiopian) collection sheet
68856f0c-bbf0-5839-aa8e-7b2dd05fdc0b,3bbb05b3-76ad-58f1-891b-6777e08fe734,,8469f799-0d87-44b4-84e9-b18f6a443ba3,savings_deposit,500,2026-05-10,Imported from ginbot 2018 (Ethiopian) collection sheet
04e6ce20-f41c-50c6-8104-facd90110b55,f4772095-a982-5f67-9483-de5bd0269aa2,,8469f799-0d87-44b4-84e9-b18f6a443ba3,savings_deposit,700,2026-05-10,Imported from ginbot 2018 (Ethiopian) collection sheet
eb0154a7-39eb-57f5-88c9-655f6ca90127,b1242fc4-085a-59d9-bd25-3d53db393a95,,8469f799-0d87-44b4-84e9-b18f6a443ba3,savings_deposit,300,2026-05-10,Imported from ginbot 2018 (Ethiopian) collection sheet
ea223a82-1189-5fc6-897f-f9956028b466,73e6cb68-bbf3-5dd1-84d3-1cba1163b07f,,8469f799-0d87-44b4-84e9-b18f6a443ba3,savings_deposit,300,2026-05-10,Imported from ginbot 2018 (Ethiopian) collection sheet
de13dee2-a0bd-5f25-87e9-50703f090ac8,a4356662-e458-54c8-9ee5-b90949d068cd,,8469f799-0d87-44b4-84e9-b18f6a443ba3,savings_deposit,500,2026-05-10,Imported from ginbot 2018 (Ethiopian) collection sheet
b69ec101-992c-5d9c-9863-9568e31305aa,72a8896e-535f-58b2-9a53-39bcdd203fce,,8469f799-0d87-44b4-84e9-b18f6a443ba3,savings_deposit,300,2026-05-10,Imported from ginbot 2018 (Ethiopian) collection sheet
18fa2eec-2c45-546d-8c1e-19051d63e4b3,60c2f8aa-0358-56b0-9984-d4186f05f767,,8469f799-0d87-44b4-84e9-b18f6a443ba3,savings_deposit,460,2026-05-10,Imported from ginbot 2018 (Ethiopian) collection sheet
e1e931da-42a1-5603-9594-dfebed51bc92,cb6fbfe0-6561-5ae8-abb0-22e11f38b62b,,8469f799-0d87-44b4-84e9-b18f6a443ba3,savings_deposit,950,2026-05-10,Imported from ginbot 2018 (Ethiopian) collection sheet
bc2e99a0-a5ca-539b-997e-d4c7ee72d847,cb6fbfe0-6561-5ae8-abb0-22e11f38b62b,,8469f799-0d87-44b4-84e9-b18f6a443ba3,penalty_payment,50,2026-05-10,Imported from ginbot 2018 (Ethiopian) collection sheet
e0d21330-3961-56d8-bc36-e084c18cef2f,c25c27a2-8d3d-5fa4-99d5-1712bde7ef39,,8469f799-0d87-44b4-84e9-b18f6a443ba3,savings_deposit,149,2026-05-10,Imported from ginbot 2018 (Ethiopian) collection sheet
0cabd40e-785d-5852-bacb-41d2c738d666,1ad8f71e-4f15-52fb-8ad6-158e2ccac339,,8469f799-0d87-44b4-84e9-b18f6a443ba3,savings_deposit,500,2026-05-10,Imported from ginbot 2018 (Ethiopian) collection sheet
ee1acbfe-cf0f-5070-b1ea-4ad23871bd3b,1ad8f71e-4f15-52fb-8ad6-158e2ccac339,,8469f799-0d87-44b4-84e9-b18f6a443ba3,share_purchase,500,2026-05-10,Imported from ginbot 2018 (Ethiopian) collection sheet
583f3f2e-b4e1-580c-b6cc-c81e8fb2ca88,f76d7cab-6a2e-5d14-89da-26ccafbd3be0,,8469f799-0d87-44b4-84e9-b18f6a443ba3,savings_deposit,500,2026-05-10,Imported from ginbot 2018 (Ethiopian) collection sheet
4a7ac3d7-7be4-5961-93e4-9dea348ec247,fc4352be-369e-5598-8274-98a6cae1f207,,8469f799-0d87-44b4-84e9-b18f6a443ba3,savings_deposit,480,2026-05-10,Imported from ginbot 2018 (Ethiopian) collection sheet
bd80dfe1-c16c-5d8d-9854-ef2868159d84,c3a66182-f9eb-55b0-a3f4-fe924a4dec95,,8469f799-0d87-44b4-84e9-b18f6a443ba3,savings_deposit,500,2026-05-10,Imported from ginbot 2018 (Ethiopian) collection sheet
1d9828ff-ba6c-5f2c-b5c3-30efa3261fa2,75f95f5d-bdcc-5624-9532-315ba2d8cf68,,8469f799-0d87-44b4-84e9-b18f6a443ba3,savings_deposit,300,2026-05-10,Imported from ginbot 2018 (Ethiopian) collection sheet
f2ed757d-e2be-5333-91ae-d2196d93537f,d3faf4eb-9546-5aa9-9995-1d985500ac16,,8469f799-0d87-44b4-84e9-b18f6a443ba3,savings_deposit,500,2026-05-10,Imported from ginbot 2018 (Ethiopian) collection sheet
52e2b8ec-b5a4-5faf-a67a-0ea7a3889a81,d3faf4eb-9546-5aa9-9995-1d985500ac16,,8469f799-0d87-44b4-84e9-b18f6a443ba3,share_purchase,500,2026-05-10,Imported from ginbot 2018 (Ethiopian) collection sheet
610e039f-b11a-5b4a-887c-2061852c8959,6c8bee9a-74b1-5e90-afac-e0a6e165fcef,,8469f799-0d87-44b4-84e9-b18f6a443ba3,savings_deposit,500,2026-05-10,Imported from ginbot 2018 (Ethiopian) collection sheet
47323add-acd0-59c6-bbcd-3175eda86276,6c8bee9a-74b1-5e90-afac-e0a6e165fcef,,8469f799-0d87-44b4-84e9-b18f6a443ba3,share_purchase,1500,2026-05-10,Imported from ginbot 2018 (Ethiopian) collection sheet
6d0fc7e2-5876-5cf8-9d10-36002252bf88,53198375-0834-5854-95d3-f14812d02e9f,,8469f799-0d87-44b4-84e9-b18f6a443ba3,savings_deposit,1000,2026-05-10,Imported from ginbot 2018 (Ethiopian) collection sheet
304ab667-1471-5673-a2df-0b3148410b06,53198375-0834-5854-95d3-f14812d02e9f,,8469f799-0d87-44b4-84e9-b18f6a443ba3,share_purchase,1000,2026-05-10,Imported from ginbot 2018 (Ethiopian) collection sheet
2c0f83bc-e497-5763-8319-11ce25aa03c0,653a7e72-171e-5a5b-a8bc-a744f16e7542,,8469f799-0d87-44b4-84e9-b18f6a443ba3,savings_deposit,2000,2026-05-10,Imported from ginbot 2018 (Ethiopian) collection sheet
204dca2b-85e2-50c8-b5d5-cfe87740fd2a,439dca62-e8ee-5687-96ba-ed76048724b5,,8469f799-0d87-44b4-84e9-b18f6a443ba3,savings_deposit,500,2026-05-10,Imported from ginbot 2018 (Ethiopian) collection sheet
8fd5c3ae-272c-5f38-b41d-927be40d70ba,9bcb279d-1071-5ff0-aae5-53ea184ce725,,8469f799-0d87-44b4-84e9-b18f6a443ba3,savings_deposit,515,2026-05-10,Imported from ginbot 2018 (Ethiopian) collection sheet
e2b28627-2ec5-52ff-bfc5-0d0394608b8c,fdf165ea-a6ad-5b9a-a7ed-146969ee7817,,8469f799-0d87-44b4-84e9-b18f6a443ba3,savings_deposit,500,2026-05-10,Imported from ginbot 2018 (Ethiopian) collection sheet
e86f7d24-2b61-557d-b45e-243f796e802a,319312c6-6801-528d-b138-81bcf7aba92e,,8469f799-0d87-44b4-84e9-b18f6a443ba3,savings_deposit,482,2026-05-10,Imported from ginbot 2018 (Ethiopian) collection sheet
60fe3379-0295-55c4-8a22-ff9b8a276f98,c5281824-d45c-5e75-baa4-aa7ba6b9b4eb,,8469f799-0d87-44b4-84e9-b18f6a443ba3,savings_deposit,139,2026-05-10,Imported from ginbot 2018 (Ethiopian) collection sheet
52e95c76-b14f-5539-93b4-97ce010c5526,c5281824-d45c-5e75-baa4-aa7ba6b9b4eb,,8469f799-0d87-44b4-84e9-b18f6a443ba3,penalty_payment,161,2026-05-10,Imported from ginbot 2018 (Ethiopian) collection sheet
b725cc47-a13f-55ef-9c4c-f55aa01f2fab,c4233303-1584-59c8-aeac-bf513bb11394,,8469f799-0d87-44b4-84e9-b18f6a443ba3,penalty_payment,333,2026-05-10,Imported from ginbot 2018 (Ethiopian) collection sheet
bdaeedf0-40cf-5cdc-81e3-21e9677d2a2c,0bc38e75-0d03-50eb-9d02-a102d730494c,,8469f799-0d87-44b4-84e9-b18f6a443ba3,savings_deposit,1157,2026-05-10,Imported from ginbot 2018 (Ethiopian) collection sheet
a6a2b0f8-1733-5229-b1e8-723b9fd8ed24,0bc38e75-0d03-50eb-9d02-a102d730494c,,8469f799-0d87-44b4-84e9-b18f6a443ba3,share_purchase,1000,2026-05-10,Imported from ginbot 2018 (Ethiopian) collection sheet
f109799e-40c3-571f-b288-06e6ff2fa769,a771f0ce-7daf-5dc3-8fdf-a04e8fe108cc,,8469f799-0d87-44b4-84e9-b18f6a443ba3,savings_deposit,500,2026-05-10,Imported from ginbot 2018 (Ethiopian) collection sheet
75aa7698-08da-54e1-a31d-011571919037,fdaaa5b7-6f56-5f9a-8cb6-1134927a1df1,,8469f799-0d87-44b4-84e9-b18f6a443ba3,savings_deposit,500,2026-05-10,Imported from ginbot 2018 (Ethiopian) collection sheet
bfcc5795-8021-5d0d-a760-f7c3fc017f04,dc05a34e-7603-5430-8644-1006b5eb9ce8,,8469f799-0d87-44b4-84e9-b18f6a443ba3,savings_deposit,1500,2026-05-10,Imported from ginbot 2018 (Ethiopian) collection sheet
8baa6c6d-6142-56ba-85f8-f87f3a758982,1312a235-bded-5cc9-9115-fbe26eb8d4ff,,8469f799-0d87-44b4-84e9-b18f6a443ba3,savings_deposit,300,2026-05-10,Imported from ginbot 2018 (Ethiopian) collection sheet
e98e3809-51c1-5ffb-89ae-000b391e6eac,00504940-bbb4-52dd-9bed-81b31d16e60c,,8469f799-0d87-44b4-84e9-b18f6a443ba3,savings_deposit,300,2026-05-10,Imported from ginbot 2018 (Ethiopian) collection sheet
78fbc045-0b0b-5ec4-9033-58e21d0c5194,4c1c461a-ae9f-5b76-980a-956c802b4225,,8469f799-0d87-44b4-84e9-b18f6a443ba3,savings_deposit,300,2026-05-10,Imported from ginbot 2018 (Ethiopian) collection sheet
23ebec44-eded-52a9-be27-faf7ac7a0c22,5b09d4aa-c1b0-512a-a1dc-de6bb23c0fa2,,8469f799-0d87-44b4-84e9-b18f6a443ba3,savings_deposit,514,2026-05-10,Imported from ginbot 2018 (Ethiopian) collection sheet
9e72bd9b-e84d-53ce-a061-fa7fbb1fa1b7,7de65b59-a390-528f-9574-24528382dc93,,8469f799-0d87-44b4-84e9-b18f6a443ba3,savings_deposit,500,2026-05-10,Imported from ginbot 2018 (Ethiopian) collection sheet
e40b88ca-dd8a-566b-ac4c-34fd3a24f5ed,094105d3-95fc-5ef8-9498-a9da1f7bd987,,8469f799-0d87-44b4-84e9-b18f6a443ba3,savings_deposit,500,2026-05-10,Imported from ginbot 2018 (Ethiopian) collection sheet
4b92eca0-e6c6-5bc5-8bef-d4da644efb43,6c7e695e-1c69-5ba8-8e86-11220259cea5,,8469f799-0d87-44b4-84e9-b18f6a443ba3,savings_deposit,2000,2026-05-10,Imported from ginbot 2018 (Ethiopian) collection sheet
139430f3-44c4-5445-906a-58a0e2d3aa23,6c7e695e-1c69-5ba8-8e86-11220259cea5,,8469f799-0d87-44b4-84e9-b18f6a443ba3,share_purchase,1582,2026-05-10,Imported from ginbot 2018 (Ethiopian) collection sheet
22c05d43-16cd-5d67-af1d-aba0a86c8ac1,640b242e-d25d-5d03-ac35-6d4ada4340a4,,8469f799-0d87-44b4-84e9-b18f6a443ba3,savings_deposit,500,2026-05-10,Imported from ginbot 2018 (Ethiopian) collection sheet
72a4c24b-4ae6-5771-830b-ed97eecd1b3a,640b242e-d25d-5d03-ac35-6d4ada4340a4,,8469f799-0d87-44b4-84e9-b18f6a443ba3,share_purchase,500,2026-05-10,Imported from ginbot 2018 (Ethiopian) collection sheet
4d6006df-7772-57fd-a9ed-47a5e5b1b5e0,b6399dcf-1caa-5da3-bb09-d4f79922e2ed,,8469f799-0d87-44b4-84e9-b18f6a443ba3,savings_deposit,500,2026-05-10,Imported from ginbot 2018 (Ethiopian) collection sheet
fc8a2096-0281-5cc2-85ff-40f62b1ebb79,fcee7f90-a4ed-5bb4-bc0a-7f04623c694a,,8469f799-0d87-44b4-84e9-b18f6a443ba3,savings_deposit,500,2026-05-10,Imported from ginbot 2018 (Ethiopian) collection sheet
04a9d428-99f8-5d4f-b923-e00e644de1a5,fcee7f90-a4ed-5bb4-bc0a-7f04623c694a,,8469f799-0d87-44b4-84e9-b18f6a443ba3,share_purchase,5000,2026-05-10,Imported from ginbot 2018 (Ethiopian) collection sheet
284f71a3-e122-57bc-85df-a014118afb74,980a1405-2a66-53ba-b246-90cc1bcd9824,,8469f799-0d87-44b4-84e9-b18f6a443ba3,savings_deposit,500,2026-05-10,Imported from ginbot 2018 (Ethiopian) collection sheet
973b7c36-b8b8-5895-981d-05022b8b003b,ae5e0f27-63ff-5cfe-b320-5839eccb0f39,,8469f799-0d87-44b4-84e9-b18f6a443ba3,savings_deposit,500,2026-05-10,Imported from ginbot 2018 (Ethiopian) collection sheet
1a5c565e-66d2-5dae-8f08-b88409083854,ae5e0f27-63ff-5cfe-b320-5839eccb0f39,,8469f799-0d87-44b4-84e9-b18f6a443ba3,share_purchase,1000,2026-05-10,Imported from ginbot 2018 (Ethiopian) collection sheet
eefb7937-c1d4-56f5-9991-06f7699defaa,ef277d2b-5aa9-5a2b-aa4a-b0a2d5730154,,8469f799-0d87-44b4-84e9-b18f6a443ba3,savings_deposit,1000,2026-05-10,Imported from ginbot 2018 (Ethiopian) collection sheet
447d8768-45ff-59eb-8a7d-b8f4ef038b67,ef277d2b-5aa9-5a2b-aa4a-b0a2d5730154,,8469f799-0d87-44b4-84e9-b18f6a443ba3,share_purchase,3000,2026-05-10,Imported from ginbot 2018 (Ethiopian) collection sheet
1d33baaf-c69a-53b3-9adf-30efe8cb800e,ef277d2b-5aa9-5a2b-aa4a-b0a2d5730154,,8469f799-0d87-44b4-84e9-b18f6a443ba3,penalty_payment,50,2026-05-10,Imported from ginbot 2018 (Ethiopian) collection sheet
ef3ff94b-822e-5bde-a664-16d05bd0b386,f21a7119-21e1-5886-a094-aeef9ea90120,,8469f799-0d87-44b4-84e9-b18f6a443ba3,savings_deposit,769,2026-05-10,Imported from ginbot 2018 (Ethiopian) collection sheet
d0bd35b1-a2a5-5197-a9b3-cc8e13fc49ec,286ecb3c-8211-53a0-97be-24e354b06a1d,,8469f799-0d87-44b4-84e9-b18f6a443ba3,savings_deposit,500,2026-05-10,Imported from ginbot 2018 (Ethiopian) collection sheet
a5959313-093d-5d20-b500-1edea92f66ed,ddc514dd-8a84-5b7e-a501-88fdbfec0106,,8469f799-0d87-44b4-84e9-b18f6a443ba3,savings_deposit,1000,2026-05-10,Imported from ginbot 2018 (Ethiopian) collection sheet
70a33fe2-f052-53ce-8214-46a8d85701b4,ddc514dd-8a84-5b7e-a501-88fdbfec0106,,8469f799-0d87-44b4-84e9-b18f6a443ba3,share_purchase,1000,2026-05-10,Imported from ginbot 2018 (Ethiopian) collection sheet
551053fb-4b95-5b1b-a741-00b80fa034b2,737a8d1b-4900-52ab-a075-9e94a6135e5a,,8469f799-0d87-44b4-84e9-b18f6a443ba3,savings_deposit,1049,2026-05-10,Imported from ginbot 2018 (Ethiopian) collection sheet
f49f21f7-34aa-5404-a298-af1fd06e8733,22d76f64-4d03-57bd-9591-22362b1ef93d,,8469f799-0d87-44b4-84e9-b18f6a443ba3,savings_deposit,500,2026-05-10,Imported from ginbot 2018 (Ethiopian) collection sheet
f81c9948-260d-5ea1-a26c-6e4f0806f743,f20f195e-d014-50ac-891d-111561cc1b23,,8469f799-0d87-44b4-84e9-b18f6a443ba3,savings_deposit,500,2026-05-10,Imported from ginbot 2018 (Ethiopian) collection sheet
a9fe8ca2-33c9-56e3-b0a0-08d2f3c827c0,d82e3094-7b6c-5331-b605-63ab2e240d21,,8469f799-0d87-44b4-84e9-b18f6a443ba3,savings_deposit,500,2026-05-10,Imported from ginbot 2018 (Ethiopian) collection sheet
8ae4101f-c522-5b8a-a182-00d4eceff310,d82e3094-7b6c-5331-b605-63ab2e240d21,,8469f799-0d87-44b4-84e9-b18f6a443ba3,share_purchase,500,2026-05-10,Imported from ginbot 2018 (Ethiopian) collection sheet
1b72f7f3-42e9-52f7-aa13-35df5c17d57e,85a64810-64c3-58ca-86e7-eb62fc6c2060,,8469f799-0d87-44b4-84e9-b18f6a443ba3,penalty_payment,158,2026-05-10,Imported from ginbot 2018 (Ethiopian) collection sheet
627a2a30-b17b-5bf8-9998-5af3c830fa37,7985d6cf-d3d7-54e1-934e-55ea3e0244e1,,8469f799-0d87-44b4-84e9-b18f6a443ba3,savings_deposit,619,2026-05-10,Imported from ginbot 2018 (Ethiopian) collection sheet
35c061de-057e-573e-89ad-6ad6d69f8d8a,2026c4da-1714-521d-8595-16301af3fd86,,8469f799-0d87-44b4-84e9-b18f6a443ba3,savings_deposit,500,2026-05-10,Imported from ginbot 2018 (Ethiopian) collection sheet
1d01cc67-d55b-5dd7-92f9-6e29db4d13ab,48348d28-35b4-5a0c-b871-86b6516eadc9,,8469f799-0d87-44b4-84e9-b18f6a443ba3,savings_deposit,1000,2026-05-10,Imported from ginbot 2018 (Ethiopian) collection sheet
98b7c91d-7fdc-5269-8c47-287d682e5e0e,2cb9dc21-141f-5c94-a3a2-53c9146b95d9,,8469f799-0d87-44b4-84e9-b18f6a443ba3,savings_deposit,1999,2026-05-10,Imported from ginbot 2018 (Ethiopian) collection sheet
5aa204f6-fb70-57d6-a848-27a7b235653f,d2aa5e5c-dcdc-5a92-a779-db8c38bcc089,,8469f799-0d87-44b4-84e9-b18f6a443ba3,penalty_payment,298,2026-05-10,Imported from ginbot 2018 (Ethiopian) collection sheet
e51d8d64-a8ad-5e09-8fd8-352475ef6a6e,b32fac1a-aa87-568b-b93b-e5763112b61d,,8469f799-0d87-44b4-84e9-b18f6a443ba3,savings_deposit,520,2026-05-10,Imported from ginbot 2018 (Ethiopian) collection sheet
8c95e3d1-0e47-5417-83f2-53393e1d9d71,414b6ffc-f127-5a64-9f70-c41106f36639,,8469f799-0d87-44b4-84e9-b18f6a443ba3,savings_deposit,1000,2026-05-10,Imported from ginbot 2018 (Ethiopian) collection sheet
fbe50b48-f5bd-5b09-8c4e-4b0367f47a83,049218fa-9e5a-5b66-b2bd-8b33630b5130,,8469f799-0d87-44b4-84e9-b18f6a443ba3,savings_deposit,519,2026-05-10,Imported from ginbot 2018 (Ethiopian) collection sheet
d791eff2-f8e9-53eb-a3c0-6400e60904de,35fdeddd-15b6-5e4f-ae4d-0470a098c6bb,,8469f799-0d87-44b4-84e9-b18f6a443ba3,savings_deposit,300,2026-05-10,Imported from ginbot 2018 (Ethiopian) collection sheet
837c6ab8-d011-5e7b-bbb4-201626112975,51987227-8d50-5cc6-b629-42d0dc1ec837,,8469f799-0d87-44b4-84e9-b18f6a443ba3,savings_deposit,1000,2026-05-10,Imported from ginbot 2018 (Ethiopian) collection sheet
2f48fcc4-4806-529e-9edf-34803d4910b1,643e30d9-af60-5c78-a1d6-74388a9af0f9,,8469f799-0d87-44b4-84e9-b18f6a443ba3,savings_deposit,1000,2026-05-10,Imported from ginbot 2018 (Ethiopian) collection sheet
ebcfcef8-babb-5032-a71d-a50648145a08,643e30d9-af60-5c78-a1d6-74388a9af0f9,,8469f799-0d87-44b4-84e9-b18f6a443ba3,share_purchase,1000,2026-05-10,Imported from ginbot 2018 (Ethiopian) collection sheet
b6489e57-4ff0-5fe3-8090-05acf492891c,ee30f5a8-ebf0-571f-8963-210de6efc8b0,,8469f799-0d87-44b4-84e9-b18f6a443ba3,savings_deposit,255,2026-05-10,Imported from ginbot 2018 (Ethiopian) collection sheet
324cf2eb-94a7-5892-afb3-2c1420db1f37,ee30f5a8-ebf0-571f-8963-210de6efc8b0,,8469f799-0d87-44b4-84e9-b18f6a443ba3,penalty_payment,137,2026-05-10,Imported from ginbot 2018 (Ethiopian) collection sheet
3417e65c-b83b-5538-9f83-e21ca47b28c0,f88d8e5f-0ed1-5e58-bdfc-8df9e93c0195,,8469f799-0d87-44b4-84e9-b18f6a443ba3,savings_deposit,1000,2026-05-10,Imported from ginbot 2018 (Ethiopian) collection sheet
6479edac-d54d-5fc6-86d0-5c4842c29694,f88d8e5f-0ed1-5e58-bdfc-8df9e93c0195,,8469f799-0d87-44b4-84e9-b18f6a443ba3,share_purchase,1000,2026-05-10,Imported from ginbot 2018 (Ethiopian) collection sheet
4435e5c7-aa81-5bbd-9b43-81ebeb11c0b1,7e79d9ef-cc12-51b8-8044-3ca5e1e3d377,,8469f799-0d87-44b4-84e9-b18f6a443ba3,savings_deposit,1000,2026-05-10,Imported from ginbot 2018 (Ethiopian) collection sheet
cf024c85-c5c1-5953-a1cd-52d40606a7b6,a31db2ec-9d4a-5d1a-b551-cc423673ea8a,,8469f799-0d87-44b4-84e9-b18f6a443ba3,savings_deposit,500,2026-05-10,Imported from ginbot 2018 (Ethiopian) collection sheet
e00e7f99-6509-5bd0-98f6-8f0e2c04d9cc,a31db2ec-9d4a-5d1a-b551-cc423673ea8a,,8469f799-0d87-44b4-84e9-b18f6a443ba3,share_purchase,4000,2026-05-10,Imported from ginbot 2018 (Ethiopian) collection sheet
8ce40ee4-2e54-5727-b4b6-afc90aec1f79,7b0770a8-2173-5070-80f4-3cc171ab8378,,8469f799-0d87-44b4-84e9-b18f6a443ba3,savings_deposit,1000,2026-05-10,Imported from ginbot 2018 (Ethiopian) collection sheet
a98e10e2-5aee-5866-b345-4009baed19c6,7b0770a8-2173-5070-80f4-3cc171ab8378,,8469f799-0d87-44b4-84e9-b18f6a443ba3,share_purchase,4000,2026-05-10,Imported from ginbot 2018 (Ethiopian) collection sheet
d2bb5075-2ea9-5910-a7a6-0df5fd53f655,a4abc03d-99d2-5421-9712-1e1eb35acc37,,8469f799-0d87-44b4-84e9-b18f6a443ba3,savings_deposit,502,2026-05-10,Imported from ginbot 2018 (Ethiopian) collection sheet
48770ec4-9660-57e0-b4f9-84ca0f5542cc,a9e1deed-561a-5838-8766-2fb2c036ea29,,8469f799-0d87-44b4-84e9-b18f6a443ba3,savings_deposit,1000,2026-05-10,Imported from ginbot 2018 (Ethiopian) collection sheet
58d7afbc-f1e1-5c97-aafc-855c46d45300,2e2b55a7-2c48-5b27-ab85-e84cfe6ba873,,8469f799-0d87-44b4-84e9-b18f6a443ba3,savings_deposit,1950,2026-05-10,Imported from ginbot 2018 (Ethiopian) collection sheet
5d4054b4-4a29-56ec-acfd-2cc40e5c5be8,2e2b55a7-2c48-5b27-ab85-e84cfe6ba873,,8469f799-0d87-44b4-84e9-b18f6a443ba3,share_purchase,3000,2026-05-10,Imported from ginbot 2018 (Ethiopian) collection sheet
d627625a-4db5-5fda-b32a-226cbbad1245,2e2b55a7-2c48-5b27-ab85-e84cfe6ba873,,8469f799-0d87-44b4-84e9-b18f6a443ba3,penalty_payment,50,2026-05-10,Imported from ginbot 2018 (Ethiopian) collection sheet
1b5b611c-3375-5499-9919-3522e1153249,26cf5d2f-1d72-5d7f-ada9-7379077b11ae,,8469f799-0d87-44b4-84e9-b18f6a443ba3,savings_deposit,500,2026-05-10,Imported from ginbot 2018 (Ethiopian) collection sheet
978a6508-1537-559a-bcd3-fec431145c47,d413f918-479b-57e9-87d9-23d6708d8d81,,8469f799-0d87-44b4-84e9-b18f6a443ba3,savings_deposit,500,2026-05-10,Imported from ginbot 2018 (Ethiopian) collection sheet
050aa85f-eff5-54c3-95bc-f851ca36028b,f2915524-e894-5bde-aecd-da2bed49a70c,,8469f799-0d87-44b4-84e9-b18f6a443ba3,savings_deposit,400,2026-05-10,Imported from ginbot 2018 (Ethiopian) collection sheet
55f79930-0125-55d4-96a7-b51b92cf72ed,8cbc921c-b09b-5afb-8361-fa63c61ffd8a,,8469f799-0d87-44b4-84e9-b18f6a443ba3,savings_deposit,500,2026-05-10,Imported from ginbot 2018 (Ethiopian) collection sheet
ec9e9f38-e4b5-5cf0-bab0-5473d0b80e9e,1f0dbffc-ffca-5b20-b4fb-3b17fbe5a239,,8469f799-0d87-44b4-84e9-b18f6a443ba3,savings_deposit,1000,2026-05-10,Imported from ginbot 2018 (Ethiopian) collection sheet
96c9b2f0-ff1a-5ce4-9ebc-62a87d9420a3,1f0dbffc-ffca-5b20-b4fb-3b17fbe5a239,,8469f799-0d87-44b4-84e9-b18f6a443ba3,share_purchase,1000,2026-05-10,Imported from ginbot 2018 (Ethiopian) collection sheet
49589e29-5571-5990-8f31-731a864c07da,a69c8787-2423-5b77-bc34-87f8260086ef,,8469f799-0d87-44b4-84e9-b18f6a443ba3,penalty_payment,194,2026-05-10,Imported from ginbot 2018 (Ethiopian) collection sheet
fb797c9d-d1b7-50ac-9aa3-f69c43665f5b,0799c4e9-58bc-5b55-b3bb-822f9120af53,,8469f799-0d87-44b4-84e9-b18f6a443ba3,savings_deposit,1000,2026-05-10,Imported from ginbot 2018 (Ethiopian) collection sheet
c40178a7-f39a-5a66-a461-c34291b3caeb,6137a13d-bb02-50d8-a60c-81b54bebaab0,,8469f799-0d87-44b4-84e9-b18f6a443ba3,savings_deposit,2000,2026-05-10,Imported from ginbot 2018 (Ethiopian) collection sheet
f768f1cc-3cc3-5766-af86-cff33cd4f788,6137a13d-bb02-50d8-a60c-81b54bebaab0,,8469f799-0d87-44b4-84e9-b18f6a443ba3,share_purchase,2000,2026-05-10,Imported from ginbot 2018 (Ethiopian) collection sheet
42bdfe3b-e29e-5f69-9841-032bb5a23e68,e0a1cd41-f09b-584c-a323-5e24952b99ee,,8469f799-0d87-44b4-84e9-b18f6a443ba3,savings_deposit,1250,2026-05-10,Imported from ginbot 2018 (Ethiopian) collection sheet
e1f7d310-d45a-5d4b-acfc-767d200aa0ac,b3d4ad0c-ee3c-53a5-a951-a9759c819236,,8469f799-0d87-44b4-84e9-b18f6a443ba3,savings_deposit,1000,2026-05-10,Imported from ginbot 2018 (Ethiopian) collection sheet
29a4ca6a-b97f-50f7-8194-0e7b8c413a3f,b3d4ad0c-ee3c-53a5-a951-a9759c819236,,8469f799-0d87-44b4-84e9-b18f6a443ba3,share_purchase,1000,2026-05-10,Imported from ginbot 2018 (Ethiopian) collection sheet
c1694556-a5e6-5e7f-b431-597f6a0f8aa5,8fc8de0b-78bc-545e-8408-2189a31760ec,,8469f799-0d87-44b4-84e9-b18f6a443ba3,savings_deposit,1090,2026-05-10,Imported from ginbot 2018 (Ethiopian) collection sheet
de1ee6c9-3ed7-58da-89a3-e3f59511c1b6,59b2b2dc-7289-54a6-9435-57bf25be75c7,,8469f799-0d87-44b4-84e9-b18f6a443ba3,savings_deposit,2000,2026-05-10,Imported from ginbot 2018 (Ethiopian) collection sheet
3704160f-4ce2-56f3-a044-cbdf9fc99d9f,59b2b2dc-7289-54a6-9435-57bf25be75c7,,8469f799-0d87-44b4-84e9-b18f6a443ba3,share_purchase,2000,2026-05-10,Imported from ginbot 2018 (Ethiopian) collection sheet
db2bcf3f-a194-5267-8257-f33d2e3f2a2f,59b2b2dc-7289-54a6-9435-57bf25be75c7,,8469f799-0d87-44b4-84e9-b18f6a443ba3,penalty_payment,50,2026-05-10,Imported from ginbot 2018 (Ethiopian) collection sheet
c1fcad87-ba5f-5a29-945b-6e364b92115d,95154953-c3dd-55eb-9284-60060b3e99a8,,8469f799-0d87-44b4-84e9-b18f6a443ba3,savings_deposit,750,2026-05-10,Imported from ginbot 2018 (Ethiopian) collection sheet
1255a35e-27e3-5c53-b76a-a3dbb8714673,06fa8212-7f04-5497-a2b6-310f1c798b46,,8469f799-0d87-44b4-84e9-b18f6a443ba3,savings_deposit,1000,2026-05-10,Imported from ginbot 2018 (Ethiopian) collection sheet
10bfd722-4fc0-58c7-8fbd-606578aac176,06fa8212-7f04-5497-a2b6-310f1c798b46,,8469f799-0d87-44b4-84e9-b18f6a443ba3,share_purchase,1000,2026-05-10,Imported from ginbot 2018 (Ethiopian) collection sheet
7e19f5bf-aae8-516f-9de1-fb84e9985f3e,e2de7857-57f4-52de-9b30-0d0c74d7933f,,8469f799-0d87-44b4-84e9-b18f6a443ba3,savings_deposit,500,2026-05-10,Imported from ginbot 2018 (Ethiopian) collection sheet
d5bfed1c-c636-5123-a795-e10c0024ee7d,14097ace-d5d4-58a0-b4e8-d735db008348,,8469f799-0d87-44b4-84e9-b18f6a443ba3,savings_deposit,2000,2026-05-10,Imported from ginbot 2018 (Ethiopian) collection sheet
1c8dd64c-61ea-5fac-81bf-06fa218e5a5a,35075fef-07f6-5252-8183-cc3a2f16eb41,,8469f799-0d87-44b4-84e9-b18f6a443ba3,savings_deposit,500,2026-05-10,Imported from ginbot 2018 (Ethiopian) collection sheet
0b0d14f3-0607-5e90-b1e6-f234bbab1046,35075fef-07f6-5252-8183-cc3a2f16eb41,,8469f799-0d87-44b4-84e9-b18f6a443ba3,share_purchase,500,2026-05-10,Imported from ginbot 2018 (Ethiopian) collection sheet
6ba4a19f-9c0b-5aea-9469-5b92b216db1c,cf50d566-4405-5b00-b14c-0d5020d22c31,,8469f799-0d87-44b4-84e9-b18f6a443ba3,savings_deposit,500,2026-05-10,Imported from ginbot 2018 (Ethiopian) collection sheet
62c13225-13a8-57fe-b982-0d56301abda3,5aaf0160-4ec6-5a7c-b189-1ba82739d136,,8469f799-0d87-44b4-84e9-b18f6a443ba3,savings_deposit,1900,2026-05-10,Imported from ginbot 2018 (Ethiopian) collection sheet
c45cc032-43b6-52fb-a211-ea439408149b,5aaf0160-4ec6-5a7c-b189-1ba82739d136,,8469f799-0d87-44b4-84e9-b18f6a443ba3,penalty_payment,100,2026-05-10,Imported from ginbot 2018 (Ethiopian) collection sheet
44a67a3d-636e-594c-90bf-9b229983639c,fc282955-0b0a-54ad-8057-22d4d660b8f3,,8469f799-0d87-44b4-84e9-b18f6a443ba3,savings_deposit,1000,2026-05-10,Imported from ginbot 2018 (Ethiopian) collection sheet
4923a3dd-f22e-57e9-b739-671fc476b6ab,7ff58eac-03b8-5c06-83a7-d23117961668,,8469f799-0d87-44b4-84e9-b18f6a443ba3,savings_deposit,2000,2026-05-10,Imported from ginbot 2018 (Ethiopian) collection sheet
c1fa2b5e-b0ef-524f-8735-453b33040cdb,b2efb9cd-1182-562a-9d94-094f7d382bee,,8469f799-0d87-44b4-84e9-b18f6a443ba3,savings_deposit,300,2026-05-10,Imported from ginbot 2018 (Ethiopian) collection sheet
fafe8a68-45bb-5aa3-be54-01b951496e5d,3912ff00-0f6f-5b2c-9347-85cf4836d771,,8469f799-0d87-44b4-84e9-b18f6a443ba3,savings_deposit,300,2026-05-10,Imported from ginbot 2018 (Ethiopian) collection sheet
519b2037-ee20-51c0-ae95-43159cb61dde,50b83ed9-e5bb-5b8d-8732-2ec2c6a7205b,,8469f799-0d87-44b4-84e9-b18f6a443ba3,savings_deposit,1000,2026-05-10,Imported from ginbot 2018 (Ethiopian) collection sheet
acb4e2f3-64d1-524e-8035-7554a47c52d3,50b83ed9-e5bb-5b8d-8732-2ec2c6a7205b,,8469f799-0d87-44b4-84e9-b18f6a443ba3,share_purchase,1000,2026-05-10,Imported from ginbot 2018 (Ethiopian) collection sheet
722afd0f-0ba3-58ad-abf9-e5bc514e1b33,18556b09-0ab4-5885-9547-840bf5c1f616,,8469f799-0d87-44b4-84e9-b18f6a443ba3,savings_deposit,999,2026-05-10,Imported from ginbot 2018 (Ethiopian) collection sheet
1be34683-1b14-5725-a185-48b2774caf2c,18556b09-0ab4-5885-9547-840bf5c1f616,,8469f799-0d87-44b4-84e9-b18f6a443ba3,share_purchase,2000,2026-05-10,Imported from ginbot 2018 (Ethiopian) collection sheet
d1de315d-9c08-5451-b99a-c79b009e8391,f36e90f7-c963-52f0-bbf6-27b03512f8aa,,8469f799-0d87-44b4-84e9-b18f6a443ba3,savings_deposit,300,2026-05-10,Imported from ginbot 2018 (Ethiopian) collection sheet
49dbfccb-ba98-5862-a0d8-4c95ce6e8242,d4f2023e-279b-5701-8eef-b0a0e9d3688a,,8469f799-0d87-44b4-84e9-b18f6a443ba3,savings_deposit,1500,2026-05-10,Imported from ginbot 2018 (Ethiopian) collection sheet
de14cc1e-0f76-579a-9c03-bee5329cc694,a98c7ead-82e7-5f45-864a-3bf83a0a2643,,8469f799-0d87-44b4-84e9-b18f6a443ba3,savings_deposit,500,2026-05-10,Imported from ginbot 2018 (Ethiopian) collection sheet
8bb3bb87-49cd-54d6-a44b-5358e6ec0578,a05a8645-6102-52e9-8c87-199ab572e309,,8469f799-0d87-44b4-84e9-b18f6a443ba3,savings_deposit,1000,2026-05-10,Imported from ginbot 2018 (Ethiopian) collection sheet
378a573f-c7a7-5cf0-bb96-894106d4dd03,37582b03-8054-551a-8d62-3b0ad867c7ac,,8469f799-0d87-44b4-84e9-b18f6a443ba3,savings_deposit,1000,2026-05-10,Imported from ginbot 2018 (Ethiopian) collection sheet
ad196724-ae27-5969-9e2e-e94835e2eb6b,284e696c-3949-5c06-ba88-16fccaa4ade9,,8469f799-0d87-44b4-84e9-b18f6a443ba3,savings_deposit,950,2026-05-10,Imported from ginbot 2018 (Ethiopian) collection sheet
3c3facca-b0a0-5756-b327-988e337ba953,284e696c-3949-5c06-ba88-16fccaa4ade9,,8469f799-0d87-44b4-84e9-b18f6a443ba3,share_purchase,1000,2026-05-10,Imported from ginbot 2018 (Ethiopian) collection sheet
31351b24-5f78-51b1-987b-d89ec6c0750d,284e696c-3949-5c06-ba88-16fccaa4ade9,,8469f799-0d87-44b4-84e9-b18f6a443ba3,penalty_payment,50,2026-05-10,Imported from ginbot 2018 (Ethiopian) collection sheet
347e2fc1-0f9e-54d4-876c-d25457173705,f5ed49cd-2af4-523f-9a48-b4c14551e8eb,,8469f799-0d87-44b4-84e9-b18f6a443ba3,savings_deposit,500,2026-05-10,Imported from ginbot 2018 (Ethiopian) collection sheet
4ea8d217-b53e-52fa-b8ba-d2011419b6d1,efb40953-7213-50c9-9529-b8fc3cdb7d92,,8469f799-0d87-44b4-84e9-b18f6a443ba3,savings_deposit,2000,2026-05-10,Imported from ginbot 2018 (Ethiopian) collection sheet
bef1043e-d93c-53d2-93a5-c5f613194a47,efb40953-7213-50c9-9529-b8fc3cdb7d92,,8469f799-0d87-44b4-84e9-b18f6a443ba3,share_purchase,1000,2026-05-10,Imported from ginbot 2018 (Ethiopian) collection sheet
9ea803d1-530c-5259-88be-cb6b6d16c753,ae168754-dc53-53bb-8759-fdf401fd7c06,,8469f799-0d87-44b4-84e9-b18f6a443ba3,savings_deposit,1000,2026-05-10,Imported from ginbot 2018 (Ethiopian) collection sheet
e20092c7-38e7-5071-b252-f12a52cd288c,bef556d7-3b69-5f7b-9805-f9f2d36e7ad4,,8469f799-0d87-44b4-84e9-b18f6a443ba3,savings_deposit,1950,2026-05-10,Imported from ginbot 2018 (Ethiopian) collection sheet
148fe1b1-8b67-5531-a20f-4d2e4e2381dc,bef556d7-3b69-5f7b-9805-f9f2d36e7ad4,,8469f799-0d87-44b4-84e9-b18f6a443ba3,share_purchase,4000,2026-05-10,Imported from ginbot 2018 (Ethiopian) collection sheet
b2b4caf6-c9c3-51b8-8710-9947085bb5df,bef556d7-3b69-5f7b-9805-f9f2d36e7ad4,,8469f799-0d87-44b4-84e9-b18f6a443ba3,penalty_payment,50,2026-05-10,Imported from ginbot 2018 (Ethiopian) collection sheet
9da671e5-2cb0-57e5-a7b3-7efafc249359,570068f9-c44a-5f37-b264-42d09d4fc9d0,,8469f799-0d87-44b4-84e9-b18f6a443ba3,savings_deposit,2000,2026-05-10,Imported from ginbot 2018 (Ethiopian) collection sheet
a0f33239-ab44-59ce-8256-046359f0b74f,96d80a6e-8b0c-5f54-a94f-6a423e77e285,,8469f799-0d87-44b4-84e9-b18f6a443ba3,savings_deposit,2000,2026-05-10,Imported from ginbot 2018 (Ethiopian) collection sheet
138c7026-c0dd-5d54-bf72-0dd0f9772602,607b812d-459f-5cab-9340-d4ac3326e983,,8469f799-0d87-44b4-84e9-b18f6a443ba3,savings_deposit,1500,2026-05-10,Imported from ginbot 2018 (Ethiopian) collection sheet
2b94e05c-9a7a-5c21-b44d-d355a497ee73,5906d4be-3a6d-51fc-8fe6-4e5654c5c962,,8469f799-0d87-44b4-84e9-b18f6a443ba3,savings_deposit,1000,2026-05-10,Imported from ginbot 2018 (Ethiopian) collection sheet
fb1873f8-ef09-5835-8da2-d71257d01d54,fbf6ab5b-094d-5b83-aed6-66f7c8169e36,,8469f799-0d87-44b4-84e9-b18f6a443ba3,savings_deposit,1000,2026-05-10,Imported from ginbot 2018 (Ethiopian) collection sheet
bb9c1a16-505b-5849-86fc-3bb9ab86c12b,fbf6ab5b-094d-5b83-aed6-66f7c8169e36,,8469f799-0d87-44b4-84e9-b18f6a443ba3,share_purchase,2000,2026-05-10,Imported from ginbot 2018 (Ethiopian) collection sheet
3aa99f31-6c69-5a23-b2c5-03902e255871,e4ccf2e5-774e-5b15-99a6-973a2b66f4ce,,8469f799-0d87-44b4-84e9-b18f6a443ba3,savings_deposit,1000,2026-05-10,Imported from ginbot 2018 (Ethiopian) collection sheet
49ef84a3-17af-5172-a0a9-6b158610856c,e4ccf2e5-774e-5b15-99a6-973a2b66f4ce,,8469f799-0d87-44b4-84e9-b18f6a443ba3,share_purchase,1000,2026-05-10,Imported from ginbot 2018 (Ethiopian) collection sheet
1c3b6bfe-d6bc-5ce8-acd5-57b746358319,bdd7c207-732a-5bb1-b133-60543d8c7d92,,8469f799-0d87-44b4-84e9-b18f6a443ba3,savings_deposit,1000,2026-05-10,Imported from ginbot 2018 (Ethiopian) collection sheet
c53e98b1-9097-5316-8328-fdecf7418d31,bdd7c207-732a-5bb1-b133-60543d8c7d92,,8469f799-0d87-44b4-84e9-b18f6a443ba3,share_purchase,2000,2026-05-10,Imported from ginbot 2018 (Ethiopian) collection sheet
436107b4-4b1a-56f7-b21c-7a441ba1524a,24c594aa-4181-5c0b-a5b7-45ff7c3fa3b0,,8469f799-0d87-44b4-84e9-b18f6a443ba3,savings_deposit,500,2026-05-10,Imported from ginbot 2018 (Ethiopian) collection sheet
77736664-4863-5adc-b729-7a8f7753285a,a67cebb5-b09e-5a16-8c5b-c6973fdcbd77,,8469f799-0d87-44b4-84e9-b18f6a443ba3,savings_deposit,1950,2026-05-10,Imported from ginbot 2018 (Ethiopian) collection sheet
1a68d3d8-1fe7-53f6-859e-79226464fcff,a67cebb5-b09e-5a16-8c5b-c6973fdcbd77,,8469f799-0d87-44b4-84e9-b18f6a443ba3,share_purchase,2000,2026-05-10,Imported from ginbot 2018 (Ethiopian) collection sheet
7c6ce093-34ef-5fc6-b236-c222eb73c28e,a67cebb5-b09e-5a16-8c5b-c6973fdcbd77,,8469f799-0d87-44b4-84e9-b18f6a443ba3,penalty_payment,50,2026-05-10,Imported from ginbot 2018 (Ethiopian) collection sheet
ea5b8549-88c3-56ee-8633-f1841749d05c,fa0549d4-1b83-5d11-8b62-a4ca6a085063,,8469f799-0d87-44b4-84e9-b18f6a443ba3,savings_deposit,1950,2026-05-10,Imported from ginbot 2018 (Ethiopian) collection sheet
5fa553be-acd7-59c4-b02c-e08db525a7d8,fa0549d4-1b83-5d11-8b62-a4ca6a085063,,8469f799-0d87-44b4-84e9-b18f6a443ba3,share_purchase,2000,2026-05-10,Imported from ginbot 2018 (Ethiopian) collection sheet
7190ab12-fcdf-5b5b-b83a-b556c9b04b3e,fa0549d4-1b83-5d11-8b62-a4ca6a085063,,8469f799-0d87-44b4-84e9-b18f6a443ba3,penalty_payment,50,2026-05-10,Imported from ginbot 2018 (Ethiopian) collection sheet
63e5b21d-5ff1-5583-b6d1-da2bb8537b94,fa0798ba-fbda-57b6-910d-6ce545d807cb,,8469f799-0d87-44b4-84e9-b18f6a443ba3,savings_deposit,1000,2026-05-10,Imported from ginbot 2018 (Ethiopian) collection sheet
71c09f92-d005-5a7c-979a-5d545dd4ec04,fa0798ba-fbda-57b6-910d-6ce545d807cb,,8469f799-0d87-44b4-84e9-b18f6a443ba3,share_purchase,1000,2026-05-10,Imported from ginbot 2018 (Ethiopian) collection sheet
6a708e1f-e68a-5226-9377-fbdfffd4f074,44494d4f-dbca-596d-ba04-7f0bf8264cef,,8469f799-0d87-44b4-84e9-b18f6a443ba3,savings_deposit,2000,2026-05-10,Imported from ginbot 2018 (Ethiopian) collection sheet
c573a5ef-3903-5ee9-a05f-340766e7bda0,44494d4f-dbca-596d-ba04-7f0bf8264cef,,8469f799-0d87-44b4-84e9-b18f6a443ba3,share_purchase,1000,2026-05-10,Imported from ginbot 2018 (Ethiopian) collection sheet
91a485dd-a992-5e20-a066-ab1797ab708d,affc511e-8b76-57f4-9a6f-c2717513f00e,,8469f799-0d87-44b4-84e9-b18f6a443ba3,savings_deposit,500,2026-05-10,Imported from ginbot 2018 (Ethiopian) collection sheet
aa4fa3c0-ca9f-54fa-8bfe-45e075ec3485,bec2830f-deee-5041-8c34-59d519198cc5,,8469f799-0d87-44b4-84e9-b18f6a443ba3,savings_deposit,500,2026-05-10,Imported from ginbot 2018 (Ethiopian) collection sheet
1236f283-1e9c-5843-800b-0ed899c942c0,724b2186-00c5-596f-8fcf-f163b5e7b692,,8469f799-0d87-44b4-84e9-b18f6a443ba3,savings_deposit,500,2026-05-10,Imported from ginbot 2018 (Ethiopian) collection sheet
09421be1-4ae5-5aaf-9ed2-399252d0a725,cb63cdfa-da1f-5520-ab57-db6d7c17cb52,,8469f799-0d87-44b4-84e9-b18f6a443ba3,savings_deposit,500,2026-05-10,Imported from ginbot 2018 (Ethiopian) collection sheet
f79af6e8-329c-5fe1-8a4d-0ce15ef690fb,93877516-e6ab-5857-8ecf-88ad98cb9ebd,,8469f799-0d87-44b4-84e9-b18f6a443ba3,savings_deposit,450,2026-05-10,Imported from ginbot 2018 (Ethiopian) collection sheet
2b520f5b-a495-5083-b4cc-e5982907fc79,93877516-e6ab-5857-8ecf-88ad98cb9ebd,,8469f799-0d87-44b4-84e9-b18f6a443ba3,share_purchase,1000,2026-05-10,Imported from ginbot 2018 (Ethiopian) collection sheet
073a2077-2a3f-5e8d-9de2-0f3f64dcd0ee,93877516-e6ab-5857-8ecf-88ad98cb9ebd,,8469f799-0d87-44b4-84e9-b18f6a443ba3,penalty_payment,50,2026-05-10,Imported from ginbot 2018 (Ethiopian) collection sheet
ab5bcaa0-0fb8-5284-875d-8cbc727946fc,2d2ae0dc-2a31-5b87-a4f2-b58ccb827786,,8469f799-0d87-44b4-84e9-b18f6a443ba3,savings_deposit,1000,2026-05-10,Imported from ginbot 2018 (Ethiopian) collection sheet
9136a610-ab4c-5d2f-9cd9-560a66272917,e216199c-f2ce-54a1-a11d-f2e82a55208b,,8469f799-0d87-44b4-84e9-b18f6a443ba3,savings_deposit,1000,2026-05-10,Imported from ginbot 2018 (Ethiopian) collection sheet
b9cb76f2-85f0-508f-ae5a-1a9576676713,e216199c-f2ce-54a1-a11d-f2e82a55208b,,8469f799-0d87-44b4-84e9-b18f6a443ba3,share_purchase,1000,2026-05-10,Imported from ginbot 2018 (Ethiopian) collection sheet
a72be029-3df7-58ae-975c-8c057b79642f,a7ccd65e-6270-5b5e-8479-48f8636eeb86,,8469f799-0d87-44b4-84e9-b18f6a443ba3,savings_deposit,1000,2026-05-10,Imported from ginbot 2018 (Ethiopian) collection sheet
73e2599e-7f07-5a17-91c5-650d5a35d418,3df735ff-5508-55ef-b7cc-a84d6fc248fd,,8469f799-0d87-44b4-84e9-b18f6a443ba3,savings_deposit,1000,2026-05-10,Imported from ginbot 2018 (Ethiopian) collection sheet
dd037417-bde1-567d-95d7-0f19a1534fb1,3df735ff-5508-55ef-b7cc-a84d6fc248fd,,8469f799-0d87-44b4-84e9-b18f6a443ba3,share_purchase,2000,2026-05-10,Imported from ginbot 2018 (Ethiopian) collection sheet
69d21e2f-891f-5ca4-a3ea-83ab8e07c18e,738df8f8-ea60-5f98-bcf8-7afbe58e00d8,,8469f799-0d87-44b4-84e9-b18f6a443ba3,savings_deposit,500,2026-05-10,Imported from ginbot 2018 (Ethiopian) collection sheet
73fc94e1-9d18-5bf1-870f-f98351f1f9b9,738df8f8-ea60-5f98-bcf8-7afbe58e00d8,,8469f799-0d87-44b4-84e9-b18f6a443ba3,share_purchase,500,2026-05-10,Imported from ginbot 2018 (Ethiopian) collection sheet
c460cbb5-e02a-5acd-b7d5-33d0c11f1c85,abb99ed7-0b31-59eb-85f1-e1e2d9f77a9f,,8469f799-0d87-44b4-84e9-b18f6a443ba3,savings_deposit,1500,2026-05-10,Imported from ginbot 2018 (Ethiopian) collection sheet
9f2d83ce-314e-5ad9-be26-8b0d1ebe0f27,2a7b383f-8231-5fd6-b410-12931339fefc,,8469f799-0d87-44b4-84e9-b18f6a443ba3,savings_deposit,1300,2026-05-10,Imported from ginbot 2018 (Ethiopian) collection sheet
70bd4b44-3202-5166-83d5-017f21e5cce1,807ca310-6e27-5fb2-9afb-11928bb73bff,,8469f799-0d87-44b4-84e9-b18f6a443ba3,savings_deposit,2000,2026-05-10,Imported from ginbot 2018 (Ethiopian) collection sheet
dc42f143-a311-58c4-a11e-aa5ba0a93ea2,807ca310-6e27-5fb2-9afb-11928bb73bff,,8469f799-0d87-44b4-84e9-b18f6a443ba3,share_purchase,8000,2026-05-10,Imported from ginbot 2018 (Ethiopian) collection sheet
4584592e-7a4b-583d-a7eb-caa321101a99,d0acd2bc-66f6-52d7-bebf-e196efeefc68,,8469f799-0d87-44b4-84e9-b18f6a443ba3,savings_deposit,1000,2026-05-10,Imported from ginbot 2018 (Ethiopian) collection sheet
8417ea12-c83d-58c4-8a93-cff29da4fcb5,269bee2a-93e6-5eaa-a322-25124135a6ad,,8469f799-0d87-44b4-84e9-b18f6a443ba3,savings_deposit,1000,2026-05-10,Imported from ginbot 2018 (Ethiopian) collection sheet
69e65fb1-b905-5343-9867-dfe330678eac,b56dc347-8878-551f-84b4-49aeda4d1f3f,,8469f799-0d87-44b4-84e9-b18f6a443ba3,savings_deposit,1050,2026-05-10,Imported from ginbot 2018 (Ethiopian) collection sheet
8b7c10be-8a42-5357-9bc9-a0609ac8ad10,b66e05c0-f352-5485-9929-0c041809fd92,,8469f799-0d87-44b4-84e9-b18f6a443ba3,savings_deposit,1050,2026-05-10,Imported from ginbot 2018 (Ethiopian) collection sheet
0db00dc5-331c-5d6a-8119-c840b54387d8,3f0a2131-a69d-5144-9bc8-470ae4ac8e89,,8469f799-0d87-44b4-84e9-b18f6a443ba3,savings_deposit,2000,2026-05-10,Imported from ginbot 2018 (Ethiopian) collection sheet
db19f13c-e863-53d8-a4f0-2abc745384c5,3f0a2131-a69d-5144-9bc8-470ae4ac8e89,,8469f799-0d87-44b4-84e9-b18f6a443ba3,share_purchase,12000,2026-05-10,Imported from ginbot 2018 (Ethiopian) collection sheet
ddd6d420-1dc1-5804-9da5-9c82d3cd3cac,3f0a2131-a69d-5144-9bc8-470ae4ac8e89,,8469f799-0d87-44b4-84e9-b18f6a443ba3,registration_fee,400,2026-05-10,Imported from ginbot 2018 (Ethiopian) collection sheet
ffe4c845-526e-5ef0-9546-984fade98fba,3f0a2131-a69d-5144-9bc8-470ae4ac8e89,,8469f799-0d87-44b4-84e9-b18f6a443ba3,card_fee,150,2026-05-10,Imported from ginbot 2018 (Ethiopian) collection sheet
b047b840-f941-5f45-b12d-0ddbf89ca00e,ffd8d3cb-7078-5cec-90e3-57a203d6f84d,,8469f799-0d87-44b4-84e9-b18f6a443ba3,savings_deposit,500,2026-05-10,Imported from ginbot 2018 (Ethiopian) collection sheet
9d68d044-dad0-5ee9-a81d-2d1bd0380346,ffd8d3cb-7078-5cec-90e3-57a203d6f84d,,8469f799-0d87-44b4-84e9-b18f6a443ba3,share_purchase,1500,2026-05-10,Imported from ginbot 2018 (Ethiopian) collection sheet
1f9de01d-d3fd-5812-ac27-5808a8537d8d,ffd8d3cb-7078-5cec-90e3-57a203d6f84d,,8469f799-0d87-44b4-84e9-b18f6a443ba3,registration_fee,400,2026-05-10,Imported from ginbot 2018 (Ethiopian) collection sheet
de8ccab5-3315-5252-b59d-f99f6f036923,ffd8d3cb-7078-5cec-90e3-57a203d6f84d,,8469f799-0d87-44b4-84e9-b18f6a443ba3,card_fee,150,2026-05-10,Imported from ginbot 2018 (Ethiopian) collection sheet
40dcd248-3768-5e16-9240-2969cd6a2b49,d80254d8-c851-5fc7-add0-dd5102b7e809,,8469f799-0d87-44b4-84e9-b18f6a443ba3,savings_deposit,450,2026-05-10,Imported from ginbot 2018 (Ethiopian) collection sheet
e0421bdf-0abe-5687-8c38-e23d68f44c0b,d80254d8-c851-5fc7-add0-dd5102b7e809,,8469f799-0d87-44b4-84e9-b18f6a443ba3,share_purchase,2000,2026-05-10,Imported from ginbot 2018 (Ethiopian) collection sheet
85e625b4-d057-53ef-8bd8-de49fb1b2b91,d80254d8-c851-5fc7-add0-dd5102b7e809,,8469f799-0d87-44b4-84e9-b18f6a443ba3,registration_fee,400,2026-05-10,Imported from ginbot 2018 (Ethiopian) collection sheet
5c8c6c92-efc8-536e-82e0-e4631dc7c49a,d80254d8-c851-5fc7-add0-dd5102b7e809,,8469f799-0d87-44b4-84e9-b18f6a443ba3,card_fee,150,2026-05-10,Imported from ginbot 2018 (Ethiopian) collection sheet
d6e0bb01-fa97-5aee-9d84-dfae054ea14f,e4827c78-8368-58d0-bf8c-92365bc84c75,,8469f799-0d87-44b4-84e9-b18f6a443ba3,savings_deposit,1000,2026-06-14,Imported from sene 2018 (Ethiopian) collection sheet
1256d3d4-f6d2-5b4b-a0e7-7739feb02a0a,01d7976b-a494-5020-aac0-73df2dd9e31b,,8469f799-0d87-44b4-84e9-b18f6a443ba3,savings_deposit,550,2026-06-14,Imported from sene 2018 (Ethiopian) collection sheet
88072d17-79ee-5101-bf2e-57c260d0920f,76dd954f-2718-5744-aa59-ccb1748016b4,,8469f799-0d87-44b4-84e9-b18f6a443ba3,savings_deposit,500,2026-06-14,Imported from sene 2018 (Ethiopian) collection sheet
18d1f6cc-c8dc-5068-9caf-8408dc75ce7c,b4d56e1e-236f-5e82-8da0-abe9e0b93b56,,8469f799-0d87-44b4-84e9-b18f6a443ba3,savings_deposit,2000,2026-06-14,Imported from sene 2018 (Ethiopian) collection sheet
19406ffc-3601-58f4-b17f-72dcaa282d62,b4d56e1e-236f-5e82-8da0-abe9e0b93b56,,8469f799-0d87-44b4-84e9-b18f6a443ba3,penalty_payment,37,2026-06-14,Imported from sene 2018 (Ethiopian) collection sheet
da6a2e29-b62d-5920-a03b-55792bb9a84b,ec993c4b-d61a-5880-9ca2-8474b057f3f6,,8469f799-0d87-44b4-84e9-b18f6a443ba3,savings_deposit,500,2026-06-14,Imported from sene 2018 (Ethiopian) collection sheet
9af79c0a-0467-5cf9-a54e-e0b595aa1131,73beb1f6-b7bf-54aa-ab3e-eb494fdb1568,,8469f799-0d87-44b4-84e9-b18f6a443ba3,savings_deposit,2000,2026-06-14,Imported from sene 2018 (Ethiopian) collection sheet
7264d15c-c21e-5772-8d10-f495ce315c05,73beb1f6-b7bf-54aa-ab3e-eb494fdb1568,,8469f799-0d87-44b4-84e9-b18f6a443ba3,share_purchase,12832,2026-06-14,Imported from sene 2018 (Ethiopian) collection sheet
d764bae1-d708-5395-a152-494ab5c9fba2,bbe40192-271f-518c-bea6-c1478fc552c2,,8469f799-0d87-44b4-84e9-b18f6a443ba3,savings_deposit,500,2026-06-14,Imported from sene 2018 (Ethiopian) collection sheet
da649818-1400-545d-bb4a-5b358780bec0,bc3ac27a-453a-57a2-bd51-2bfb86496f27,,8469f799-0d87-44b4-84e9-b18f6a443ba3,savings_deposit,2000,2026-06-14,Imported from sene 2018 (Ethiopian) collection sheet
7e31e93f-64d8-5fca-8496-d53290488ac8,bc3ac27a-453a-57a2-bd51-2bfb86496f27,,8469f799-0d87-44b4-84e9-b18f6a443ba3,share_purchase,4000,2026-06-14,Imported from sene 2018 (Ethiopian) collection sheet
81252476-c42f-54ca-b4e3-ce69c167afd7,bac4fd55-4666-50ee-adee-4d2170814631,,8469f799-0d87-44b4-84e9-b18f6a443ba3,savings_deposit,2000,2026-06-14,Imported from sene 2018 (Ethiopian) collection sheet
1e79f37c-4789-539a-9039-5473d458d9cf,3cb63966-4581-5528-b803-034ed796a796,,8469f799-0d87-44b4-84e9-b18f6a443ba3,savings_deposit,2000,2026-06-14,Imported from sene 2018 (Ethiopian) collection sheet
b2eac650-342c-50c6-8aa5-e1b999993c32,3cb63966-4581-5528-b803-034ed796a796,,8469f799-0d87-44b4-84e9-b18f6a443ba3,share_purchase,28800,2026-06-14,Imported from sene 2018 (Ethiopian) collection sheet
f91c1747-3a05-5f36-bce4-d968eb90d679,a69a3a62-171b-5523-8fbe-54e569dd29d4,,8469f799-0d87-44b4-84e9-b18f6a443ba3,savings_deposit,500,2026-06-14,Imported from sene 2018 (Ethiopian) collection sheet
4f9e347a-a1f7-5cd6-9664-4f8fa88ae13b,a7f75ced-fef8-5b0f-a28e-cd7f09043280,,8469f799-0d87-44b4-84e9-b18f6a443ba3,savings_deposit,299,2026-06-14,Imported from sene 2018 (Ethiopian) collection sheet
dd334f27-dd54-51e7-af62-67ac3d02ae4c,b89552e4-4718-56a1-a4f8-7c84e72e0506,,8469f799-0d87-44b4-84e9-b18f6a443ba3,savings_deposit,600,2026-06-14,Imported from sene 2018 (Ethiopian) collection sheet
b49d9c6f-ecf2-5591-b6a5-9b5106c21a14,6d8f0a03-bc10-579e-a58f-2ffa42fcab6f,,8469f799-0d87-44b4-84e9-b18f6a443ba3,savings_deposit,400,2026-06-14,Imported from sene 2018 (Ethiopian) collection sheet
4ae3ccbf-1eee-5df2-99ae-09157d251b15,6d8f0a03-bc10-579e-a58f-2ffa42fcab6f,,8469f799-0d87-44b4-84e9-b18f6a443ba3,share_purchase,5500,2026-06-14,Imported from sene 2018 (Ethiopian) collection sheet
a5b46901-20e5-5236-afaa-31e3fbcf6a5e,0c26b4c4-ac4c-5349-b995-958b76f2805e,,8469f799-0d87-44b4-84e9-b18f6a443ba3,savings_deposit,500,2026-06-14,Imported from sene 2018 (Ethiopian) collection sheet
602bceca-e3dc-5256-8c7f-8208a608b1d1,501a3774-7945-502f-8519-cff3445f53cf,,8469f799-0d87-44b4-84e9-b18f6a443ba3,savings_deposit,1000,2026-06-14,Imported from sene 2018 (Ethiopian) collection sheet
ff572e65-049c-5a47-aea3-bdffc4e3d7d9,501a3774-7945-502f-8519-cff3445f53cf,,8469f799-0d87-44b4-84e9-b18f6a443ba3,share_purchase,4000,2026-06-14,Imported from sene 2018 (Ethiopian) collection sheet
b98f986d-b34f-5064-9084-77b32c2990e9,247c6df0-a05e-541c-a00a-fb077be873f7,,8469f799-0d87-44b4-84e9-b18f6a443ba3,savings_deposit,2000,2026-06-14,Imported from sene 2018 (Ethiopian) collection sheet
c3126541-7836-570a-bb77-973b166567c9,247c6df0-a05e-541c-a00a-fb077be873f7,,8469f799-0d87-44b4-84e9-b18f6a443ba3,share_purchase,12939,2026-06-14,Imported from sene 2018 (Ethiopian) collection sheet
b8e9916b-7549-5c5c-8ec4-472dc9e72b97,d56fc296-2f16-5e5a-9004-d4ad49c5658f,,8469f799-0d87-44b4-84e9-b18f6a443ba3,savings_deposit,1000,2026-06-14,Imported from sene 2018 (Ethiopian) collection sheet
1b8b859d-8765-54e1-b032-c59a3f85fe15,5d001133-4abc-5416-8360-8277eeaead7d,,8469f799-0d87-44b4-84e9-b18f6a443ba3,savings_deposit,500,2026-06-14,Imported from sene 2018 (Ethiopian) collection sheet
caa90e8e-cc6a-541c-9a5c-2a611590faa9,abe8c6ff-419f-5b7b-9b1e-b2622924be09,,8469f799-0d87-44b4-84e9-b18f6a443ba3,savings_deposit,999,2026-06-14,Imported from sene 2018 (Ethiopian) collection sheet
0f6313fa-e813-5126-8876-04dadc4a1bd6,e99acf91-e7a6-5999-8aed-0b4c34b2ee85,,8469f799-0d87-44b4-84e9-b18f6a443ba3,savings_deposit,400,2026-06-14,Imported from sene 2018 (Ethiopian) collection sheet
48fe372c-fea3-57b5-9ced-bde4ee298552,e75e482c-243f-5e13-aaac-15f1302dd157,,8469f799-0d87-44b4-84e9-b18f6a443ba3,savings_deposit,2000,2026-06-14,Imported from sene 2018 (Ethiopian) collection sheet
b1f8905e-f1ef-5a82-a56a-d656b2d7b957,7b26a460-4f89-52ff-8930-60889b3fd875,,8469f799-0d87-44b4-84e9-b18f6a443ba3,savings_deposit,2000,2026-06-14,Imported from sene 2018 (Ethiopian) collection sheet
85002923-0186-5cfd-be7f-b02800187f70,3c5a6fea-e69b-5312-9684-694c1ee6ebdf,,8469f799-0d87-44b4-84e9-b18f6a443ba3,savings_deposit,692,2026-06-14,Imported from sene 2018 (Ethiopian) collection sheet
c3f73fee-0ec9-5fec-940d-4aa749d202ed,b828959c-5bea-560a-929d-1a5594da53d8,,8469f799-0d87-44b4-84e9-b18f6a443ba3,savings_deposit,300,2026-06-14,Imported from sene 2018 (Ethiopian) collection sheet
82683231-bb6d-544e-9cf5-9986dad38959,9a84e629-b9ce-5ae9-8a74-bb63c9db97b5,,8469f799-0d87-44b4-84e9-b18f6a443ba3,savings_deposit,365,2026-06-14,Imported from sene 2018 (Ethiopian) collection sheet
623b49cf-8266-505e-8c3c-762ef90fa439,a102851d-91d9-5d77-ab52-d018bd9be779,,8469f799-0d87-44b4-84e9-b18f6a443ba3,savings_deposit,1000,2026-06-14,Imported from sene 2018 (Ethiopian) collection sheet
68d9df2d-6cc5-5973-a8a6-f927821f70e1,4b9a8348-f9f3-52df-8d17-50b8abdeaea6,,8469f799-0d87-44b4-84e9-b18f6a443ba3,savings_deposit,1000,2026-06-14,Imported from sene 2018 (Ethiopian) collection sheet
6e081e57-3458-522a-a500-4de941b8c1b2,edf171cb-7bb8-5f91-a0e7-0f5f8fecbead,,8469f799-0d87-44b4-84e9-b18f6a443ba3,savings_deposit,300,2026-06-14,Imported from sene 2018 (Ethiopian) collection sheet
8ac1f9d0-869c-536e-bdc4-7c1c90de39e5,6e18d32a-3bc0-52b7-8bfe-a677c478fa77,,8469f799-0d87-44b4-84e9-b18f6a443ba3,savings_deposit,1000,2026-06-14,Imported from sene 2018 (Ethiopian) collection sheet
5d1d39a1-90e5-56f7-8678-a36e7e781e52,438c5624-fdbc-5263-965a-9e9da4524827,,8469f799-0d87-44b4-84e9-b18f6a443ba3,savings_deposit,500,2026-06-14,Imported from sene 2018 (Ethiopian) collection sheet
a42667a5-53f8-5c37-bb8b-0a84ee1addf8,3f7f10e4-ecdb-55ad-891c-4a5c430edc1f,,8469f799-0d87-44b4-84e9-b18f6a443ba3,savings_deposit,999,2026-06-14,Imported from sene 2018 (Ethiopian) collection sheet
36444bae-58bd-5505-880b-696e9cc4b4bf,f33516c1-ea10-5e53-b29f-9f0005ba22ee,,8469f799-0d87-44b4-84e9-b18f6a443ba3,savings_deposit,300,2026-06-14,Imported from sene 2018 (Ethiopian) collection sheet
6cbb2e6b-ff2a-58df-be92-bbc417e77b23,8e67885d-ff02-5d58-a570-e235a003f3ee,,8469f799-0d87-44b4-84e9-b18f6a443ba3,savings_deposit,2000,2026-06-14,Imported from sene 2018 (Ethiopian) collection sheet
1ccc249f-715e-5b54-a087-662a2c1d57ad,8e67885d-ff02-5d58-a570-e235a003f3ee,,8469f799-0d87-44b4-84e9-b18f6a443ba3,share_purchase,500,2026-06-14,Imported from sene 2018 (Ethiopian) collection sheet
2f5eeac2-33a0-5020-a7e9-2637687eff01,d95d868a-9299-557a-8903-e93a509d3b45,,8469f799-0d87-44b4-84e9-b18f6a443ba3,savings_deposit,500,2026-06-14,Imported from sene 2018 (Ethiopian) collection sheet
d9d46044-a03a-5b1a-9f26-b15813084982,1d3e31ef-6836-593b-86c9-a7ed487b2815,,8469f799-0d87-44b4-84e9-b18f6a443ba3,savings_deposit,1000,2026-06-14,Imported from sene 2018 (Ethiopian) collection sheet
e73a4f70-72b7-5fd0-9cf1-cd1916c1820e,2903a34a-7dd7-5a18-bdc2-00f49fb2ea18,,8469f799-0d87-44b4-84e9-b18f6a443ba3,savings_deposit,500,2026-06-14,Imported from sene 2018 (Ethiopian) collection sheet
09ef8f57-89f7-5c8e-a916-3121bb56e3da,2903a34a-7dd7-5a18-bdc2-00f49fb2ea18,,8469f799-0d87-44b4-84e9-b18f6a443ba3,share_purchase,1000,2026-06-14,Imported from sene 2018 (Ethiopian) collection sheet
86b494c3-5382-5a2c-8294-5f4e75b54a8e,57f27bbf-52f5-59d6-a6cd-46b8e16cf6cc,,8469f799-0d87-44b4-84e9-b18f6a443ba3,savings_deposit,1007,2026-06-14,Imported from sene 2018 (Ethiopian) collection sheet
60f15d8e-d3c7-5cab-8745-13ba31b478be,f104d8fc-08c1-5425-af09-a40135783bf7,,8469f799-0d87-44b4-84e9-b18f6a443ba3,savings_deposit,2000,2026-06-14,Imported from sene 2018 (Ethiopian) collection sheet
d7a32d2d-487e-5554-8e50-c65283633ed9,f314716f-ef2a-5bee-8da5-c08e35551753,,8469f799-0d87-44b4-84e9-b18f6a443ba3,savings_deposit,309,2026-06-14,Imported from sene 2018 (Ethiopian) collection sheet
86084b9a-a5d4-54a5-b841-cc056a5916e3,48f8809b-e76b-5fe0-8476-816fd1bf7a3d,,8469f799-0d87-44b4-84e9-b18f6a443ba3,savings_deposit,300,2026-06-14,Imported from sene 2018 (Ethiopian) collection sheet
5f941031-596b-5cc6-8037-69a9e6842929,48f8809b-e76b-5fe0-8476-816fd1bf7a3d,,8469f799-0d87-44b4-84e9-b18f6a443ba3,share_purchase,500,2026-06-14,Imported from sene 2018 (Ethiopian) collection sheet
f1966cfb-208b-55a1-a414-40870aa28ed8,153d50f3-26e2-5d61-bf34-38615c211570,,8469f799-0d87-44b4-84e9-b18f6a443ba3,savings_deposit,896,2026-06-14,Imported from sene 2018 (Ethiopian) collection sheet
eb39370f-da4f-5fa5-a361-3a92e6e124ad,153d50f3-26e2-5d61-bf34-38615c211570,,8469f799-0d87-44b4-84e9-b18f6a443ba3,share_purchase,10000,2026-06-14,Imported from sene 2018 (Ethiopian) collection sheet
53b40aaf-9704-5d51-af77-3138e053d863,74de8801-16da-5088-ac85-37183499a068,,8469f799-0d87-44b4-84e9-b18f6a443ba3,savings_deposit,355,2026-06-14,Imported from sene 2018 (Ethiopian) collection sheet
646c6700-2f97-55d2-810e-58cd82ea1b4c,74de8801-16da-5088-ac85-37183499a068,,8469f799-0d87-44b4-84e9-b18f6a443ba3,penalty_payment,93,2026-06-14,Imported from sene 2018 (Ethiopian) collection sheet
869de5f4-73c5-598a-9360-997b6f01eab4,931b0746-94f4-5576-8f61-cae6f5f4e9fb,,8469f799-0d87-44b4-84e9-b18f6a443ba3,savings_deposit,500,2026-06-14,Imported from sene 2018 (Ethiopian) collection sheet
119331bf-8689-5043-b54c-1d2dd41402f0,a3d64128-76ea-59ec-b4bc-75f491ee497a,,8469f799-0d87-44b4-84e9-b18f6a443ba3,savings_deposit,300,2026-06-14,Imported from sene 2018 (Ethiopian) collection sheet
0d80e1c3-8512-562b-84b2-d3922e053dcf,853361d8-303e-5f8d-a5b8-e3f4eefa0cc0,,8469f799-0d87-44b4-84e9-b18f6a443ba3,savings_deposit,2000,2026-06-14,Imported from sene 2018 (Ethiopian) collection sheet
7e8efc15-3851-5505-87e9-d362ee363f2f,853361d8-303e-5f8d-a5b8-e3f4eefa0cc0,,8469f799-0d87-44b4-84e9-b18f6a443ba3,share_purchase,850,2026-06-14,Imported from sene 2018 (Ethiopian) collection sheet
7c452ad0-dbbf-5e22-b416-0d9e9c2762af,853361d8-303e-5f8d-a5b8-e3f4eefa0cc0,,8469f799-0d87-44b4-84e9-b18f6a443ba3,penalty_payment,150,2026-06-14,Imported from sene 2018 (Ethiopian) collection sheet
fbaf9297-7a85-56ed-9656-99c9e0a7fc2c,53ff7ea7-b493-5696-ac33-638e20ed23d6,,8469f799-0d87-44b4-84e9-b18f6a443ba3,savings_deposit,300,2026-06-14,Imported from sene 2018 (Ethiopian) collection sheet
c274e75d-3350-53dd-a7ec-239b5c5806b7,53ff7ea7-b493-5696-ac33-638e20ed23d6,,8469f799-0d87-44b4-84e9-b18f6a443ba3,share_purchase,700,2026-06-14,Imported from sene 2018 (Ethiopian) collection sheet
dbdeea10-4e53-554f-8d7e-40ed5f2e8ef0,ddb4d203-8783-5e23-9a3d-e72378bfa8c5,,8469f799-0d87-44b4-84e9-b18f6a443ba3,savings_deposit,162,2026-06-14,Imported from sene 2018 (Ethiopian) collection sheet
64de7da6-d3c8-55a4-8eee-ca92061cf52d,ddb4d203-8783-5e23-9a3d-e72378bfa8c5,,8469f799-0d87-44b4-84e9-b18f6a443ba3,penalty_payment,302,2026-06-14,Imported from sene 2018 (Ethiopian) collection sheet
e9a575c1-1e52-5ab3-9ebe-47143afdf7e3,40f55d53-b6d1-5f39-87c3-7a1f51dba41f,,8469f799-0d87-44b4-84e9-b18f6a443ba3,savings_deposit,2000,2026-06-14,Imported from sene 2018 (Ethiopian) collection sheet
6ae64245-9076-590f-a4d2-2d0c4e07a761,40f55d53-b6d1-5f39-87c3-7a1f51dba41f,,8469f799-0d87-44b4-84e9-b18f6a443ba3,share_purchase,1000,2026-06-14,Imported from sene 2018 (Ethiopian) collection sheet
1e132435-863e-5756-ba5a-6705847c5269,190f76d1-882b-54af-a156-bf8336cf47bc,,8469f799-0d87-44b4-84e9-b18f6a443ba3,savings_deposit,500,2026-06-14,Imported from sene 2018 (Ethiopian) collection sheet
0872aa25-b7f3-5f15-8f61-8f0627205af1,2a9148cc-142c-550b-b7ba-dc80a11f4914,,8469f799-0d87-44b4-84e9-b18f6a443ba3,savings_deposit,1000,2026-06-14,Imported from sene 2018 (Ethiopian) collection sheet
fc1b3580-edfe-528f-ab50-ada22b453b21,063b4232-a6e8-5c72-8949-eac343337d09,,8469f799-0d87-44b4-84e9-b18f6a443ba3,savings_deposit,1000,2026-06-14,Imported from sene 2018 (Ethiopian) collection sheet
4b34af2d-be43-5166-97e6-5bf28d26a1b1,063b4232-a6e8-5c72-8949-eac343337d09,,8469f799-0d87-44b4-84e9-b18f6a443ba3,share_purchase,2000,2026-06-14,Imported from sene 2018 (Ethiopian) collection sheet
bed4f870-8802-521f-9ff1-9aaf92a034f1,e2583ea5-bea6-58c0-88f9-1dd731746ec6,,8469f799-0d87-44b4-84e9-b18f6a443ba3,savings_deposit,1000,2026-06-14,Imported from sene 2018 (Ethiopian) collection sheet
36354b14-9d32-5da6-8385-5ea4c0c833c4,291b70c1-e4ab-514f-a557-232a75feb979,,8469f799-0d87-44b4-84e9-b18f6a443ba3,savings_deposit,1000,2026-06-14,Imported from sene 2018 (Ethiopian) collection sheet
4a46cc69-3caf-5dfd-a909-c88bcb37aa02,234ef2cd-10db-5e9f-b1a9-c0696ebce40d,,8469f799-0d87-44b4-84e9-b18f6a443ba3,savings_deposit,499,2026-06-14,Imported from sene 2018 (Ethiopian) collection sheet
1257dbad-ce98-5bcf-a45c-930dbfdc6d35,ed85c919-5c3b-5eb4-95c8-b11e7698c38d,,8469f799-0d87-44b4-84e9-b18f6a443ba3,savings_deposit,950,2026-06-14,Imported from sene 2018 (Ethiopian) collection sheet
826d6ca3-c754-5e38-9bdd-b9264285eeec,ed85c919-5c3b-5eb4-95c8-b11e7698c38d,,8469f799-0d87-44b4-84e9-b18f6a443ba3,penalty_payment,50,2026-06-14,Imported from sene 2018 (Ethiopian) collection sheet
5007a3ef-719d-511b-811b-f40df3bdd8aa,8c7cc508-4acf-5805-95a1-d2256303fc96,,8469f799-0d87-44b4-84e9-b18f6a443ba3,savings_deposit,600,2026-06-14,Imported from sene 2018 (Ethiopian) collection sheet
ae8724d8-0a38-5ff4-8286-2458b612d9a2,8c7cc508-4acf-5805-95a1-d2256303fc96,,8469f799-0d87-44b4-84e9-b18f6a443ba3,penalty_payment,50,2026-06-14,Imported from sene 2018 (Ethiopian) collection sheet
e9a62443-441d-574f-9532-f8a09c02c870,c0ec6910-d9a3-55c0-a9e2-a88a91225030,,8469f799-0d87-44b4-84e9-b18f6a443ba3,savings_deposit,300,2026-06-14,Imported from sene 2018 (Ethiopian) collection sheet
877663f6-1208-5c40-8d49-9dfdd8cb19e3,3061b4b5-43d6-5a2f-bc12-e65c7d0b2a07,,8469f799-0d87-44b4-84e9-b18f6a443ba3,savings_deposit,580,2026-06-14,Imported from sene 2018 (Ethiopian) collection sheet
1f048352-1ca8-5d80-912f-3ec3d75df497,46482174-29d4-5343-8060-527c13d865f2,,8469f799-0d87-44b4-84e9-b18f6a443ba3,savings_deposit,1000,2026-06-14,Imported from sene 2018 (Ethiopian) collection sheet
93cd9fe7-9ed7-5a49-8e33-163b149e06e2,5ddc26e5-de48-59a0-83d7-94f66b9e4603,,8469f799-0d87-44b4-84e9-b18f6a443ba3,savings_deposit,2000,2026-06-14,Imported from sene 2018 (Ethiopian) collection sheet
dfce546a-9160-572d-867e-607c4e0817b7,f34fe5ba-00a1-513e-ba67-47de67cfb5e0,,8469f799-0d87-44b4-84e9-b18f6a443ba3,savings_deposit,790,2026-06-14,Imported from sene 2018 (Ethiopian) collection sheet
23bb81dd-5489-52b3-8b03-7258ba4c6973,f34fe5ba-00a1-513e-ba67-47de67cfb5e0,,8469f799-0d87-44b4-84e9-b18f6a443ba3,share_purchase,3000,2026-06-14,Imported from sene 2018 (Ethiopian) collection sheet
2c055dc5-e1a5-5eb3-83cf-ee51dd1a60a2,e56738c4-4c2f-5a94-9f05-992ceed2b0d3,,8469f799-0d87-44b4-84e9-b18f6a443ba3,savings_deposit,500,2026-06-14,Imported from sene 2018 (Ethiopian) collection sheet
dd91bbad-e2c4-51f0-9f31-5429de912731,e56738c4-4c2f-5a94-9f05-992ceed2b0d3,,8469f799-0d87-44b4-84e9-b18f6a443ba3,share_purchase,4500,2026-06-14,Imported from sene 2018 (Ethiopian) collection sheet
2f9025b6-b0bc-5e68-8146-b9b552a96831,5cce1f82-3f5e-5e69-920e-b32eba9c0204,,8469f799-0d87-44b4-84e9-b18f6a443ba3,savings_deposit,1004,2026-06-14,Imported from sene 2018 (Ethiopian) collection sheet
c29ca95b-ba09-5877-ac94-5d8046b7ec26,45af6e13-a8f4-56f2-8ef9-b73c7dd5cdd1,,8469f799-0d87-44b4-84e9-b18f6a443ba3,savings_deposit,299,2026-06-14,Imported from sene 2018 (Ethiopian) collection sheet
4a59b5d5-31bc-5ee1-ba37-0e0b91157091,6c1cccc7-063d-5548-96bf-c8b76b4609bc,,8469f799-0d87-44b4-84e9-b18f6a443ba3,savings_deposit,1000,2026-06-14,Imported from sene 2018 (Ethiopian) collection sheet
1cfe89ea-ec02-5bbf-a9d5-127300675490,6c1cccc7-063d-5548-96bf-c8b76b4609bc,,8469f799-0d87-44b4-84e9-b18f6a443ba3,share_purchase,1000,2026-06-14,Imported from sene 2018 (Ethiopian) collection sheet
9dad2f08-e6eb-5f76-b3ff-9fd7be3ab350,f1f985d6-f79a-5a7e-9417-a15eac7249c0,,8469f799-0d87-44b4-84e9-b18f6a443ba3,savings_deposit,300,2026-06-14,Imported from sene 2018 (Ethiopian) collection sheet
83dd0fe6-09cb-5585-b971-c2ef73849cfd,57956ee2-c849-545e-b15b-4724a8b68210,,8469f799-0d87-44b4-84e9-b18f6a443ba3,savings_deposit,300,2026-06-14,Imported from sene 2018 (Ethiopian) collection sheet
eade1dd9-d033-5c88-bec0-33073e9812ef,57956ee2-c849-545e-b15b-4724a8b68210,,8469f799-0d87-44b4-84e9-b18f6a443ba3,share_purchase,1000,2026-06-14,Imported from sene 2018 (Ethiopian) collection sheet
109ae526-c31d-5e15-bdf6-97345f642b9c,3d0bbb7f-ffd0-58b8-a762-659e62ff49c6,,8469f799-0d87-44b4-84e9-b18f6a443ba3,savings_deposit,800,2026-06-14,Imported from sene 2018 (Ethiopian) collection sheet
0573b497-4504-5f24-970d-177df40fe645,851c52ee-df4c-5558-bf08-b4d8183abfa5,,8469f799-0d87-44b4-84e9-b18f6a443ba3,savings_deposit,916,2026-06-14,Imported from sene 2018 (Ethiopian) collection sheet
a40e5a10-b46a-5615-a110-0e555aa38032,851c52ee-df4c-5558-bf08-b4d8183abfa5,,8469f799-0d87-44b4-84e9-b18f6a443ba3,share_purchase,4000,2026-06-14,Imported from sene 2018 (Ethiopian) collection sheet
a3d18e17-b7d9-5e97-86bc-d081fd0c78a6,7c5ca725-9ded-56ac-b940-fac936b46282,,8469f799-0d87-44b4-84e9-b18f6a443ba3,savings_deposit,1000,2026-06-14,Imported from sene 2018 (Ethiopian) collection sheet
ea0cb3ed-f621-5405-b11a-1f8b25862d92,aad6fb2e-75fe-52ed-b422-b6f3666b5d3e,,8469f799-0d87-44b4-84e9-b18f6a443ba3,savings_deposit,950,2026-06-14,Imported from sene 2018 (Ethiopian) collection sheet
b922187d-ecab-5ec6-9186-cd1ea00f3b56,aad6fb2e-75fe-52ed-b422-b6f3666b5d3e,,8469f799-0d87-44b4-84e9-b18f6a443ba3,penalty_payment,50,2026-06-14,Imported from sene 2018 (Ethiopian) collection sheet
6368fd9f-75d5-5af3-9b9c-220da51913d5,36fd29c5-a786-5484-b733-86fbfe2c1184,,8469f799-0d87-44b4-84e9-b18f6a443ba3,savings_deposit,500,2026-06-14,Imported from sene 2018 (Ethiopian) collection sheet
dbbe35cb-d3f6-5410-b9f8-94dd3a8cbbae,455b7b7c-a0ec-5e51-9939-03896ecd0f48,,8469f799-0d87-44b4-84e9-b18f6a443ba3,savings_deposit,500,2026-06-14,Imported from sene 2018 (Ethiopian) collection sheet
30bcd0ed-358e-51c6-a27d-77006daef9c2,92ece406-1c58-5c89-ab67-c39497211f35,,8469f799-0d87-44b4-84e9-b18f6a443ba3,savings_deposit,1000,2026-06-14,Imported from sene 2018 (Ethiopian) collection sheet
7108d941-5a51-5b02-bfd0-241232147e22,ad62a251-c5c5-57dd-8560-f3108d7e018d,,8469f799-0d87-44b4-84e9-b18f6a443ba3,savings_deposit,1000,2026-06-14,Imported from sene 2018 (Ethiopian) collection sheet
978ee737-9bcc-55eb-85db-09473553a649,ad62a251-c5c5-57dd-8560-f3108d7e018d,,8469f799-0d87-44b4-84e9-b18f6a443ba3,share_purchase,1000,2026-06-14,Imported from sene 2018 (Ethiopian) collection sheet
b02a9dcb-f129-5b66-94aa-6b1aab76480e,702a64d1-c195-57b1-a80b-b826bdb158e3,,8469f799-0d87-44b4-84e9-b18f6a443ba3,savings_deposit,578,2026-06-14,Imported from sene 2018 (Ethiopian) collection sheet
41fcd3f8-3fda-5cd5-9517-9e09a3c22df7,a53169c6-8855-52ab-958f-9f12cb9a5575,,8469f799-0d87-44b4-84e9-b18f6a443ba3,savings_deposit,300,2026-06-14,Imported from sene 2018 (Ethiopian) collection sheet
43c7bf9c-c3da-5439-96aa-c2ccd5e7de36,b3753ad4-8917-51cb-bcf2-00be4a652cf5,,8469f799-0d87-44b4-84e9-b18f6a443ba3,savings_deposit,600,2026-06-14,Imported from sene 2018 (Ethiopian) collection sheet
c72799a2-ef70-5fe4-8cc7-77779ac3b3fb,4eddb914-b607-5910-8203-d43303149149,,8469f799-0d87-44b4-84e9-b18f6a443ba3,savings_deposit,1400,2026-06-14,Imported from sene 2018 (Ethiopian) collection sheet
6f238c06-f2d9-5500-a561-45626c8a39aa,4eddb914-b607-5910-8203-d43303149149,,8469f799-0d87-44b4-84e9-b18f6a443ba3,penalty_payment,431,2026-06-14,Imported from sene 2018 (Ethiopian) collection sheet
3d99415f-aaca-5236-87b5-2cb934d77363,e80494f0-91cb-543b-a13a-cf7a4d60e8b2,,8469f799-0d87-44b4-84e9-b18f6a443ba3,savings_deposit,2000,2026-06-14,Imported from sene 2018 (Ethiopian) collection sheet
72055e23-9181-5c21-972e-e979b15e9d1d,e80494f0-91cb-543b-a13a-cf7a4d60e8b2,,8469f799-0d87-44b4-84e9-b18f6a443ba3,share_purchase,1799,2026-06-14,Imported from sene 2018 (Ethiopian) collection sheet
2d189218-9123-515b-8684-454b4d9a0dd2,29989b23-a726-57ee-a9c9-47185b8fec11,,8469f799-0d87-44b4-84e9-b18f6a443ba3,savings_deposit,500,2026-06-14,Imported from sene 2018 (Ethiopian) collection sheet
d8e19aca-978b-5fac-9186-019dfae262f2,0a763b72-8599-5994-a69c-29167da29bf0,,8469f799-0d87-44b4-84e9-b18f6a443ba3,savings_deposit,500,2026-06-14,Imported from sene 2018 (Ethiopian) collection sheet
fa99e977-5302-5c30-870f-63e1bad3b526,39b48c41-03c3-5fbf-a867-a7f46fa34122,,8469f799-0d87-44b4-84e9-b18f6a443ba3,savings_deposit,500,2026-06-14,Imported from sene 2018 (Ethiopian) collection sheet
877f18b3-a4ef-5475-8374-20eae7932948,ca334b3d-3acd-52a7-983e-ec5b0e203b72,,8469f799-0d87-44b4-84e9-b18f6a443ba3,savings_deposit,446,2026-06-14,Imported from sene 2018 (Ethiopian) collection sheet
2305538b-2750-583f-aea1-b26d6e88e373,3c2609c2-54e1-5a48-9a86-1bc3e84f3051,,8469f799-0d87-44b4-84e9-b18f6a443ba3,savings_deposit,2000,2026-06-14,Imported from sene 2018 (Ethiopian) collection sheet
e95b0ef7-fe49-5cbf-b5ef-86c81d1293a4,3c2609c2-54e1-5a48-9a86-1bc3e84f3051,,8469f799-0d87-44b4-84e9-b18f6a443ba3,share_purchase,70000,2026-06-14,Imported from sene 2018 (Ethiopian) collection sheet
8d07ea0f-42d3-58f3-a70c-eea114d91e8e,125f3d29-ba17-5171-83d2-afeea46bbc03,,8469f799-0d87-44b4-84e9-b18f6a443ba3,savings_deposit,603,2026-06-14,Imported from sene 2018 (Ethiopian) collection sheet
98631dc4-b41e-593f-9510-775d54538b0f,125f3d29-ba17-5171-83d2-afeea46bbc03,,8469f799-0d87-44b4-84e9-b18f6a443ba3,penalty_payment,95,2026-06-14,Imported from sene 2018 (Ethiopian) collection sheet
9a97880b-2110-5f9f-b49a-f3418373b08c,6514871c-f8bd-5888-9734-9ec3e4d2337a,,8469f799-0d87-44b4-84e9-b18f6a443ba3,savings_deposit,1000,2026-06-14,Imported from sene 2018 (Ethiopian) collection sheet
c4d065bd-0180-5717-9ca6-45de159d32fc,6514871c-f8bd-5888-9734-9ec3e4d2337a,,8469f799-0d87-44b4-84e9-b18f6a443ba3,share_purchase,3000,2026-06-14,Imported from sene 2018 (Ethiopian) collection sheet
1e4bca91-d0c6-5360-a4c0-293b81df1877,6514871c-f8bd-5888-9734-9ec3e4d2337a,,8469f799-0d87-44b4-84e9-b18f6a443ba3,penalty_payment,50,2026-06-14,Imported from sene 2018 (Ethiopian) collection sheet
82540a48-dc6a-5bf2-bb2a-78698215d350,1a488e67-9018-5d60-b55e-10337a44cc31,,8469f799-0d87-44b4-84e9-b18f6a443ba3,savings_deposit,500,2026-06-14,Imported from sene 2018 (Ethiopian) collection sheet
7be729f5-7820-541c-983a-a76230086f34,d0f4bdc0-4d06-579e-ae34-1e9738d314c6,,8469f799-0d87-44b4-84e9-b18f6a443ba3,savings_deposit,863,2026-06-14,Imported from sene 2018 (Ethiopian) collection sheet
59875f88-4f26-5a34-b625-d8ea2f403483,11f52fd5-83dc-5f81-adbc-b62c4720f4fb,,8469f799-0d87-44b4-84e9-b18f6a443ba3,savings_deposit,1200,2026-06-14,Imported from sene 2018 (Ethiopian) collection sheet
8f14e985-d888-5568-af62-d952bdf89684,8032a0c2-dae9-57ba-86fc-1a9d80962ddf,,8469f799-0d87-44b4-84e9-b18f6a443ba3,savings_deposit,999,2026-06-14,Imported from sene 2018 (Ethiopian) collection sheet
c6d9694a-67eb-503a-aa9d-314fd819c48f,71f4c2a5-fe70-5477-a35d-3ffbef658197,,8469f799-0d87-44b4-84e9-b18f6a443ba3,savings_deposit,2000,2026-06-14,Imported from sene 2018 (Ethiopian) collection sheet
05794350-7898-5fab-af63-77a6e79f0553,71f4c2a5-fe70-5477-a35d-3ffbef658197,,8469f799-0d87-44b4-84e9-b18f6a443ba3,share_purchase,1000,2026-06-14,Imported from sene 2018 (Ethiopian) collection sheet
171748fa-f7ea-503d-bd08-a5a803845acc,f2f1058c-5d30-5571-8877-d28487edbe16,,8469f799-0d87-44b4-84e9-b18f6a443ba3,savings_deposit,578,2026-06-14,Imported from sene 2018 (Ethiopian) collection sheet
d353337b-f452-5de6-a44a-55298c0f8487,34dd36a5-118a-5e12-a67f-3b49d921bb51,,8469f799-0d87-44b4-84e9-b18f6a443ba3,savings_deposit,2000,2026-06-14,Imported from sene 2018 (Ethiopian) collection sheet
d4b6e316-048a-5949-8354-83846f279936,34dd36a5-118a-5e12-a67f-3b49d921bb51,,8469f799-0d87-44b4-84e9-b18f6a443ba3,share_purchase,3000,2026-06-14,Imported from sene 2018 (Ethiopian) collection sheet
baffdc50-96a0-5de5-91fb-92939baf2fcb,6f5c0e57-34ab-5a5f-9d91-ae406320fc26,,8469f799-0d87-44b4-84e9-b18f6a443ba3,savings_deposit,1000,2026-06-14,Imported from sene 2018 (Ethiopian) collection sheet
f220b7e3-b91f-5669-9ceb-b318d1ff9f90,8cd9b157-768a-527a-90b5-2d0d4628c94a,,8469f799-0d87-44b4-84e9-b18f6a443ba3,savings_deposit,500,2026-06-14,Imported from sene 2018 (Ethiopian) collection sheet
c0c30952-2148-56f9-84f2-38a65b3db10b,354b4c37-2e0b-5f50-923f-75e9c0064233,,8469f799-0d87-44b4-84e9-b18f6a443ba3,savings_deposit,500,2026-06-14,Imported from sene 2018 (Ethiopian) collection sheet
2ad942f0-0443-5ac8-97b9-c23c8705d904,c74a373f-3f8b-59a4-b68d-a6569e7e8345,,8469f799-0d87-44b4-84e9-b18f6a443ba3,penalty_payment,167,2026-06-14,Imported from sene 2018 (Ethiopian) collection sheet
30a64643-2e92-5e8c-8cec-5c2699eda72c,977128b0-a9c7-513f-8db5-812416bc280f,,8469f799-0d87-44b4-84e9-b18f6a443ba3,savings_deposit,402,2026-06-14,Imported from sene 2018 (Ethiopian) collection sheet
2e6eb795-eadd-58b8-a501-381c666eaffb,a1f289ae-ae47-540a-9fe1-8887c6c02727,,8469f799-0d87-44b4-84e9-b18f6a443ba3,savings_deposit,300,2026-06-14,Imported from sene 2018 (Ethiopian) collection sheet
43a8df2b-10ab-5114-a118-be68576d1a2d,f4d3c897-4e25-51d1-bd31-b5266a7f6180,,8469f799-0d87-44b4-84e9-b18f6a443ba3,savings_deposit,499,2026-06-14,Imported from sene 2018 (Ethiopian) collection sheet
c3d0914e-0c95-5427-9388-c10169ce3b9b,f4d3c897-4e25-51d1-bd31-b5266a7f6180,,8469f799-0d87-44b4-84e9-b18f6a443ba3,share_purchase,1350,2026-06-14,Imported from sene 2018 (Ethiopian) collection sheet
90ded562-2b14-571e-9077-a67ec8cb711a,2e5e1ac8-b2fe-5bd4-a1e3-f4032579bda0,,8469f799-0d87-44b4-84e9-b18f6a443ba3,savings_deposit,500,2026-06-14,Imported from sene 2018 (Ethiopian) collection sheet
c07d6fde-4ac6-5396-b9ed-fde874752f97,10f1f992-35ba-5068-a0f7-9f831a267ccb,,8469f799-0d87-44b4-84e9-b18f6a443ba3,savings_deposit,1000,2026-06-14,Imported from sene 2018 (Ethiopian) collection sheet
87583219-2de8-57f2-8e25-13a9595f5240,051eb74f-3bea-595a-a4dc-f08b2b9bf711,,8469f799-0d87-44b4-84e9-b18f6a443ba3,savings_deposit,300,2026-06-14,Imported from sene 2018 (Ethiopian) collection sheet
b72473eb-18f3-5cd5-8f78-3a0fea2e5204,4eed4f71-e460-5a5b-9916-34719987c2aa,,8469f799-0d87-44b4-84e9-b18f6a443ba3,savings_deposit,1000,2026-06-14,Imported from sene 2018 (Ethiopian) collection sheet
f5ec0aac-34f3-5bca-96fe-7878044d1766,3d152d6f-ed5b-5cce-82c4-f386a9ee0ce4,,8469f799-0d87-44b4-84e9-b18f6a443ba3,savings_deposit,330,2026-06-14,Imported from sene 2018 (Ethiopian) collection sheet
0ef715fb-13b7-5a82-98e4-f0b2a3d9ada1,54dcf52c-ffc8-508a-83e0-26063fb2621a,,8469f799-0d87-44b4-84e9-b18f6a443ba3,savings_deposit,499,2026-06-14,Imported from sene 2018 (Ethiopian) collection sheet
c52888e4-c573-5ef5-b339-c928ccf3ea99,c8989434-079a-5278-9c33-cac561d3427a,,8469f799-0d87-44b4-84e9-b18f6a443ba3,savings_deposit,950,2026-06-14,Imported from sene 2018 (Ethiopian) collection sheet
47a02051-c871-5f87-8f60-d7f4d16b9601,c8989434-079a-5278-9c33-cac561d3427a,,8469f799-0d87-44b4-84e9-b18f6a443ba3,penalty_payment,50,2026-06-14,Imported from sene 2018 (Ethiopian) collection sheet
f43a4069-4b8c-5aa7-9586-132ca82ccdf5,0a09f5ef-5adc-5dbb-b71c-6ea36ec43987,,8469f799-0d87-44b4-84e9-b18f6a443ba3,savings_deposit,1000,2026-06-14,Imported from sene 2018 (Ethiopian) collection sheet
b418f29e-dfdb-5de7-90b2-d709f09bb33c,2f80699b-30f8-50d9-b2c6-484d7f9dc1ec,,8469f799-0d87-44b4-84e9-b18f6a443ba3,savings_deposit,300,2026-06-14,Imported from sene 2018 (Ethiopian) collection sheet
6ea2e347-389e-55cc-ac4b-6eebe44cb723,170f7791-7bf0-577c-a043-64fb779a31d9,,8469f799-0d87-44b4-84e9-b18f6a443ba3,savings_deposit,1500,2026-06-14,Imported from sene 2018 (Ethiopian) collection sheet
dc04a8b2-9855-5e95-b721-d03281136f55,00996b02-5241-589e-aeb7-425449f40eb8,,8469f799-0d87-44b4-84e9-b18f6a443ba3,savings_deposit,978,2026-06-14,Imported from sene 2018 (Ethiopian) collection sheet
82355bbe-a056-5325-a481-3514ae57ab3a,00996b02-5241-589e-aeb7-425449f40eb8,,8469f799-0d87-44b4-84e9-b18f6a443ba3,share_purchase,2000,2026-06-14,Imported from sene 2018 (Ethiopian) collection sheet
23ce39be-7fa4-5f2d-b040-00bd704cd388,00996b02-5241-589e-aeb7-425449f40eb8,,8469f799-0d87-44b4-84e9-b18f6a443ba3,penalty_payment,140,2026-06-14,Imported from sene 2018 (Ethiopian) collection sheet
debf0455-61c9-5a60-8422-ec230d214985,beb33a9f-37f1-5872-8cb9-1e26996f8407,,8469f799-0d87-44b4-84e9-b18f6a443ba3,savings_deposit,500,2026-06-14,Imported from sene 2018 (Ethiopian) collection sheet
8bd889f2-e604-591b-8dce-f22af3616a17,76f88045-5002-5b6e-9681-43b735316605,,8469f799-0d87-44b4-84e9-b18f6a443ba3,savings_deposit,500,2026-06-14,Imported from sene 2018 (Ethiopian) collection sheet
7df4dd64-4fe3-59b6-97bb-a21604ed0deb,991e35bc-30fb-5dc8-ac2b-8018c60eddb2,,8469f799-0d87-44b4-84e9-b18f6a443ba3,savings_deposit,500,2026-06-14,Imported from sene 2018 (Ethiopian) collection sheet
91637256-4d4a-52e8-9535-4b863f689527,62734299-08da-5759-bcec-2ee0c758799c,,8469f799-0d87-44b4-84e9-b18f6a443ba3,savings_deposit,501,2026-06-14,Imported from sene 2018 (Ethiopian) collection sheet
353969bd-1a38-56b7-9f9d-007e826eced2,657f1680-7a2b-5bac-8c63-4b8e6d343813,,8469f799-0d87-44b4-84e9-b18f6a443ba3,savings_deposit,1098,2026-06-14,Imported from sene 2018 (Ethiopian) collection sheet
b2603f88-1e30-563a-ba70-d04ada54ce10,869176ce-c515-5353-b0dd-d5925b52340d,,8469f799-0d87-44b4-84e9-b18f6a443ba3,savings_deposit,300,2026-06-14,Imported from sene 2018 (Ethiopian) collection sheet
b35bafe5-894d-57c7-9ed5-f77ae268b350,1de9385b-94da-5913-8519-c4d9da1f84a0,,8469f799-0d87-44b4-84e9-b18f6a443ba3,savings_deposit,300,2026-06-14,Imported from sene 2018 (Ethiopian) collection sheet
42949035-4e72-51f8-8258-6e087ff09dde,aee4b7df-f455-5168-970e-5b37cd8740d3,,8469f799-0d87-44b4-84e9-b18f6a443ba3,savings_deposit,500,2026-06-14,Imported from sene 2018 (Ethiopian) collection sheet
1647dff8-1700-5851-bb51-ba185eee66f1,d7d27b5f-57d6-5506-9ce7-7ab56fd82b56,,8469f799-0d87-44b4-84e9-b18f6a443ba3,savings_deposit,500,2026-06-14,Imported from sene 2018 (Ethiopian) collection sheet
8c7600ed-78b6-5d6d-8f29-b37a307a281c,3bbb05b3-76ad-58f1-891b-6777e08fe734,,8469f799-0d87-44b4-84e9-b18f6a443ba3,savings_deposit,500,2026-06-14,Imported from sene 2018 (Ethiopian) collection sheet
77f7edfc-1a22-5241-a936-2da51dc4935b,f4772095-a982-5f67-9483-de5bd0269aa2,,8469f799-0d87-44b4-84e9-b18f6a443ba3,savings_deposit,700,2026-06-14,Imported from sene 2018 (Ethiopian) collection sheet
e3d5e990-9d0e-59b4-bbd2-5a24b4b93198,b1242fc4-085a-59d9-bd25-3d53db393a95,,8469f799-0d87-44b4-84e9-b18f6a443ba3,savings_deposit,300,2026-06-14,Imported from sene 2018 (Ethiopian) collection sheet
84c7470e-8db3-59b1-bfa7-e78d062414e2,73e6cb68-bbf3-5dd1-84d3-1cba1163b07f,,8469f799-0d87-44b4-84e9-b18f6a443ba3,savings_deposit,300,2026-06-14,Imported from sene 2018 (Ethiopian) collection sheet
a5cdab87-65d1-56c6-8378-d80bfec35189,a4356662-e458-54c8-9ee5-b90949d068cd,,8469f799-0d87-44b4-84e9-b18f6a443ba3,savings_deposit,500,2026-06-14,Imported from sene 2018 (Ethiopian) collection sheet
22dce186-1edd-5ef3-aa31-fc8ac2ab303a,72a8896e-535f-58b2-9a53-39bcdd203fce,,8469f799-0d87-44b4-84e9-b18f6a443ba3,savings_deposit,300,2026-06-14,Imported from sene 2018 (Ethiopian) collection sheet
7c91e30e-01a9-5aeb-8468-1c41a79892c0,a6ebd1b9-8689-5540-b5c3-376f9dc47bdb,,8469f799-0d87-44b4-84e9-b18f6a443ba3,savings_deposit,1000,2026-06-14,Imported from sene 2018 (Ethiopian) collection sheet
b3f5d770-436f-511e-942e-526802f37435,60c2f8aa-0358-56b0-9984-d4186f05f767,,8469f799-0d87-44b4-84e9-b18f6a443ba3,savings_deposit,460,2026-06-14,Imported from sene 2018 (Ethiopian) collection sheet
91de1bb7-a1f4-56d2-8f39-694f3eda6be2,cb6fbfe0-6561-5ae8-abb0-22e11f38b62b,,8469f799-0d87-44b4-84e9-b18f6a443ba3,savings_deposit,500,2026-06-14,Imported from sene 2018 (Ethiopian) collection sheet
a8738efa-792e-51a0-8cb1-18d4dc2814b7,c25c27a2-8d3d-5fa4-99d5-1712bde7ef39,,8469f799-0d87-44b4-84e9-b18f6a443ba3,savings_deposit,149,2026-06-14,Imported from sene 2018 (Ethiopian) collection sheet
a5a74316-2b9e-5f1d-9e7d-51615209f1e5,1ad8f71e-4f15-52fb-8ad6-158e2ccac339,,8469f799-0d87-44b4-84e9-b18f6a443ba3,savings_deposit,500,2026-06-14,Imported from sene 2018 (Ethiopian) collection sheet
b6c2ae7e-05a5-53f4-a59e-b59ae0063bbd,1ad8f71e-4f15-52fb-8ad6-158e2ccac339,,8469f799-0d87-44b4-84e9-b18f6a443ba3,share_purchase,500,2026-06-14,Imported from sene 2018 (Ethiopian) collection sheet
4ea9aa95-0216-5e51-90d2-f0cdd8637e6b,f76d7cab-6a2e-5d14-89da-26ccafbd3be0,,8469f799-0d87-44b4-84e9-b18f6a443ba3,savings_deposit,500,2026-06-14,Imported from sene 2018 (Ethiopian) collection sheet
1df7a57f-766a-56aa-a5dc-87d168dd885a,fc4352be-369e-5598-8274-98a6cae1f207,,8469f799-0d87-44b4-84e9-b18f6a443ba3,savings_deposit,480,2026-06-14,Imported from sene 2018 (Ethiopian) collection sheet
c0b1aa72-9b54-52d8-bc42-8500a8a24bfa,c3a66182-f9eb-55b0-a3f4-fe924a4dec95,,8469f799-0d87-44b4-84e9-b18f6a443ba3,savings_deposit,500,2026-06-14,Imported from sene 2018 (Ethiopian) collection sheet
8bac5d9c-d6b8-5251-b5ed-af8fc120649c,d3faf4eb-9546-5aa9-9995-1d985500ac16,,8469f799-0d87-44b4-84e9-b18f6a443ba3,savings_deposit,500,2026-06-14,Imported from sene 2018 (Ethiopian) collection sheet
5f0acbb9-bee9-533d-a5b8-e65c1c582f51,d3faf4eb-9546-5aa9-9995-1d985500ac16,,8469f799-0d87-44b4-84e9-b18f6a443ba3,share_purchase,500,2026-06-14,Imported from sene 2018 (Ethiopian) collection sheet
f7666b03-2810-514a-912d-6841a2e54f16,6c8bee9a-74b1-5e90-afac-e0a6e165fcef,,8469f799-0d87-44b4-84e9-b18f6a443ba3,savings_deposit,1000,2026-06-14,Imported from sene 2018 (Ethiopian) collection sheet
89e0cdf6-cfbc-581c-bddb-e71a5a0ad6ff,6c8bee9a-74b1-5e90-afac-e0a6e165fcef,,8469f799-0d87-44b4-84e9-b18f6a443ba3,share_purchase,1000,2026-06-14,Imported from sene 2018 (Ethiopian) collection sheet
bd659fff-937f-5399-918b-c2edbe6792bb,53198375-0834-5854-95d3-f14812d02e9f,,8469f799-0d87-44b4-84e9-b18f6a443ba3,savings_deposit,1000,2026-06-14,Imported from sene 2018 (Ethiopian) collection sheet
b731121d-0930-53ed-8696-0aee3146fa97,53198375-0834-5854-95d3-f14812d02e9f,,8469f799-0d87-44b4-84e9-b18f6a443ba3,share_purchase,1000,2026-06-14,Imported from sene 2018 (Ethiopian) collection sheet
92ecfed5-bd21-503a-9a78-bdb794973af6,653a7e72-171e-5a5b-a8bc-a744f16e7542,,8469f799-0d87-44b4-84e9-b18f6a443ba3,savings_deposit,1000,2026-06-14,Imported from sene 2018 (Ethiopian) collection sheet
6077b889-3a0c-59bd-8d79-961e6de0f52c,653a7e72-171e-5a5b-a8bc-a744f16e7542,,8469f799-0d87-44b4-84e9-b18f6a443ba3,share_purchase,1000,2026-06-14,Imported from sene 2018 (Ethiopian) collection sheet
e86d6391-7606-5a6b-8632-c1f4f18450c6,439dca62-e8ee-5687-96ba-ed76048724b5,,8469f799-0d87-44b4-84e9-b18f6a443ba3,savings_deposit,500,2026-06-14,Imported from sene 2018 (Ethiopian) collection sheet
1154a505-21d1-5a8f-84ab-1019d91a94a9,9bcb279d-1071-5ff0-aae5-53ea184ce725,,8469f799-0d87-44b4-84e9-b18f6a443ba3,savings_deposit,515,2026-06-14,Imported from sene 2018 (Ethiopian) collection sheet
11f8bbbb-9286-5cea-8924-ea00bfe21b10,fdf165ea-a6ad-5b9a-a7ed-146969ee7817,,8469f799-0d87-44b4-84e9-b18f6a443ba3,savings_deposit,1500,2026-06-14,Imported from sene 2018 (Ethiopian) collection sheet
fbe749d1-8e7a-59de-9d89-f2ceacff46ff,fdf165ea-a6ad-5b9a-a7ed-146969ee7817,,8469f799-0d87-44b4-84e9-b18f6a443ba3,share_purchase,500,2026-06-14,Imported from sene 2018 (Ethiopian) collection sheet
4ea6d116-e3f5-575b-a656-03ab089901c3,319312c6-6801-528d-b138-81bcf7aba92e,,8469f799-0d87-44b4-84e9-b18f6a443ba3,savings_deposit,482,2026-06-14,Imported from sene 2018 (Ethiopian) collection sheet
ce501331-7ca5-5574-8bb0-e9dbe6402a73,a771f0ce-7daf-5dc3-8fdf-a04e8fe108cc,,8469f799-0d87-44b4-84e9-b18f6a443ba3,savings_deposit,500,2026-06-14,Imported from sene 2018 (Ethiopian) collection sheet
f18149d1-c01f-52ef-81a3-860bb636d952,fdaaa5b7-6f56-5f9a-8cb6-1134927a1df1,,8469f799-0d87-44b4-84e9-b18f6a443ba3,savings_deposit,500,2026-06-14,Imported from sene 2018 (Ethiopian) collection sheet
b611e617-4042-514f-a7c8-f990b99e9e0f,dc05a34e-7603-5430-8644-1006b5eb9ce8,,8469f799-0d87-44b4-84e9-b18f6a443ba3,savings_deposit,1500,2026-06-14,Imported from sene 2018 (Ethiopian) collection sheet
6da7ec8f-c559-5787-8242-28254dabf08c,1312a235-bded-5cc9-9115-fbe26eb8d4ff,,8469f799-0d87-44b4-84e9-b18f6a443ba3,savings_deposit,500,2026-06-14,Imported from sene 2018 (Ethiopian) collection sheet
f6dbbcf2-2cc5-5e4c-b3de-ce29f38389f7,00504940-bbb4-52dd-9bed-81b31d16e60c,,8469f799-0d87-44b4-84e9-b18f6a443ba3,savings_deposit,300,2026-06-14,Imported from sene 2018 (Ethiopian) collection sheet
b86c83c8-1bc3-5e4b-98a5-cdec7fbc398d,4c1c461a-ae9f-5b76-980a-956c802b4225,,8469f799-0d87-44b4-84e9-b18f6a443ba3,savings_deposit,1300,2026-06-14,Imported from sene 2018 (Ethiopian) collection sheet
a36ee8ac-39dc-52d4-a722-486cd6d9d11d,5b09d4aa-c1b0-512a-a1dc-de6bb23c0fa2,,8469f799-0d87-44b4-84e9-b18f6a443ba3,savings_deposit,514,2026-06-14,Imported from sene 2018 (Ethiopian) collection sheet
d64a65fc-bdd6-50a8-a489-3f1f41581cdd,7de65b59-a390-528f-9574-24528382dc93,,8469f799-0d87-44b4-84e9-b18f6a443ba3,savings_deposit,500,2026-06-14,Imported from sene 2018 (Ethiopian) collection sheet
302b36f2-b878-5ff7-a414-796a7a3574f8,094105d3-95fc-5ef8-9498-a9da1f7bd987,,8469f799-0d87-44b4-84e9-b18f6a443ba3,savings_deposit,500,2026-06-14,Imported from sene 2018 (Ethiopian) collection sheet
e28261da-5ba5-56f6-a319-efdd1336a04c,6c7e695e-1c69-5ba8-8e86-11220259cea5,,8469f799-0d87-44b4-84e9-b18f6a443ba3,savings_deposit,2000,2026-06-14,Imported from sene 2018 (Ethiopian) collection sheet
76fe7348-0457-587e-80f2-41dac4fa1e91,6c7e695e-1c69-5ba8-8e86-11220259cea5,,8469f799-0d87-44b4-84e9-b18f6a443ba3,share_purchase,1982,2026-06-14,Imported from sene 2018 (Ethiopian) collection sheet
e27743c5-3d5b-5d51-bc00-e4e997851dba,640b242e-d25d-5d03-ac35-6d4ada4340a4,,8469f799-0d87-44b4-84e9-b18f6a443ba3,savings_deposit,500,2026-06-14,Imported from sene 2018 (Ethiopian) collection sheet
7cf06162-eb12-5e02-9dad-9f6e5c61d65f,640b242e-d25d-5d03-ac35-6d4ada4340a4,,8469f799-0d87-44b4-84e9-b18f6a443ba3,share_purchase,500,2026-06-14,Imported from sene 2018 (Ethiopian) collection sheet
9977deea-cda0-56f4-9ef4-deedfb2fdba6,b6399dcf-1caa-5da3-bb09-d4f79922e2ed,,8469f799-0d87-44b4-84e9-b18f6a443ba3,savings_deposit,500,2026-06-14,Imported from sene 2018 (Ethiopian) collection sheet
1efaba7d-68f8-5982-a9eb-7784370fc01f,fcee7f90-a4ed-5bb4-bc0a-7f04623c694a,,8469f799-0d87-44b4-84e9-b18f6a443ba3,savings_deposit,500,2026-06-14,Imported from sene 2018 (Ethiopian) collection sheet
63e0cf4d-cdc3-535f-8def-72626e8bfbf3,980a1405-2a66-53ba-b246-90cc1bcd9824,,8469f799-0d87-44b4-84e9-b18f6a443ba3,savings_deposit,500,2026-06-14,Imported from sene 2018 (Ethiopian) collection sheet
0f71b945-257b-5716-8256-2480e0a5ba33,ae5e0f27-63ff-5cfe-b320-5839eccb0f39,,8469f799-0d87-44b4-84e9-b18f6a443ba3,savings_deposit,500,2026-06-14,Imported from sene 2018 (Ethiopian) collection sheet
f41013cc-efa4-5038-84a8-ced13770eaea,ae5e0f27-63ff-5cfe-b320-5839eccb0f39,,8469f799-0d87-44b4-84e9-b18f6a443ba3,share_purchase,1000,2026-06-14,Imported from sene 2018 (Ethiopian) collection sheet
576369be-3439-5482-9527-64c8a4c42c4f,f21a7119-21e1-5886-a094-aeef9ea90120,,8469f799-0d87-44b4-84e9-b18f6a443ba3,savings_deposit,769,2026-06-14,Imported from sene 2018 (Ethiopian) collection sheet
5ca4efa4-33a8-56d3-94a9-c71652c8cfae,286ecb3c-8211-53a0-97be-24e354b06a1d,,8469f799-0d87-44b4-84e9-b18f6a443ba3,savings_deposit,500,2026-06-14,Imported from sene 2018 (Ethiopian) collection sheet
b9cab6d5-e8a1-5f00-9d47-e0d342e160a1,ddc514dd-8a84-5b7e-a501-88fdbfec0106,,8469f799-0d87-44b4-84e9-b18f6a443ba3,savings_deposit,2000,2026-06-14,Imported from sene 2018 (Ethiopian) collection sheet
7df97cfb-7940-559a-8cb6-75934647bd6b,737a8d1b-4900-52ab-a075-9e94a6135e5a,,8469f799-0d87-44b4-84e9-b18f6a443ba3,savings_deposit,1057,2026-06-14,Imported from sene 2018 (Ethiopian) collection sheet
d7461ba6-7037-51bf-a40f-67b236e80d55,d82e3094-7b6c-5331-b605-63ab2e240d21,,8469f799-0d87-44b4-84e9-b18f6a443ba3,savings_deposit,1000,2026-06-14,Imported from sene 2018 (Ethiopian) collection sheet
bf1aff46-e2b7-5cf6-b215-33f8e04a8420,47ec08e9-732a-5965-8cd9-d5cd3b4e9c48,,8469f799-0d87-44b4-84e9-b18f6a443ba3,savings_deposit,1434,2026-06-14,Imported from sene 2018 (Ethiopian) collection sheet
8550da8b-fc49-5f7e-82d7-10d32e8402e2,47ec08e9-732a-5965-8cd9-d5cd3b4e9c48,,8469f799-0d87-44b4-84e9-b18f6a443ba3,penalty_payment,167,2026-06-14,Imported from sene 2018 (Ethiopian) collection sheet
26046fa9-6f25-5d05-b1b9-6a2c3d050d42,760554fa-d88d-565f-8205-3c6ef1abd75c,,8469f799-0d87-44b4-84e9-b18f6a443ba3,savings_deposit,1000,2026-06-14,Imported from sene 2018 (Ethiopian) collection sheet
bb352c6b-971b-5197-b347-ffb929bd37e6,760554fa-d88d-565f-8205-3c6ef1abd75c,,8469f799-0d87-44b4-84e9-b18f6a443ba3,penalty_payment,50,2026-06-14,Imported from sene 2018 (Ethiopian) collection sheet
bc0c2387-88af-531a-9e43-3c8b1d42ba3e,85a64810-64c3-58ca-86e7-eb62fc6c2060,,8469f799-0d87-44b4-84e9-b18f6a443ba3,savings_deposit,100,2026-06-14,Imported from sene 2018 (Ethiopian) collection sheet
81130712-c162-5029-a1a7-0821ce887ae9,a2e78812-b8db-5915-ac41-4c459014f26f,,8469f799-0d87-44b4-84e9-b18f6a443ba3,savings_deposit,2000,2026-06-14,Imported from sene 2018 (Ethiopian) collection sheet
af071e78-0cf4-51c4-b647-f25f0ab29d00,a2e78812-b8db-5915-ac41-4c459014f26f,,8469f799-0d87-44b4-84e9-b18f6a443ba3,share_purchase,3981,2026-06-14,Imported from sene 2018 (Ethiopian) collection sheet
113b26fb-4750-5568-940b-e1944455fab3,7985d6cf-d3d7-54e1-934e-55ea3e0244e1,,8469f799-0d87-44b4-84e9-b18f6a443ba3,savings_deposit,619,2026-06-14,Imported from sene 2018 (Ethiopian) collection sheet
f0cd7556-6464-54e7-983f-d57ce156989d,2026c4da-1714-521d-8595-16301af3fd86,,8469f799-0d87-44b4-84e9-b18f6a443ba3,savings_deposit,500,2026-06-14,Imported from sene 2018 (Ethiopian) collection sheet
d9661af5-2249-5aed-a124-e9b43ba15119,48348d28-35b4-5a0c-b871-86b6516eadc9,,8469f799-0d87-44b4-84e9-b18f6a443ba3,savings_deposit,1000,2026-06-14,Imported from sene 2018 (Ethiopian) collection sheet
bc015271-e402-5502-8f20-fa0a829ef8f7,2cb9dc21-141f-5c94-a3a2-53c9146b95d9,,8469f799-0d87-44b4-84e9-b18f6a443ba3,savings_deposit,1999,2026-06-14,Imported from sene 2018 (Ethiopian) collection sheet
fb5e1ea4-dd62-5e09-abaa-16a404ee1cab,28376a0f-18b1-5402-b40c-67d5b9b27df0,,8469f799-0d87-44b4-84e9-b18f6a443ba3,penalty_payment,280,2026-06-14,Imported from sene 2018 (Ethiopian) collection sheet
3c231143-70e8-5252-9884-4eaf8c172195,b32fac1a-aa87-568b-b93b-e5763112b61d,,8469f799-0d87-44b4-84e9-b18f6a443ba3,savings_deposit,520,2026-06-14,Imported from sene 2018 (Ethiopian) collection sheet
069e96b1-8881-5d8e-b44e-9d19a37ff367,414b6ffc-f127-5a64-9f70-c41106f36639,,8469f799-0d87-44b4-84e9-b18f6a443ba3,savings_deposit,1000,2026-06-14,Imported from sene 2018 (Ethiopian) collection sheet
09d04e7a-3896-5b55-93fc-033ff0f62cd3,049218fa-9e5a-5b66-b2bd-8b33630b5130,,8469f799-0d87-44b4-84e9-b18f6a443ba3,savings_deposit,519,2026-06-14,Imported from sene 2018 (Ethiopian) collection sheet
94e7b131-af91-54b8-b21e-e692e027d153,049218fa-9e5a-5b66-b2bd-8b33630b5130,,8469f799-0d87-44b4-84e9-b18f6a443ba3,share_purchase,619,2026-06-14,Imported from sene 2018 (Ethiopian) collection sheet
25ebfe48-ff7f-5d0d-be54-778733a3ea90,35fdeddd-15b6-5e4f-ae4d-0470a098c6bb,,8469f799-0d87-44b4-84e9-b18f6a443ba3,savings_deposit,300,2026-06-14,Imported from sene 2018 (Ethiopian) collection sheet
2ee15bfd-47c0-59d8-8395-deb4262149f0,51987227-8d50-5cc6-b629-42d0dc1ec837,,8469f799-0d87-44b4-84e9-b18f6a443ba3,savings_deposit,1000,2026-06-14,Imported from sene 2018 (Ethiopian) collection sheet
72025f4d-9a3e-548a-a20e-635250009714,643e30d9-af60-5c78-a1d6-74388a9af0f9,,8469f799-0d87-44b4-84e9-b18f6a443ba3,savings_deposit,1000,2026-06-14,Imported from sene 2018 (Ethiopian) collection sheet
0c08354c-63d3-5d66-9f27-cb43f5e4eaa9,643e30d9-af60-5c78-a1d6-74388a9af0f9,,8469f799-0d87-44b4-84e9-b18f6a443ba3,share_purchase,1000,2026-06-14,Imported from sene 2018 (Ethiopian) collection sheet
bcc24030-053c-5300-b120-c07d8a94d2e6,0c0a5dc8-0a60-5d67-9aba-378c65dfad91,,8469f799-0d87-44b4-84e9-b18f6a443ba3,savings_deposit,950,2026-06-14,Imported from sene 2018 (Ethiopian) collection sheet
928b649c-d80d-59b6-a66a-f36a96857119,0c0a5dc8-0a60-5d67-9aba-378c65dfad91,,8469f799-0d87-44b4-84e9-b18f6a443ba3,penalty_payment,50,2026-06-14,Imported from sene 2018 (Ethiopian) collection sheet
8e81ad4b-9936-5088-820d-649630d0bf01,f88d8e5f-0ed1-5e58-bdfc-8df9e93c0195,,8469f799-0d87-44b4-84e9-b18f6a443ba3,savings_deposit,1000,2026-06-14,Imported from sene 2018 (Ethiopian) collection sheet
4ca7747d-f9fe-5228-aaf9-ca07114aa406,f88d8e5f-0ed1-5e58-bdfc-8df9e93c0195,,8469f799-0d87-44b4-84e9-b18f6a443ba3,share_purchase,1000,2026-06-14,Imported from sene 2018 (Ethiopian) collection sheet
8812fd5a-a283-505b-890c-c819ab829bf0,7e79d9ef-cc12-51b8-8044-3ca5e1e3d377,,8469f799-0d87-44b4-84e9-b18f6a443ba3,savings_deposit,1000,2026-06-14,Imported from sene 2018 (Ethiopian) collection sheet
58078060-6f6c-5dfc-9e4e-20e70e27cdc1,7e79d9ef-cc12-51b8-8044-3ca5e1e3d377,,8469f799-0d87-44b4-84e9-b18f6a443ba3,share_purchase,500,2026-06-14,Imported from sene 2018 (Ethiopian) collection sheet
206462ab-1291-5ac6-bd31-15e0197714db,40cd2138-10ea-53af-a42e-8bb58521e9ae,,8469f799-0d87-44b4-84e9-b18f6a443ba3,savings_deposit,450,2026-06-14,Imported from sene 2018 (Ethiopian) collection sheet
af57a00e-c8ac-52c8-9adb-77ca0dd0b5ad,40cd2138-10ea-53af-a42e-8bb58521e9ae,,8469f799-0d87-44b4-84e9-b18f6a443ba3,share_purchase,500,2026-06-14,Imported from sene 2018 (Ethiopian) collection sheet
7282dd73-dc66-5357-9a86-786527466cdc,40cd2138-10ea-53af-a42e-8bb58521e9ae,,8469f799-0d87-44b4-84e9-b18f6a443ba3,penalty_payment,50,2026-06-14,Imported from sene 2018 (Ethiopian) collection sheet
8716e07f-986e-50e4-8044-f20ce6907832,fd4fc03e-beed-599e-a862-bf1ebb489d28,,8469f799-0d87-44b4-84e9-b18f6a443ba3,savings_deposit,450,2026-06-14,Imported from sene 2018 (Ethiopian) collection sheet
e0c54da5-de99-5a10-a3ca-87e2e56394a0,fd4fc03e-beed-599e-a862-bf1ebb489d28,,8469f799-0d87-44b4-84e9-b18f6a443ba3,share_purchase,300,2026-06-14,Imported from sene 2018 (Ethiopian) collection sheet
5165569a-4e98-5e4b-9946-251582f7e477,fd4fc03e-beed-599e-a862-bf1ebb489d28,,8469f799-0d87-44b4-84e9-b18f6a443ba3,penalty_payment,50,2026-06-14,Imported from sene 2018 (Ethiopian) collection sheet
cdbe9ea8-31c7-5d63-9d76-fa040485b8d9,a31db2ec-9d4a-5d1a-b551-cc423673ea8a,,8469f799-0d87-44b4-84e9-b18f6a443ba3,savings_deposit,500,2026-06-14,Imported from sene 2018 (Ethiopian) collection sheet
5c69db6a-d210-5f4c-a2e1-ee99f6e658e6,7b0770a8-2173-5070-80f4-3cc171ab8378,,8469f799-0d87-44b4-84e9-b18f6a443ba3,savings_deposit,2000,2026-06-14,Imported from sene 2018 (Ethiopian) collection sheet
e79098d6-055a-5aa1-a7a5-0a96d798362d,7b0770a8-2173-5070-80f4-3cc171ab8378,,8469f799-0d87-44b4-84e9-b18f6a443ba3,share_purchase,8000,2026-06-14,Imported from sene 2018 (Ethiopian) collection sheet
2078b864-4944-5224-9d14-a590fb2fee7d,a4abc03d-99d2-5421-9712-1e1eb35acc37,,8469f799-0d87-44b4-84e9-b18f6a443ba3,savings_deposit,77,2026-06-14,Imported from sene 2018 (Ethiopian) collection sheet
6e8fb247-886e-58fa-8404-7c1c6e894aae,f7a5e560-da9b-5bf0-96c3-9a087507a3a5,,8469f799-0d87-44b4-84e9-b18f6a443ba3,savings_deposit,950,2026-06-14,Imported from sene 2018 (Ethiopian) collection sheet
4cd77fb3-1dc9-5fe0-bee4-9d73e2f2a3d1,f7a5e560-da9b-5bf0-96c3-9a087507a3a5,,8469f799-0d87-44b4-84e9-b18f6a443ba3,penalty_payment,50,2026-06-14,Imported from sene 2018 (Ethiopian) collection sheet
a6b0a7dd-02ed-5745-b206-33a7b7af5ef7,2e2b55a7-2c48-5b27-ab85-e84cfe6ba873,,8469f799-0d87-44b4-84e9-b18f6a443ba3,savings_deposit,2000,2026-06-14,Imported from sene 2018 (Ethiopian) collection sheet
10078488-3439-5a77-a305-b02227e7ccab,26cf5d2f-1d72-5d7f-ada9-7379077b11ae,,8469f799-0d87-44b4-84e9-b18f6a443ba3,savings_deposit,500,2026-06-14,Imported from sene 2018 (Ethiopian) collection sheet
d312231e-00a3-5027-840f-9f73a477dc90,d413f918-479b-57e9-87d9-23d6708d8d81,,8469f799-0d87-44b4-84e9-b18f6a443ba3,savings_deposit,500,2026-06-14,Imported from sene 2018 (Ethiopian) collection sheet
60a794cf-2bd6-5006-b38b-abee1955a4e5,f2915524-e894-5bde-aecd-da2bed49a70c,,8469f799-0d87-44b4-84e9-b18f6a443ba3,savings_deposit,500,2026-06-14,Imported from sene 2018 (Ethiopian) collection sheet
e34f8789-7957-5e86-b215-3fd1144831a2,8cbc921c-b09b-5afb-8361-fa63c61ffd8a,,8469f799-0d87-44b4-84e9-b18f6a443ba3,savings_deposit,1000,2026-06-14,Imported from sene 2018 (Ethiopian) collection sheet
249ef6f5-911e-53fa-a561-5458cd19a70f,1f0dbffc-ffca-5b20-b4fb-3b17fbe5a239,,8469f799-0d87-44b4-84e9-b18f6a443ba3,savings_deposit,1000,2026-06-14,Imported from sene 2018 (Ethiopian) collection sheet
bcaaa6f8-c1c8-5a38-8786-7a3f846fac43,1f0dbffc-ffca-5b20-b4fb-3b17fbe5a239,,8469f799-0d87-44b4-84e9-b18f6a443ba3,share_purchase,1000,2026-06-14,Imported from sene 2018 (Ethiopian) collection sheet
19eef661-de83-5466-b90e-999cfceff077,b5824845-954a-56c9-92b3-946cdcce91f7,,8469f799-0d87-44b4-84e9-b18f6a443ba3,savings_deposit,2084,2026-06-14,Imported from sene 2018 (Ethiopian) collection sheet
466ef9e4-9193-5475-8899-62a79676c53d,b5824845-954a-56c9-92b3-946cdcce91f7,,8469f799-0d87-44b4-84e9-b18f6a443ba3,penalty_payment,316,2026-06-14,Imported from sene 2018 (Ethiopian) collection sheet
d5536309-493c-508a-bfeb-bd9620437fcd,0799c4e9-58bc-5b55-b3bb-822f9120af53,,8469f799-0d87-44b4-84e9-b18f6a443ba3,savings_deposit,1000,2026-06-14,Imported from sene 2018 (Ethiopian) collection sheet
7095c1d3-52b4-5f93-9ff8-d9b9e2c61030,404705d2-d41d-5bd5-8836-1b5feb5214f8,,8469f799-0d87-44b4-84e9-b18f6a443ba3,savings_deposit,2000,2026-06-14,Imported from sene 2018 (Ethiopian) collection sheet
d3b31c25-fdb3-5faa-840c-33de9f835f49,404705d2-d41d-5bd5-8836-1b5feb5214f8,,8469f799-0d87-44b4-84e9-b18f6a443ba3,share_purchase,4000,2026-06-14,Imported from sene 2018 (Ethiopian) collection sheet
c8a50353-9ef0-576a-bdd3-25c601eab639,404705d2-d41d-5bd5-8836-1b5feb5214f8,,8469f799-0d87-44b4-84e9-b18f6a443ba3,penalty_payment,50,2026-06-14,Imported from sene 2018 (Ethiopian) collection sheet
5261a1b1-623b-5d17-aaab-2fac228608e9,6137a13d-bb02-50d8-a60c-81b54bebaab0,,8469f799-0d87-44b4-84e9-b18f6a443ba3,savings_deposit,2000,2026-06-14,Imported from sene 2018 (Ethiopian) collection sheet
c68801d4-bdaa-5841-ae1f-aee580d00b9a,6137a13d-bb02-50d8-a60c-81b54bebaab0,,8469f799-0d87-44b4-84e9-b18f6a443ba3,share_purchase,2000,2026-06-14,Imported from sene 2018 (Ethiopian) collection sheet
4e2233d5-790f-5e5d-83eb-b512c904bbd2,e0a1cd41-f09b-584c-a323-5e24952b99ee,,8469f799-0d87-44b4-84e9-b18f6a443ba3,savings_deposit,1250,2026-06-14,Imported from sene 2018 (Ethiopian) collection sheet
b2a18e96-5096-56c2-8edc-eec640964504,b3d4ad0c-ee3c-53a5-a951-a9759c819236,,8469f799-0d87-44b4-84e9-b18f6a443ba3,savings_deposit,1000,2026-06-14,Imported from sene 2018 (Ethiopian) collection sheet
50145a4c-de68-564c-9b5b-648f2146da87,b3d4ad0c-ee3c-53a5-a951-a9759c819236,,8469f799-0d87-44b4-84e9-b18f6a443ba3,share_purchase,1000,2026-06-14,Imported from sene 2018 (Ethiopian) collection sheet
897c7b55-71fe-58e4-8b61-c10901448c71,8fc8de0b-78bc-545e-8408-2189a31760ec,,8469f799-0d87-44b4-84e9-b18f6a443ba3,savings_deposit,1090,2026-06-14,Imported from sene 2018 (Ethiopian) collection sheet
e0be278e-91bf-587b-9901-95acd7618ddf,59b2b2dc-7289-54a6-9435-57bf25be75c7,,8469f799-0d87-44b4-84e9-b18f6a443ba3,savings_deposit,1000,2026-06-14,Imported from sene 2018 (Ethiopian) collection sheet
a61dcf70-7114-514b-a832-b73d8f8fb12d,59b2b2dc-7289-54a6-9435-57bf25be75c7,,8469f799-0d87-44b4-84e9-b18f6a443ba3,share_purchase,1199,2026-06-14,Imported from sene 2018 (Ethiopian) collection sheet
1e6e81d3-0066-52ab-80b4-1596dbe2cadb,95154953-c3dd-55eb-9284-60060b3e99a8,,8469f799-0d87-44b4-84e9-b18f6a443ba3,savings_deposit,750,2026-06-14,Imported from sene 2018 (Ethiopian) collection sheet
0874a6f8-7650-55b2-8e31-66b94033cd4e,06fa8212-7f04-5497-a2b6-310f1c798b46,,8469f799-0d87-44b4-84e9-b18f6a443ba3,savings_deposit,1000,2026-06-14,Imported from sene 2018 (Ethiopian) collection sheet
d63e4c91-6925-5a09-a09f-5d119f1408a1,06fa8212-7f04-5497-a2b6-310f1c798b46,,8469f799-0d87-44b4-84e9-b18f6a443ba3,share_purchase,1000,2026-06-14,Imported from sene 2018 (Ethiopian) collection sheet
878b7f30-617f-55a0-a0da-bde6d8f59d5e,14097ace-d5d4-58a0-b4e8-d735db008348,,8469f799-0d87-44b4-84e9-b18f6a443ba3,savings_deposit,2000,2026-06-14,Imported from sene 2018 (Ethiopian) collection sheet
6b3d0680-a456-5ab8-a609-a324f2adbc57,35075fef-07f6-5252-8183-cc3a2f16eb41,,8469f799-0d87-44b4-84e9-b18f6a443ba3,savings_deposit,500,2026-06-14,Imported from sene 2018 (Ethiopian) collection sheet
3cca55bb-9749-5496-a3e2-34d4c2edb14a,35075fef-07f6-5252-8183-cc3a2f16eb41,,8469f799-0d87-44b4-84e9-b18f6a443ba3,share_purchase,500,2026-06-14,Imported from sene 2018 (Ethiopian) collection sheet
70cee56c-b736-5cca-a061-9bd5c90e3b31,cf50d566-4405-5b00-b14c-0d5020d22c31,,8469f799-0d87-44b4-84e9-b18f6a443ba3,savings_deposit,500,2026-06-14,Imported from sene 2018 (Ethiopian) collection sheet
30f22556-1f9e-5e72-a819-c2c84793740a,5aaf0160-4ec6-5a7c-b189-1ba82739d136,,8469f799-0d87-44b4-84e9-b18f6a443ba3,savings_deposit,2000,2026-06-14,Imported from sene 2018 (Ethiopian) collection sheet
06d86719-eab4-500d-b4d6-8804ea398882,fc282955-0b0a-54ad-8057-22d4d660b8f3,,8469f799-0d87-44b4-84e9-b18f6a443ba3,savings_deposit,1000,2026-06-14,Imported from sene 2018 (Ethiopian) collection sheet
c0c3685f-d577-5493-aa74-841d688c6a19,fc282955-0b0a-54ad-8057-22d4d660b8f3,,8469f799-0d87-44b4-84e9-b18f6a443ba3,share_purchase,10000,2026-06-14,Imported from sene 2018 (Ethiopian) collection sheet
6f27afbd-f55a-5be6-9013-7c8d87719a1c,7ff58eac-03b8-5c06-83a7-d23117961668,,8469f799-0d87-44b4-84e9-b18f6a443ba3,savings_deposit,2000,2026-06-14,Imported from sene 2018 (Ethiopian) collection sheet
f63a0ab6-6b5a-5a66-8877-d3277774fa4b,7ff58eac-03b8-5c06-83a7-d23117961668,,8469f799-0d87-44b4-84e9-b18f6a443ba3,share_purchase,2000,2026-06-14,Imported from sene 2018 (Ethiopian) collection sheet
afac721c-41bb-5b7e-8729-3ea28578a165,b2efb9cd-1182-562a-9d94-094f7d382bee,,8469f799-0d87-44b4-84e9-b18f6a443ba3,savings_deposit,300,2026-06-14,Imported from sene 2018 (Ethiopian) collection sheet
32dad80f-7090-5f8f-99e1-a90f9d74a781,3912ff00-0f6f-5b2c-9347-85cf4836d771,,8469f799-0d87-44b4-84e9-b18f6a443ba3,savings_deposit,300,2026-06-14,Imported from sene 2018 (Ethiopian) collection sheet
f7b1cf1c-7918-5e2b-b6ef-50b8e4fbec6d,50b83ed9-e5bb-5b8d-8732-2ec2c6a7205b,,8469f799-0d87-44b4-84e9-b18f6a443ba3,savings_deposit,1000,2026-06-14,Imported from sene 2018 (Ethiopian) collection sheet
41399c93-8745-5247-b44b-616d84d04c48,50b83ed9-e5bb-5b8d-8732-2ec2c6a7205b,,8469f799-0d87-44b4-84e9-b18f6a443ba3,share_purchase,1000,2026-06-14,Imported from sene 2018 (Ethiopian) collection sheet
b4ad2615-f55d-5003-a3b8-50cb3de79797,18556b09-0ab4-5885-9547-840bf5c1f616,,8469f799-0d87-44b4-84e9-b18f6a443ba3,savings_deposit,2000,2026-06-14,Imported from sene 2018 (Ethiopian) collection sheet
a05b4919-0ea1-56b0-8b32-2645df5d951b,f36e90f7-c963-52f0-bbf6-27b03512f8aa,,8469f799-0d87-44b4-84e9-b18f6a443ba3,savings_deposit,300,2026-06-14,Imported from sene 2018 (Ethiopian) collection sheet
c5e714a4-4754-5754-8212-09828f66028f,d4f2023e-279b-5701-8eef-b0a0e9d3688a,,8469f799-0d87-44b4-84e9-b18f6a443ba3,savings_deposit,1000,2026-06-14,Imported from sene 2018 (Ethiopian) collection sheet
58b82ca7-4a39-54ef-95d0-01143b6bc96c,28161268-eba4-517b-aad0-38e29bbf42b4,,8469f799-0d87-44b4-84e9-b18f6a443ba3,savings_deposit,1000,2026-06-14,Imported from sene 2018 (Ethiopian) collection sheet
3fbef08b-3374-547b-8d43-72a37b92a212,28161268-eba4-517b-aad0-38e29bbf42b4,,8469f799-0d87-44b4-84e9-b18f6a443ba3,penalty_payment,50,2026-06-14,Imported from sene 2018 (Ethiopian) collection sheet
868f5166-41c8-5e9d-9752-3e5e7f716bb4,6b0460be-2f71-5133-afa7-dd554cdffd51,,8469f799-0d87-44b4-84e9-b18f6a443ba3,savings_deposit,1000,2026-06-14,Imported from sene 2018 (Ethiopian) collection sheet
811ac02c-a0d8-5945-8e65-d6e1dd77cd24,6b0460be-2f71-5133-afa7-dd554cdffd51,,8469f799-0d87-44b4-84e9-b18f6a443ba3,penalty_payment,50,2026-06-14,Imported from sene 2018 (Ethiopian) collection sheet
9a90ff1f-b57a-5997-8204-422fa50669c1,a98c7ead-82e7-5f45-864a-3bf83a0a2643,,8469f799-0d87-44b4-84e9-b18f6a443ba3,savings_deposit,500,2026-06-14,Imported from sene 2018 (Ethiopian) collection sheet
3bc9af04-5281-5301-8a14-edbbd99c4158,a98c7ead-82e7-5f45-864a-3bf83a0a2643,,8469f799-0d87-44b4-84e9-b18f6a443ba3,share_purchase,30000,2026-06-14,Imported from sene 2018 (Ethiopian) collection sheet
21775d50-3259-5a23-b0b4-1ae1c2971da7,a05a8645-6102-52e9-8c87-199ab572e309,,8469f799-0d87-44b4-84e9-b18f6a443ba3,savings_deposit,1000,2026-06-14,Imported from sene 2018 (Ethiopian) collection sheet
59f8f1bb-d356-58b8-bbeb-504792181f57,37582b03-8054-551a-8d62-3b0ad867c7ac,,8469f799-0d87-44b4-84e9-b18f6a443ba3,savings_deposit,1000,2026-06-14,Imported from sene 2018 (Ethiopian) collection sheet
357f7611-db5a-54ac-829c-a34442e6dd6b,284e696c-3949-5c06-ba88-16fccaa4ade9,,8469f799-0d87-44b4-84e9-b18f6a443ba3,savings_deposit,1000,2026-06-14,Imported from sene 2018 (Ethiopian) collection sheet
861a1053-5c88-5e00-a2bc-466bff4e4722,f5ed49cd-2af4-523f-9a48-b4c14551e8eb,,8469f799-0d87-44b4-84e9-b18f6a443ba3,savings_deposit,500,2026-06-14,Imported from sene 2018 (Ethiopian) collection sheet
873d407e-8440-5ecd-a542-bcf45728e3ea,efb40953-7213-50c9-9529-b8fc3cdb7d92,,8469f799-0d87-44b4-84e9-b18f6a443ba3,savings_deposit,800,2026-06-14,Imported from sene 2018 (Ethiopian) collection sheet
53f96c70-47e2-585d-8612-caaad5ce312d,efb40953-7213-50c9-9529-b8fc3cdb7d92,,8469f799-0d87-44b4-84e9-b18f6a443ba3,share_purchase,2000,2026-06-14,Imported from sene 2018 (Ethiopian) collection sheet
a648509c-a0bf-5089-b69b-b86289be6b4c,efb40953-7213-50c9-9529-b8fc3cdb7d92,,8469f799-0d87-44b4-84e9-b18f6a443ba3,penalty_payment,200,2026-06-14,Imported from sene 2018 (Ethiopian) collection sheet
46faa0c4-51a6-512b-ab76-10c3e3590ce9,ae168754-dc53-53bb-8759-fdf401fd7c06,,8469f799-0d87-44b4-84e9-b18f6a443ba3,savings_deposit,1000,2026-06-14,Imported from sene 2018 (Ethiopian) collection sheet
a1250575-e1ee-565d-9161-d16b278b0979,bef556d7-3b69-5f7b-9805-f9f2d36e7ad4,,8469f799-0d87-44b4-84e9-b18f6a443ba3,savings_deposit,1000,2026-06-14,Imported from sene 2018 (Ethiopian) collection sheet
11e634c0-3096-5def-922c-157e6dc5e3a2,bef556d7-3b69-5f7b-9805-f9f2d36e7ad4,,8469f799-0d87-44b4-84e9-b18f6a443ba3,share_purchase,2000,2026-06-14,Imported from sene 2018 (Ethiopian) collection sheet
bd668911-2221-51fb-adc4-d4e39acdc923,570068f9-c44a-5f37-b264-42d09d4fc9d0,,8469f799-0d87-44b4-84e9-b18f6a443ba3,savings_deposit,1000,2026-06-14,Imported from sene 2018 (Ethiopian) collection sheet
2a55ea82-b26e-5f32-aaeb-72a25d2806c2,570068f9-c44a-5f37-b264-42d09d4fc9d0,,8469f799-0d87-44b4-84e9-b18f6a443ba3,share_purchase,1000,2026-06-14,Imported from sene 2018 (Ethiopian) collection sheet
9d5fa6fb-4980-5bf0-982b-66ef9b64b035,96d80a6e-8b0c-5f54-a94f-6a423e77e285,,8469f799-0d87-44b4-84e9-b18f6a443ba3,savings_deposit,2000,2026-06-14,Imported from sene 2018 (Ethiopian) collection sheet
a7c0200a-3ef6-5d42-8c22-e25363e49fc8,96d80a6e-8b0c-5f54-a94f-6a423e77e285,,8469f799-0d87-44b4-84e9-b18f6a443ba3,share_purchase,1000,2026-06-14,Imported from sene 2018 (Ethiopian) collection sheet
8613330b-74ea-5400-827f-8f34d08ccd19,607b812d-459f-5cab-9340-d4ac3326e983,,8469f799-0d87-44b4-84e9-b18f6a443ba3,savings_deposit,1500,2026-06-14,Imported from sene 2018 (Ethiopian) collection sheet
bd9c7607-92d3-50b1-b68a-66ffb001786c,5906d4be-3a6d-51fc-8fe6-4e5654c5c962,,8469f799-0d87-44b4-84e9-b18f6a443ba3,savings_deposit,1000,2026-06-14,Imported from sene 2018 (Ethiopian) collection sheet
dc8b78a4-5949-5f00-9d27-fd0a2d896850,84fe73ed-e690-590d-8b51-d82f682ef24d,,8469f799-0d87-44b4-84e9-b18f6a443ba3,savings_deposit,950,2026-06-14,Imported from sene 2018 (Ethiopian) collection sheet
253d9a2b-fb72-5df9-becf-bd734caa2aec,84fe73ed-e690-590d-8b51-d82f682ef24d,,8469f799-0d87-44b4-84e9-b18f6a443ba3,share_purchase,4000,2026-06-14,Imported from sene 2018 (Ethiopian) collection sheet
35877fee-35c8-5a7f-9930-990d55b923ad,84fe73ed-e690-590d-8b51-d82f682ef24d,,8469f799-0d87-44b4-84e9-b18f6a443ba3,penalty_payment,50,2026-06-14,Imported from sene 2018 (Ethiopian) collection sheet
c6c1e731-7304-5fb9-970d-972a47d84bab,fbf6ab5b-094d-5b83-aed6-66f7c8169e36,,8469f799-0d87-44b4-84e9-b18f6a443ba3,savings_deposit,1000,2026-06-14,Imported from sene 2018 (Ethiopian) collection sheet
4337abb5-2644-5423-acea-5e699a2c077e,fbf6ab5b-094d-5b83-aed6-66f7c8169e36,,8469f799-0d87-44b4-84e9-b18f6a443ba3,share_purchase,2000,2026-06-14,Imported from sene 2018 (Ethiopian) collection sheet
9ef225d7-ee7e-58d1-8dbf-043b45d0a719,e4ccf2e5-774e-5b15-99a6-973a2b66f4ce,,8469f799-0d87-44b4-84e9-b18f6a443ba3,savings_deposit,1000,2026-06-14,Imported from sene 2018 (Ethiopian) collection sheet
17b8d789-8dff-5bd5-8094-ebe2bc194127,e4ccf2e5-774e-5b15-99a6-973a2b66f4ce,,8469f799-0d87-44b4-84e9-b18f6a443ba3,share_purchase,1000,2026-06-14,Imported from sene 2018 (Ethiopian) collection sheet
7a2204fc-a977-5577-931e-81c2cb6c7edd,bdd7c207-732a-5bb1-b133-60543d8c7d92,,8469f799-0d87-44b4-84e9-b18f6a443ba3,savings_deposit,1000,2026-06-14,Imported from sene 2018 (Ethiopian) collection sheet
61821384-156d-5925-9f6e-718709bcf32e,bdd7c207-732a-5bb1-b133-60543d8c7d92,,8469f799-0d87-44b4-84e9-b18f6a443ba3,share_purchase,2000,2026-06-14,Imported from sene 2018 (Ethiopian) collection sheet
9c733652-858b-52b4-a8c5-48a7a9158f9d,24c594aa-4181-5c0b-a5b7-45ff7c3fa3b0,,8469f799-0d87-44b4-84e9-b18f6a443ba3,savings_deposit,500,2026-06-14,Imported from sene 2018 (Ethiopian) collection sheet
b2eca214-1a72-5779-8ab0-f63ad4ea69d9,24c594aa-4181-5c0b-a5b7-45ff7c3fa3b0,,8469f799-0d87-44b4-84e9-b18f6a443ba3,share_purchase,1000,2026-06-14,Imported from sene 2018 (Ethiopian) collection sheet
af54bdd8-0946-59b8-8db4-4a8d7f4be5a4,a67cebb5-b09e-5a16-8c5b-c6973fdcbd77,,8469f799-0d87-44b4-84e9-b18f6a443ba3,savings_deposit,1000,2026-06-14,Imported from sene 2018 (Ethiopian) collection sheet
b3a3196a-5681-5874-9931-f04fc43fa965,fa0549d4-1b83-5d11-8b62-a4ca6a085063,,8469f799-0d87-44b4-84e9-b18f6a443ba3,savings_deposit,1000,2026-06-14,Imported from sene 2018 (Ethiopian) collection sheet
072b7e1a-b8e9-55fa-ad12-175479820c3e,fa0798ba-fbda-57b6-910d-6ce545d807cb,,8469f799-0d87-44b4-84e9-b18f6a443ba3,savings_deposit,1000,2026-06-14,Imported from sene 2018 (Ethiopian) collection sheet
87a64b3e-3e87-5126-9fcb-26d824465977,fa0798ba-fbda-57b6-910d-6ce545d807cb,,8469f799-0d87-44b4-84e9-b18f6a443ba3,share_purchase,1000,2026-06-14,Imported from sene 2018 (Ethiopian) collection sheet
d21250a1-b472-5839-91b0-8332b1dcc0c3,44494d4f-dbca-596d-ba04-7f0bf8264cef,,8469f799-0d87-44b4-84e9-b18f6a443ba3,savings_deposit,1000,2026-06-14,Imported from sene 2018 (Ethiopian) collection sheet
e22ae003-6c32-539a-9824-2803d46fb38f,44494d4f-dbca-596d-ba04-7f0bf8264cef,,8469f799-0d87-44b4-84e9-b18f6a443ba3,share_purchase,3000,2026-06-14,Imported from sene 2018 (Ethiopian) collection sheet
d47b8b88-41f1-527a-92ad-acbb962d8a83,affc511e-8b76-57f4-9a6f-c2717513f00e,,8469f799-0d87-44b4-84e9-b18f6a443ba3,savings_deposit,500,2026-06-14,Imported from sene 2018 (Ethiopian) collection sheet
4541d9c6-c68c-5ce9-bdb4-024fc056154b,bec2830f-deee-5041-8c34-59d519198cc5,,8469f799-0d87-44b4-84e9-b18f6a443ba3,savings_deposit,500,2026-06-14,Imported from sene 2018 (Ethiopian) collection sheet
46228664-9767-5a7f-995d-62e5449ae66e,724b2186-00c5-596f-8fcf-f163b5e7b692,,8469f799-0d87-44b4-84e9-b18f6a443ba3,savings_deposit,500,2026-06-14,Imported from sene 2018 (Ethiopian) collection sheet
c3824c5b-613c-53ac-a4af-cceec84c05e1,cb63cdfa-da1f-5520-ab57-db6d7c17cb52,,8469f799-0d87-44b4-84e9-b18f6a443ba3,savings_deposit,500,2026-06-14,Imported from sene 2018 (Ethiopian) collection sheet
4a1dcf00-903a-5ac1-aa94-e995dd40e180,93877516-e6ab-5857-8ecf-88ad98cb9ebd,,8469f799-0d87-44b4-84e9-b18f6a443ba3,savings_deposit,1000,2026-06-14,Imported from sene 2018 (Ethiopian) collection sheet
336a5897-e8fa-5548-a43e-ebe4038cb9f7,2d2ae0dc-2a31-5b87-a4f2-b58ccb827786,,8469f799-0d87-44b4-84e9-b18f6a443ba3,savings_deposit,1000,2026-06-14,Imported from sene 2018 (Ethiopian) collection sheet
a5b8e3a6-f155-5801-b56e-498ed8ad8831,e216199c-f2ce-54a1-a11d-f2e82a55208b,,8469f799-0d87-44b4-84e9-b18f6a443ba3,savings_deposit,1000,2026-06-14,Imported from sene 2018 (Ethiopian) collection sheet
7846a8e3-c9c5-50ce-985a-13e6dc137a66,e216199c-f2ce-54a1-a11d-f2e82a55208b,,8469f799-0d87-44b4-84e9-b18f6a443ba3,share_purchase,1000,2026-06-14,Imported from sene 2018 (Ethiopian) collection sheet
77130b68-4d83-5ab1-9e30-e0c3f2fc3077,a7ccd65e-6270-5b5e-8479-48f8636eeb86,,8469f799-0d87-44b4-84e9-b18f6a443ba3,savings_deposit,1000,2026-06-14,Imported from sene 2018 (Ethiopian) collection sheet
c23d6d77-6dc4-5529-a8ba-a3c3f04c078d,3df735ff-5508-55ef-b7cc-a84d6fc248fd,,8469f799-0d87-44b4-84e9-b18f6a443ba3,savings_deposit,1000,2026-06-14,Imported from sene 2018 (Ethiopian) collection sheet
7794ab11-a516-5dff-934c-8b04ce2b440d,3df735ff-5508-55ef-b7cc-a84d6fc248fd,,8469f799-0d87-44b4-84e9-b18f6a443ba3,share_purchase,1000,2026-06-14,Imported from sene 2018 (Ethiopian) collection sheet
1d26baf0-18e4-545f-a5ed-b8f2a7d62f8e,738df8f8-ea60-5f98-bcf8-7afbe58e00d8,,8469f799-0d87-44b4-84e9-b18f6a443ba3,savings_deposit,1000,2026-06-14,Imported from sene 2018 (Ethiopian) collection sheet
71ab1396-9e09-565f-a2b9-cb1327d119f9,738df8f8-ea60-5f98-bcf8-7afbe58e00d8,,8469f799-0d87-44b4-84e9-b18f6a443ba3,share_purchase,1000,2026-06-14,Imported from sene 2018 (Ethiopian) collection sheet
dc925767-5b38-5d66-94c5-9e19ba5a8a28,abb99ed7-0b31-59eb-85f1-e1e2d9f77a9f,,8469f799-0d87-44b4-84e9-b18f6a443ba3,savings_deposit,1000,2026-06-14,Imported from sene 2018 (Ethiopian) collection sheet
c95a6d65-861a-5d6f-8c89-14e47365f2ce,abb99ed7-0b31-59eb-85f1-e1e2d9f77a9f,,8469f799-0d87-44b4-84e9-b18f6a443ba3,share_purchase,500,2026-06-14,Imported from sene 2018 (Ethiopian) collection sheet
be1e16e8-29d6-543f-ba95-3f68c90977e7,2a7b383f-8231-5fd6-b410-12931339fefc,,8469f799-0d87-44b4-84e9-b18f6a443ba3,savings_deposit,2000,2026-06-14,Imported from sene 2018 (Ethiopian) collection sheet
eeae23e5-d9a8-536d-b6bf-4b4693a230c4,2a7b383f-8231-5fd6-b410-12931339fefc,,8469f799-0d87-44b4-84e9-b18f6a443ba3,share_purchase,4000,2026-06-14,Imported from sene 2018 (Ethiopian) collection sheet
56a8df61-43fe-568b-becc-78b474a8b910,807ca310-6e27-5fb2-9afb-11928bb73bff,,8469f799-0d87-44b4-84e9-b18f6a443ba3,savings_deposit,2000,2026-06-14,Imported from sene 2018 (Ethiopian) collection sheet
1fb96437-a165-58d6-b1a9-6c0568325b0d,807ca310-6e27-5fb2-9afb-11928bb73bff,,8469f799-0d87-44b4-84e9-b18f6a443ba3,share_purchase,8000,2026-06-14,Imported from sene 2018 (Ethiopian) collection sheet
6ca0d9e3-83b3-5cea-943b-e7a14466c44b,d0acd2bc-66f6-52d7-bebf-e196efeefc68,,8469f799-0d87-44b4-84e9-b18f6a443ba3,savings_deposit,1000,2026-06-14,Imported from sene 2018 (Ethiopian) collection sheet
f99241a7-1685-5330-989b-39d50ebb374e,269bee2a-93e6-5eaa-a322-25124135a6ad,,8469f799-0d87-44b4-84e9-b18f6a443ba3,savings_deposit,1000,2026-06-14,Imported from sene 2018 (Ethiopian) collection sheet
4f6b9f43-5011-562c-a38a-d90398bb49bb,b56dc347-8878-551f-84b4-49aeda4d1f3f,,8469f799-0d87-44b4-84e9-b18f6a443ba3,savings_deposit,1000,2026-06-14,Imported from sene 2018 (Ethiopian) collection sheet
b62f2a2e-da26-5850-a52d-444923bf0b55,b66e05c0-f352-5485-9929-0c041809fd92,,8469f799-0d87-44b4-84e9-b18f6a443ba3,savings_deposit,1000,2026-06-14,Imported from sene 2018 (Ethiopian) collection sheet
85c9f2c1-37dc-5c9a-ae57-36658d7bb48c,e1a9c16a-40d9-5579-8ff8-5f850d010dbb,,8469f799-0d87-44b4-84e9-b18f6a443ba3,savings_deposit,1000,2026-06-14,Imported from sene 2018 (Ethiopian) collection sheet
4d6178df-fd1c-5d93-bf40-62cea76e1aa4,e1a9c16a-40d9-5579-8ff8-5f850d010dbb,,8469f799-0d87-44b4-84e9-b18f6a443ba3,share_purchase,5000,2026-06-14,Imported from sene 2018 (Ethiopian) collection sheet
6557f3dc-7dc0-5cb0-8e16-84500c774c10,3f0a2131-a69d-5144-9bc8-470ae4ac8e89,,8469f799-0d87-44b4-84e9-b18f6a443ba3,savings_deposit,1000,2026-06-14,Imported from sene 2018 (Ethiopian) collection sheet
ede29b93-90f1-5b6e-b389-84e6f7809ab8,d80254d8-c851-5fc7-add0-dd5102b7e809,,8469f799-0d87-44b4-84e9-b18f6a443ba3,savings_deposit,1000,2026-06-14,Imported from sene 2018 (Ethiopian) collection sheet
b80e135c-878b-5d4d-a5a5-0335a07645e1,d80254d8-c851-5fc7-add0-dd5102b7e809,,8469f799-0d87-44b4-84e9-b18f6a443ba3,share_purchase,1000,2026-06-14,Imported from sene 2018 (Ethiopian) collection sheet
a8f0738e-d21a-5402-843c-2b8d38f20054,e053677a-e1cf-596f-a283-6efaddb2a136,,8469f799-0d87-44b4-84e9-b18f6a443ba3,savings_deposit,1000,2026-06-14,Imported from sene 2018 (Ethiopian) collection sheet
ea5440e4-d35e-5886-9291-9317468c0217,e053677a-e1cf-596f-a283-6efaddb2a136,,8469f799-0d87-44b4-84e9-b18f6a443ba3,share_purchase,2000,2026-06-14,Imported from sene 2018 (Ethiopian) collection sheet
00111e1e-60ee-5ebb-913a-ed52f864d504,e053677a-e1cf-596f-a283-6efaddb2a136,,8469f799-0d87-44b4-84e9-b18f6a443ba3,registration_fee,400,2026-06-14,Imported from sene 2018 (Ethiopian) collection sheet
92d10a64-f31a-5038-bd2d-2b03cddf52c2,e053677a-e1cf-596f-a283-6efaddb2a136,,8469f799-0d87-44b4-84e9-b18f6a443ba3,card_fee,150,2026-06-14,Imported from sene 2018 (Ethiopian) collection sheet
0219e391-2926-586d-8318-925b8454c61e,81288ea4-b7f9-563b-9c12-4a9d14d9bf7d,,8469f799-0d87-44b4-84e9-b18f6a443ba3,savings_deposit,1000,2026-06-14,Imported from sene 2018 (Ethiopian) collection sheet
d11ef2cf-1927-5c85-b9c1-90b1078e4a37,81288ea4-b7f9-563b-9c12-4a9d14d9bf7d,,8469f799-0d87-44b4-84e9-b18f6a443ba3,share_purchase,2000,2026-06-14,Imported from sene 2018 (Ethiopian) collection sheet
b3b11677-2745-5e4d-8832-dfc06d687267,81288ea4-b7f9-563b-9c12-4a9d14d9bf7d,,8469f799-0d87-44b4-84e9-b18f6a443ba3,registration_fee,400,2026-06-14,Imported from sene 2018 (Ethiopian) collection sheet
63c619a2-a8c1-58bb-9e6e-d4f4a6cb64af,81288ea4-b7f9-563b-9c12-4a9d14d9bf7d,,8469f799-0d87-44b4-84e9-b18f6a443ba3,card_fee,150,2026-06-14,Imported from sene 2018 (Ethiopian) collection sheet
0a23b3c3-5c60-53df-b5a8-843aa438465e,970be10c-17c1-57f4-958d-b31cdb89a9d9,,8469f799-0d87-44b4-84e9-b18f6a443ba3,savings_deposit,1000,2026-06-14,Imported from sene 2018 (Ethiopian) collection sheet
347d5aa4-ce71-535b-a437-5271212634c6,970be10c-17c1-57f4-958d-b31cdb89a9d9,,8469f799-0d87-44b4-84e9-b18f6a443ba3,share_purchase,2000,2026-06-14,Imported from sene 2018 (Ethiopian) collection sheet
b503528f-cdcf-547e-9c1b-a8d92dfea7e2,970be10c-17c1-57f4-958d-b31cdb89a9d9,,8469f799-0d87-44b4-84e9-b18f6a443ba3,registration_fee,400,2026-06-14,Imported from sene 2018 (Ethiopian) collection sheet
237651a4-1ae6-518c-9500-4180009da689,970be10c-17c1-57f4-958d-b31cdb89a9d9,,8469f799-0d87-44b4-84e9-b18f6a443ba3,card_fee,150,2026-06-14,Imported from sene 2018 (Ethiopian) collection sheet
66a8b51e-7422-55b3-b10e-b1d1e5c65e81,ee1e69de-a7f2-528e-8a9b-ddc822f9fa2c,,8469f799-0d87-44b4-84e9-b18f6a443ba3,savings_deposit,1000,2026-06-14,Imported from sene 2018 (Ethiopian) collection sheet
3faf4369-a003-50e1-92c9-949210722053,ee1e69de-a7f2-528e-8a9b-ddc822f9fa2c,,8469f799-0d87-44b4-84e9-b18f6a443ba3,share_purchase,1000,2026-06-14,Imported from sene 2018 (Ethiopian) collection sheet
2f7a644f-a976-50f5-8a2c-f0956c6bd58b,ee1e69de-a7f2-528e-8a9b-ddc822f9fa2c,,8469f799-0d87-44b4-84e9-b18f6a443ba3,registration_fee,400,2026-06-14,Imported from sene 2018 (Ethiopian) collection sheet
24c791b8-39e5-5bdc-b910-1a776bba262e,ee1e69de-a7f2-528e-8a9b-ddc822f9fa2c,,8469f799-0d87-44b4-84e9-b18f6a443ba3,card_fee,150,2026-06-14,Imported from sene 2018 (Ethiopian) collection sheet
93347d16-f8f8-5b78-81a4-f4b976294bc0,ddc514dd-8a84-5b7e-a501-88fdbfec0106,,8469f799-0d87-44b4-84e9-b18f6a443ba3,savings_deposit,1000,2025-09-14,"Imported from meskerem 2018 (Ethiopian) collection sheet; row recorded under name ""መቅደስ ዱባለ ገብሬ"" — merged to reference member #247 (መቅደላዊት ዱባለ ገብሬ) as closest name match per explicit user instruction, not auto-matched originally"
dcbeae39-5446-5b51-9aba-8de2a32bd048,ddc514dd-8a84-5b7e-a501-88fdbfec0106,,8469f799-0d87-44b4-84e9-b18f6a443ba3,share_purchase,2000,2025-09-14,"Imported from meskerem 2018 (Ethiopian) collection sheet; row recorded under name ""መቅደስ ዱባለ ገብሬ"" — merged to reference member #247 (መቅደላዊት ዱባለ ገብሬ) as closest name match per explicit user instruction, not auto-matched originally"
ce806ffc-5884-51f9-a763-b0d2cf299fe9,7985d6cf-d3d7-54e1-934e-55ea3e0244e1,,8469f799-0d87-44b4-84e9-b18f6a443ba3,savings_deposit,1000,2025-09-14,"Imported from meskerem 2018 (Ethiopian) collection sheet; row recorded under name ""ተዋበች ዲሮ ሚታ"" — merged to reference member #263 (ተዋበች ዲሮ ሜታ) as closest name match per explicit user instruction, not auto-matched originally"
9167f11d-5cfe-5d4f-826d-d0aca2810581,7985d6cf-d3d7-54e1-934e-55ea3e0244e1,,8469f799-0d87-44b4-84e9-b18f6a443ba3,share_purchase,1000,2025-09-14,"Imported from meskerem 2018 (Ethiopian) collection sheet; row recorded under name ""ተዋበች ዲሮ ሚታ"" — merged to reference member #263 (ተዋበች ዲሮ ሜታ) as closest name match per explicit user instruction, not auto-matched originally"
f65662c2-b9e8-51be-a61b-c6fb99588240,2026c4da-1714-521d-8595-16301af3fd86,,8469f799-0d87-44b4-84e9-b18f6a443ba3,savings_deposit,300,2025-09-14,"Imported from meskerem 2018 (Ethiopian) collection sheet; row recorded under name ""ሻ/ ስሚ ጉታ"" — merged to reference member #264 (ሻ/ ስሜ ጉታ) as closest name match per explicit user instruction, not auto-matched originally"
d79ad48c-dd5e-5b7e-8775-febcfe7c355c,51987227-8d50-5cc6-b629-42d0dc1ec837,,8469f799-0d87-44b4-84e9-b18f6a443ba3,savings_deposit,950,2025-09-14,"Imported from meskerem 2018 (Ethiopian) collection sheet; row recorded under name ""አበበ እሽዕቱ ተሰማ"" — merged to reference member #275 (አበበ እሽቱ ተሰማ) as closest name match per explicit user instruction, not auto-matched originally"
40326b1d-3810-54fd-a0c9-70316f8a5864,51987227-8d50-5cc6-b629-42d0dc1ec837,,8469f799-0d87-44b4-84e9-b18f6a443ba3,penalty_payment,50,2025-09-14,"Imported from meskerem 2018 (Ethiopian) collection sheet; row recorded under name ""አበበ እሽዕቱ ተሰማ"" — merged to reference member #275 (አበበ እሽቱ ተሰማ) as closest name match per explicit user instruction, not auto-matched originally"
42ad52bc-87e9-537d-bf23-ccc1f444aaae,37582b03-8054-551a-8d62-3b0ad867c7ac,,8469f799-0d87-44b4-84e9-b18f6a443ba3,savings_deposit,1450,2025-09-14,"Imported from meskerem 2018 (Ethiopian) collection sheet; row recorded under name ""ትግስት አየለ ሙሉኔህ"" — merged to reference member #329 (ትግስት አየለ ሙሉነህ) as closest name match per explicit user instruction, not auto-matched originally"
23bb4476-0455-5388-bfa4-f20eb19f6e87,37582b03-8054-551a-8d62-3b0ad867c7ac,,8469f799-0d87-44b4-84e9-b18f6a443ba3,share_purchase,10000,2025-09-14,"Imported from meskerem 2018 (Ethiopian) collection sheet; row recorded under name ""ትግስት አየለ ሙሉኔህ"" — merged to reference member #329 (ትግስት አየለ ሙሉነህ) as closest name match per explicit user instruction, not auto-matched originally"
5b164ce3-52bb-51b6-9910-3e06d4898fe0,37582b03-8054-551a-8d62-3b0ad867c7ac,,8469f799-0d87-44b4-84e9-b18f6a443ba3,registration_fee,400,2025-09-14,"Imported from meskerem 2018 (Ethiopian) collection sheet; row recorded under name ""ትግስት አየለ ሙሉኔህ"" — merged to reference member #329 (ትግስት አየለ ሙሉነህ) as closest name match per explicit user instruction, not auto-matched originally"
b1ae669a-99e2-5915-b160-865e220c1eab,37582b03-8054-551a-8d62-3b0ad867c7ac,,8469f799-0d87-44b4-84e9-b18f6a443ba3,card_fee,150,2025-09-14,"Imported from meskerem 2018 (Ethiopian) collection sheet; row recorded under name ""ትግስት አየለ ሙሉኔህ"" — merged to reference member #329 (ትግስት አየለ ሙሉነህ) as closest name match per explicit user instruction, not auto-matched originally"
bcc9750b-b685-5b37-bcb0-740e2602a6df,ddc514dd-8a84-5b7e-a501-88fdbfec0106,,8469f799-0d87-44b4-84e9-b18f6a443ba3,savings_deposit,1000,2025-10-12,"Imported from tikimt 2018 (Ethiopian) collection sheet; row recorded under name ""መቅደስ ዱባለ ገብሬ"" — merged to reference member #247 (መቅደላዊት ዱባለ ገብሬ) as closest name match per explicit user instruction, not auto-matched originally"
84ed3073-3780-5394-9fb9-8a1cc88dfd9c,ddc514dd-8a84-5b7e-a501-88fdbfec0106,,8469f799-0d87-44b4-84e9-b18f6a443ba3,share_purchase,1000,2025-10-12,"Imported from tikimt 2018 (Ethiopian) collection sheet; row recorded under name ""መቅደስ ዱባለ ገብሬ"" — merged to reference member #247 (መቅደላዊት ዱባለ ገብሬ) as closest name match per explicit user instruction, not auto-matched originally"
9069dcc9-461f-5554-aea2-364efa965445,7985d6cf-d3d7-54e1-934e-55ea3e0244e1,,8469f799-0d87-44b4-84e9-b18f6a443ba3,savings_deposit,300,2025-10-12,"Imported from tikimt 2018 (Ethiopian) collection sheet; row recorded under name ""ተዋበች ዲሮ ሚታ"" — merged to reference member #263 (ተዋበች ዲሮ ሜታ) as closest name match per explicit user instruction, not auto-matched originally"
15819416-b8dc-5b70-88c6-aef0b56272f9,7985d6cf-d3d7-54e1-934e-55ea3e0244e1,,8469f799-0d87-44b4-84e9-b18f6a443ba3,share_purchase,2000,2025-10-12,"Imported from tikimt 2018 (Ethiopian) collection sheet; row recorded under name ""ተዋበች ዲሮ ሚታ"" — merged to reference member #263 (ተዋበች ዲሮ ሜታ) as closest name match per explicit user instruction, not auto-matched originally"
ef64f3a8-4722-5492-be45-53764b418b08,2026c4da-1714-521d-8595-16301af3fd86,,8469f799-0d87-44b4-84e9-b18f6a443ba3,savings_deposit,300,2025-10-12,"Imported from tikimt 2018 (Ethiopian) collection sheet; row recorded under name ""ሻ/ ስሚ ጉታ"" — merged to reference member #264 (ሻ/ ስሜ ጉታ) as closest name match per explicit user instruction, not auto-matched originally"
8e9698e8-503b-5dbe-b2a5-3c9345d831f9,51987227-8d50-5cc6-b629-42d0dc1ec837,,8469f799-0d87-44b4-84e9-b18f6a443ba3,savings_deposit,1000,2025-10-12,"Imported from tikimt 2018 (Ethiopian) collection sheet; row recorded under name ""አበበ እሽዕቱ ተሰማ"" — merged to reference member #275 (አበበ እሽቱ ተሰማ) as closest name match per explicit user instruction, not auto-matched originally"
c515eacb-2bea-5738-b120-a1963bfe633d,37582b03-8054-551a-8d62-3b0ad867c7ac,,8469f799-0d87-44b4-84e9-b18f6a443ba3,savings_deposit,1000,2025-10-12,"Imported from tikimt 2018 (Ethiopian) collection sheet; row recorded under name ""ትግስት አየለ ሙሉኔህ"" — merged to reference member #329 (ትግስት አየለ ሙሉነህ) as closest name match per explicit user instruction, not auto-matched originally"
476a9b23-30bc-5d13-85f0-65ab46300556,ddc514dd-8a84-5b7e-a501-88fdbfec0106,,8469f799-0d87-44b4-84e9-b18f6a443ba3,savings_deposit,1000,2025-11-16,"Imported from hidar 2018 (Ethiopian) collection sheet; row recorded under name ""መቅደስ ዱባለ ገብሬ"" — merged to reference member #247 (መቅደላዊት ዱባለ ገብሬ) as closest name match per explicit user instruction, not auto-matched originally"
d565c3b5-3597-52cf-b3c4-95b421311d40,ddc514dd-8a84-5b7e-a501-88fdbfec0106,,8469f799-0d87-44b4-84e9-b18f6a443ba3,share_purchase,1000,2025-11-16,"Imported from hidar 2018 (Ethiopian) collection sheet; row recorded under name ""መቅደስ ዱባለ ገብሬ"" — merged to reference member #247 (መቅደላዊት ዱባለ ገብሬ) as closest name match per explicit user instruction, not auto-matched originally"
330c9ff2-de74-594d-931b-1d83ace2f799,7985d6cf-d3d7-54e1-934e-55ea3e0244e1,,8469f799-0d87-44b4-84e9-b18f6a443ba3,savings_deposit,300,2025-11-16,"Imported from hidar 2018 (Ethiopian) collection sheet; row recorded under name ""ተዋበች ዲሮ ሚታ"" — merged to reference member #263 (ተዋበች ዲሮ ሜታ) as closest name match per explicit user instruction, not auto-matched originally"
0e872299-6b2c-5783-b003-0d4dde505d50,7985d6cf-d3d7-54e1-934e-55ea3e0244e1,,8469f799-0d87-44b4-84e9-b18f6a443ba3,share_purchase,1700,2025-11-16,"Imported from hidar 2018 (Ethiopian) collection sheet; row recorded under name ""ተዋበች ዲሮ ሚታ"" — merged to reference member #263 (ተዋበች ዲሮ ሜታ) as closest name match per explicit user instruction, not auto-matched originally"
ee02ffd2-6495-508a-ab63-98c0421fb164,2026c4da-1714-521d-8595-16301af3fd86,,8469f799-0d87-44b4-84e9-b18f6a443ba3,savings_deposit,300,2025-11-16,"Imported from hidar 2018 (Ethiopian) collection sheet; row recorded under name ""ሻ/ ስሚ ጉታ"" — merged to reference member #264 (ሻ/ ስሜ ጉታ) as closest name match per explicit user instruction, not auto-matched originally"
d197ab61-02bc-5114-a8a4-fc6cd95b6d08,51987227-8d50-5cc6-b629-42d0dc1ec837,,8469f799-0d87-44b4-84e9-b18f6a443ba3,savings_deposit,500,2025-11-16,"Imported from hidar 2018 (Ethiopian) collection sheet; row recorded under name ""አበበ እሽዕቱ ተሰማ"" — merged to reference member #275 (አበበ እሽቱ ተሰማ) as closest name match per explicit user instruction, not auto-matched originally"
5e42eddb-83a4-5a42-8307-5fe83f0f3f05,51987227-8d50-5cc6-b629-42d0dc1ec837,,8469f799-0d87-44b4-84e9-b18f6a443ba3,share_purchase,500,2025-11-16,"Imported from hidar 2018 (Ethiopian) collection sheet; row recorded under name ""አበበ እሽዕቱ ተሰማ"" — merged to reference member #275 (አበበ እሽቱ ተሰማ) as closest name match per explicit user instruction, not auto-matched originally"
5f5279a5-ce0f-5536-9461-4c78f62d3e6e,37582b03-8054-551a-8d62-3b0ad867c7ac,,8469f799-0d87-44b4-84e9-b18f6a443ba3,savings_deposit,1000,2025-11-16,"Imported from hidar 2018 (Ethiopian) collection sheet; row recorded under name ""ትግስት አየለ ሙሉኔህ"" — merged to reference member #329 (ትግስት አየለ ሙሉነህ) as closest name match per explicit user instruction, not auto-matched originally"
6820ba96-3f54-5e00-b69e-3d1f15385c10,ddc514dd-8a84-5b7e-a501-88fdbfec0106,,8469f799-0d87-44b4-84e9-b18f6a443ba3,savings_deposit,1000,2025-12-14,"Imported from tahsas 2018 (Ethiopian) collection sheet; row recorded under name ""መቅደስ ዱባለ ገብሬ"" — merged to reference member #247 (መቅደላዊት ዱባለ ገብሬ) as closest name match per explicit user instruction, not auto-matched originally"
f870d387-9970-5b5b-9eb8-597fa2510b27,ddc514dd-8a84-5b7e-a501-88fdbfec0106,,8469f799-0d87-44b4-84e9-b18f6a443ba3,share_purchase,1000,2025-12-14,"Imported from tahsas 2018 (Ethiopian) collection sheet; row recorded under name ""መቅደስ ዱባለ ገብሬ"" — merged to reference member #247 (መቅደላዊት ዱባለ ገብሬ) as closest name match per explicit user instruction, not auto-matched originally"
a079e455-f755-5934-8d95-3c717200271a,7985d6cf-d3d7-54e1-934e-55ea3e0244e1,,8469f799-0d87-44b4-84e9-b18f6a443ba3,savings_deposit,1000,2025-12-14,"Imported from tahsas 2018 (Ethiopian) collection sheet; row recorded under name ""ተዋበች ዲሮ ሚታ"" — merged to reference member #263 (ተዋበች ዲሮ ሜታ) as closest name match per explicit user instruction, not auto-matched originally"
c24164eb-841b-5ba5-9e05-9eec60e4a809,7985d6cf-d3d7-54e1-934e-55ea3e0244e1,,8469f799-0d87-44b4-84e9-b18f6a443ba3,share_purchase,1000,2025-12-14,"Imported from tahsas 2018 (Ethiopian) collection sheet; row recorded under name ""ተዋበች ዲሮ ሚታ"" — merged to reference member #263 (ተዋበች ዲሮ ሜታ) as closest name match per explicit user instruction, not auto-matched originally"
b7b900e2-449a-5141-8f6b-8914b56877be,2026c4da-1714-521d-8595-16301af3fd86,,8469f799-0d87-44b4-84e9-b18f6a443ba3,savings_deposit,300,2025-12-14,"Imported from tahsas 2018 (Ethiopian) collection sheet; row recorded under name ""ሻ/ ስሚ ጉታ"" — merged to reference member #264 (ሻ/ ስሜ ጉታ) as closest name match per explicit user instruction, not auto-matched originally"
772b0865-1069-5eec-9f1b-b8223ece6732,51987227-8d50-5cc6-b629-42d0dc1ec837,,8469f799-0d87-44b4-84e9-b18f6a443ba3,savings_deposit,500,2025-12-14,"Imported from tahsas 2018 (Ethiopian) collection sheet; row recorded under name ""አበበ እሽዕቱ ተሰማ"" — merged to reference member #275 (አበበ እሽቱ ተሰማ) as closest name match per explicit user instruction, not auto-matched originally"
8c307a7e-83df-5dae-9304-c63d98242c07,51987227-8d50-5cc6-b629-42d0dc1ec837,,8469f799-0d87-44b4-84e9-b18f6a443ba3,share_purchase,500,2025-12-14,"Imported from tahsas 2018 (Ethiopian) collection sheet; row recorded under name ""አበበ እሽዕቱ ተሰማ"" — merged to reference member #275 (አበበ እሽቱ ተሰማ) as closest name match per explicit user instruction, not auto-matched originally"
196e8870-1a4f-5fe9-bc00-0406bace2b88,37582b03-8054-551a-8d62-3b0ad867c7ac,,8469f799-0d87-44b4-84e9-b18f6a443ba3,savings_deposit,1000,2025-12-14,"Imported from tahsas 2018 (Ethiopian) collection sheet; row recorded under name ""ትግስት አየለ ሙሉኔህ"" — merged to reference member #329 (ትግስት አየለ ሙሉነህ) as closest name match per explicit user instruction, not auto-matched originally"
507ca944-2dd3-5263-8669-3734dd07d9b0,7985d6cf-d3d7-54e1-934e-55ea3e0244e1,,8469f799-0d87-44b4-84e9-b18f6a443ba3,savings_deposit,2000,2026-01-11,"Imported from ter 2018 (Ethiopian) collection sheet; row recorded under name ""ተዋበች ዲሮ ሚታ"" — merged to reference member #263 (ተዋበች ዲሮ ሜታ) as closest name match per explicit user instruction, not auto-matched originally"
2e356218-32a4-581f-ac57-5daef3ccedc8,7985d6cf-d3d7-54e1-934e-55ea3e0244e1,,8469f799-0d87-44b4-84e9-b18f6a443ba3,share_purchase,1000,2026-01-11,"Imported from ter 2018 (Ethiopian) collection sheet; row recorded under name ""ተዋበች ዲሮ ሚታ"" — merged to reference member #263 (ተዋበች ዲሮ ሜታ) as closest name match per explicit user instruction, not auto-matched originally"
cd64ec60-d892-5d6d-941e-f5fd5552bd67,2026c4da-1714-521d-8595-16301af3fd86,,8469f799-0d87-44b4-84e9-b18f6a443ba3,savings_deposit,300,2026-01-11,"Imported from ter 2018 (Ethiopian) collection sheet; row recorded under name ""ሻ/ ስሚ ጉታ"" — merged to reference member #264 (ሻ/ ስሜ ጉታ) as closest name match per explicit user instruction, not auto-matched originally"
93d566a7-9f0d-55b3-91f5-5b0b06f6cced,e216199c-f2ce-54a1-a11d-f2e82a55208b,,8469f799-0d87-44b4-84e9-b18f6a443ba3,savings_deposit,450,2026-01-11,"Imported from ter 2018 (Ethiopian) collection sheet; row recorded under name ""እቴኑ ደሱ ጫታ"" — merged to reference member #355 (እቴኑ ዲሮ ሜታ) as closest name match per explicit user instruction, not auto-matched originally"
ba19f7d9-bdd1-5694-b391-b892d455b1ef,e216199c-f2ce-54a1-a11d-f2e82a55208b,,8469f799-0d87-44b4-84e9-b18f6a443ba3,share_purchase,5000,2026-01-11,"Imported from ter 2018 (Ethiopian) collection sheet; row recorded under name ""እቴኑ ደሱ ጫታ"" — merged to reference member #355 (እቴኑ ዲሮ ሜታ) as closest name match per explicit user instruction, not auto-matched originally"
f8ef1c7a-7562-591b-a616-5996ed844b45,e216199c-f2ce-54a1-a11d-f2e82a55208b,,8469f799-0d87-44b4-84e9-b18f6a443ba3,registration_fee,400,2026-01-11,"Imported from ter 2018 (Ethiopian) collection sheet; row recorded under name ""እቴኑ ደሱ ጫታ"" — merged to reference member #355 (እቴኑ ዲሮ ሜታ) as closest name match per explicit user instruction, not auto-matched originally"
5de2503c-639b-584f-ab34-9ba1491905b8,e216199c-f2ce-54a1-a11d-f2e82a55208b,,8469f799-0d87-44b4-84e9-b18f6a443ba3,card_fee,150,2026-01-11,"Imported from ter 2018 (Ethiopian) collection sheet; row recorded under name ""እቴኑ ደሱ ጫታ"" — merged to reference member #355 (እቴኑ ዲሮ ሜታ) as closest name match per explicit user instruction, not auto-matched originally"
7f69c3d2-fb4c-51da-aee8-0e0ef9cd7488,7985d6cf-d3d7-54e1-934e-55ea3e0244e1,,8469f799-0d87-44b4-84e9-b18f6a443ba3,savings_deposit,300,2026-02-08,"Imported from yekatit 2018 (Ethiopian) collection sheet; row recorded under name ""ተዋበች ዲሮ ሚታ"" — merged to reference member #263 (ተዋበች ዲሮ ሜታ) as closest name match per explicit user instruction, not auto-matched originally"
1a141616-721a-5f40-8a80-3ab26531d49e,7985d6cf-d3d7-54e1-934e-55ea3e0244e1,,8469f799-0d87-44b4-84e9-b18f6a443ba3,share_purchase,1700,2026-02-08,"Imported from yekatit 2018 (Ethiopian) collection sheet; row recorded under name ""ተዋበች ዲሮ ሚታ"" — merged to reference member #263 (ተዋበች ዲሮ ሜታ) as closest name match per explicit user instruction, not auto-matched originally"
0c4e2361-f21a-5d38-8df8-43f8a3229545,2026c4da-1714-521d-8595-16301af3fd86,,8469f799-0d87-44b4-84e9-b18f6a443ba3,savings_deposit,300,2026-02-08,"Imported from yekatit 2018 (Ethiopian) collection sheet; row recorded under name ""ሻ/ ስሚ ጉታ"" — merged to reference member #264 (ሻ/ ስሜ ጉታ) as closest name match per explicit user instruction, not auto-matched originally"
b2bbf061-b8ea-5b81-ad7d-5b1e9ffe5598,2026c4da-1714-521d-8595-16301af3fd86,,8469f799-0d87-44b4-84e9-b18f6a443ba3,share_purchase,1000,2026-02-08,"Imported from yekatit 2018 (Ethiopian) collection sheet; row recorded under name ""ሻ/ ስሚ ጉታ"" — merged to reference member #264 (ሻ/ ስሜ ጉታ) as closest name match per explicit user instruction, not auto-matched originally"
12d05b6f-973d-5e60-8b13-020a0f877e40,e216199c-f2ce-54a1-a11d-f2e82a55208b,,8469f799-0d87-44b4-84e9-b18f6a443ba3,savings_deposit,1000,2026-02-08,"Imported from yekatit 2018 (Ethiopian) collection sheet; row recorded under name ""እቴኑ ደሱ ጫታ"" — merged to reference member #355 (እቴኑ ዲሮ ሜታ) as closest name match per explicit user instruction, not auto-matched originally"
10feaaa1-548f-5c36-af17-b4f94f626685,e216199c-f2ce-54a1-a11d-f2e82a55208b,,8469f799-0d87-44b4-84e9-b18f6a443ba3,share_purchase,300,2026-02-08,"Imported from yekatit 2018 (Ethiopian) collection sheet; row recorded under name ""እቴኑ ደሱ ጫታ"" — merged to reference member #355 (እቴኑ ዲሮ ሜታ) as closest name match per explicit user instruction, not auto-matched originally"
ca21a9ff-df93-593c-84b4-0e926d04d9ea,7985d6cf-d3d7-54e1-934e-55ea3e0244e1,,8469f799-0d87-44b4-84e9-b18f6a443ba3,savings_deposit,619,2026-03-15,"Imported from megabit 2018 (Ethiopian) collection sheet; row recorded under name ""ተዋበች ዲሮ ሚታ"" — merged to reference member #263 (ተዋበች ዲሮ ሜታ) as closest name match per explicit user instruction, not auto-matched originally"
c1535527-3863-52b9-9eea-6b8909b844e0,2026c4da-1714-521d-8595-16301af3fd86,,8469f799-0d87-44b4-84e9-b18f6a443ba3,savings_deposit,1000,2026-03-15,"Imported from megabit 2018 (Ethiopian) collection sheet; row recorded under name ""ሻ/ ስሚ ጉታ"" — merged to reference member #264 (ሻ/ ስሜ ጉታ) as closest name match per explicit user instruction, not auto-matched originally"
e1290d7d-a6a1-5407-8859-73f2c35b475a,e216199c-f2ce-54a1-a11d-f2e82a55208b,,8469f799-0d87-44b4-84e9-b18f6a443ba3,savings_deposit,300,2026-03-15,"Imported from megabit 2018 (Ethiopian) collection sheet; row recorded under name ""እቴኑ ደሱ ጫታ"" — merged to reference member #355 (እቴኑ ዲሮ ሜታ) as closest name match per explicit user instruction, not auto-matched originally"
3fb13123-97c4-503f-bba4-534e220c7017,e216199c-f2ce-54a1-a11d-f2e82a55208b,,8469f799-0d87-44b4-84e9-b18f6a443ba3,share_purchase,1700,2026-03-15,"Imported from megabit 2018 (Ethiopian) collection sheet; row recorded under name ""እቴኑ ደሱ ጫታ"" — merged to reference member #355 (እቴኑ ዲሮ ሜታ) as closest name match per explicit user instruction, not auto-matched originally"
